<?xml version="1.0" encoding="utf-8" ?>
<kml xmlns="http://www.opengis.net/kml/2.2">
<Document id="root_doc">
<Schema name="Final_zoning_delhi" id="Final_zoning_delhi">
	<SimpleField name="descriptio" type="string"></SimpleField>
	<SimpleField name="timestamp" type="string"></SimpleField>
	<SimpleField name="begin" type="string"></SimpleField>
	<SimpleField name="end" type="string"></SimpleField>
	<SimpleField name="altitudeMo" type="string"></SimpleField>
	<SimpleField name="tessellate" type="float"></SimpleField>
	<SimpleField name="extrude" type="float"></SimpleField>
	<SimpleField name="visibility" type="float"></SimpleField>
	<SimpleField name="drawOrder" type="float"></SimpleField>
	<SimpleField name="icon" type="string"></SimpleField>
	<SimpleField name="Ward_Name" type="string"></SimpleField>
	<SimpleField name="Ward_No" type="string"></SimpleField>
	<SimpleField name="internal" type="float"></SimpleField>
	<SimpleField name="Zone_no" type="float"></SimpleField>
	<SimpleField name="ycoord" type="float"></SimpleField>
</Schema>
<Folder><name>Final_zoning_delhi</name>
  <Placemark>
	<Style><LineStyle><color>ff0000ff</color></LineStyle><PolyStyle><fill>0</fill></PolyStyle></Style>
	<ExtendedData><SchemaData schemaUrl="#Final_zoning_delhi">
		<SimpleData name="tessellate">-1</SimpleData>
		<SimpleData name="extrude">0</SimpleData>
		<SimpleData name="visibility">-1</SimpleData>
		<SimpleData name="Ward_Name">DELHI CANTT CHARGE 1</SimpleData>
		<SimpleData name="Ward_No">CANT_1</SimpleData>
		<SimpleData name="internal">0</SimpleData>
		<SimpleData name="Zone_no">215</SimpleData>
		<SimpleData name="ycoord">3167900.620</SimpleData>
	</SchemaData></ExtendedData>
      <Polygon><outerBoundaryIs><LinearRing><coordinates>77.132278802,28.631544739,0 77.136438002,28.62062388,0 77.1364739350001,28.6141733380001,0 77.136635631,28.61341628,0 77.1372914020001,28.612572469,0 77.136941059,28.6124620640001,0 77.134704254,28.613006204,0 77.132745926,28.613676519,0 77.128317232,28.616050187,0 77.1283621480001,28.6162867620001,0 77.1312457400001,28.620600224,0 77.1243287120001,28.6214991680001,0 77.123807689,28.6216884180001,0 77.132278802,28.631544739,0</coordinates></LinearRing></outerBoundaryIs></Polygon>
  </Placemark>
  <Placemark>
	<Style><LineStyle><color>ff0000ff</color></LineStyle><PolyStyle><fill>0</fill></PolyStyle></Style>
	<ExtendedData><SchemaData schemaUrl="#Final_zoning_delhi">
		<SimpleData name="tessellate">-1</SimpleData>
		<SimpleData name="extrude">0</SimpleData>
		<SimpleData name="visibility">-1</SimpleData>
		<SimpleData name="Ward_Name">DELHI CANTT CHARGE 2</SimpleData>
		<SimpleData name="Ward_No">CANT_2</SimpleData>
		<SimpleData name="internal">0</SimpleData>
		<SimpleData name="Zone_no">230</SimpleData>
		<SimpleData name="ycoord">3166720.078</SimpleData>
	</SchemaData></ExtendedData>
      <Polygon><outerBoundaryIs><LinearRing><coordinates>77.1542875270001,28.62335223,0 77.1550061790001,28.622279824,0 77.155859579,28.620489827,0 77.157584344,28.618967911,0 77.1625520270001,28.6155928060001,0 77.163809669,28.6112239350001,0 77.1639983150001,28.606208184,0 77.1638006860001,28.604181311,0 77.1644025570001,28.60352671,0 77.164618153,28.602872104,0 77.162561011,28.601381481,0 77.1613842180001,28.600166883,0 77.157323832,28.603203351,0 77.1561470390001,28.6037948600001,0 77.152338183,28.596207513,0 77.1520866540001,28.5957342720001,0 77.1518081770001,28.5955292,0 77.1210947770001,28.60765142,0 77.118058471,28.6087239760001,0 77.1154353910001,28.609788635,0 77.1141148670001,28.6104747430001,0 77.1151569130001,28.611973123,0 77.1176272800001,28.6147411270001,0 77.119747304,28.6167283680001,0 77.123807689,28.6216884180001,0 77.1243287120001,28.6214991680001,0 77.1312457400001,28.620600224,0 77.1283621480001,28.6162867620001,0 77.128317232,28.616050187,0 77.132745926,28.613676519,0 77.134704254,28.613006204,0 77.136941059,28.6124620640001,0 77.1372914020001,28.612572469,0 77.136635631,28.61341628,0 77.136500884,28.613968302,0 77.136429019,28.617130543,0 77.1374441150001,28.617201515,0 77.1383873460001,28.617769288,0 77.1387466720001,28.616980713,0 77.1390521,28.6167835680001,0 77.1398246510001,28.6175484880001,0 77.1403726230001,28.617438087,0 77.140399572,28.6175721450001,0 77.1410283930001,28.6175011730001,0 77.141747045,28.618849626,0 77.1437682550001,28.62144397,0 77.144217412,28.622555812,0 77.14435216,28.623856888,0 77.145681666,28.6248267710001,0 77.146894392,28.6242511510001,0 77.14666083,28.623912085,0 77.1489156010001,28.6226425510001,0 77.149930698,28.6242117250001,0 77.1509637600001,28.6249292790001,0 77.153290397,28.6245429040001,0 77.1542875270001,28.62335223,0</coordinates></LinearRing></outerBoundaryIs></Polygon>
  </Placemark>
  <Placemark>
	<Style><LineStyle><color>ff0000ff</color></LineStyle><PolyStyle><fill>0</fill></PolyStyle></Style>
	<ExtendedData><SchemaData schemaUrl="#Final_zoning_delhi">
		<SimpleData name="tessellate">-1</SimpleData>
		<SimpleData name="extrude">0</SimpleData>
		<SimpleData name="visibility">-1</SimpleData>
		<SimpleData name="Ward_Name">DELHI CANTT CHARGE 4</SimpleData>
		<SimpleData name="Ward_No">CANT_4</SimpleData>
		<SimpleData name="internal">0</SimpleData>
		<SimpleData name="Zone_no">265</SimpleData>
		<SimpleData name="ycoord">3161469.218</SimpleData>
	</SchemaData></ExtendedData>
      <Polygon><outerBoundaryIs><LinearRing><coordinates>77.1575484110001,28.5757773180001,0 77.1567219610001,28.575635318,0 77.1532454810001,28.574309978,0 77.1520417390001,28.5741679760001,0 77.1512691870001,28.574254755,0 77.1509637600001,28.5740259740001,0 77.1505325690001,28.5722667110001,0 77.147226769,28.5711385590001,0 77.145367256,28.570775654,0 77.1399773640001,28.566041999,0 77.141441618,28.5641563670001,0 77.1439748670001,28.561955106,0 77.145268441,28.5615921690001,0 77.1472177860001,28.5599352690001,0 77.1464991330001,28.558767534,0 77.153092767,28.5564872570001,0 77.153523959,28.5557929060001,0 77.1547636340001,28.55546151,0 77.1533442960001,28.552652492,0 77.153290397,28.5517135060001,0 77.153964133,28.551019124,0 77.1554733030001,28.550561461,0 77.155994326,28.5500485600001,0 77.1576741750001,28.5491568950001,0 77.1562907700001,28.547057904,0 77.1580335020001,28.5457164210001,0 77.1597672500001,28.544808937,0 77.1549343140001,28.53862206,0 77.1539102340001,28.5390797750001,0 77.1530748010001,28.53984526,0 77.15247293,28.5407843520001,0 77.151529699,28.5417155440001,0 77.15082003,28.5419128290001,0 77.1497959500001,28.541881264,0 77.1504517210001,28.5429465990001,0 77.1502720570001,28.5432464690001,0 77.15064935,28.5440750540001,0 77.1477837240001,28.545755876,0 77.1472088020001,28.5442802260001,0 77.145609801,28.544256552,0 77.145573869,28.5405870640001,0 77.143606558,28.541676087,0 77.1434897770001,28.5415419330001,0 77.1423668830001,28.5420075260001,0 77.1416212810001,28.541194709,0 77.1411272080001,28.5416524130001,0 77.1406870330001,28.5425441400001,0 77.1402378760001,28.542970273,0 77.139618038,28.5440355980001,0 77.1380459860001,28.5443354650001,0 77.1377495420001,28.544651113,0 77.1370937720001,28.5445406360001,0 77.1373003850001,28.545527034,0 77.1370668230001,28.5456454010001,0 77.1366446150001,28.5453139730001,0 77.1361685080001,28.545448122,0 77.136635631,28.5492910400001,0 77.1360068110001,28.5494725300001,0 77.1362403730001,28.550861309,0 77.1347940850001,28.5507587290001,0 77.1347940850001,28.5509875610001,0 77.133284915,28.551374206,0 77.132916606,28.552029132,0 77.1326201620001,28.5522421800001,0 77.1324943980001,28.5521396010001,0 77.1312098070001,28.5525893670001,0 77.1302216600001,28.5515635830001,0 77.1252449940001,28.5476576200001,0 77.1237268410001,28.5491568950001,0 77.1236639590001,28.5500327780001,0 77.1238526050001,28.5504273180001,0 77.1235920940001,28.5506245870001,0 77.1234573460001,28.55109014,0 77.1228824240001,28.5515951450001,0 77.1227746270001,28.5522106170001,0 77.122082924,28.5527629600001,0 77.1211217260001,28.5522895230001,0 77.1206905350001,28.5523526480001,0 77.1203401920001,28.552786632,0 77.121175625,28.553118037,0 77.122325469,28.553812405,0 77.1232956490001,28.5547355910001,0 77.123637009,28.5552879210001,0 77.1245712570001,28.555469401,0 77.1275895970001,28.5555483050001,0 77.1277782430001,28.556266328,0 77.1280207880001,28.5564320240001,0 77.1323506680001,28.55546151,0 77.133626275,28.5596275570001,0 77.1343089950001,28.569276686,0 77.1344886580001,28.569923612,0 77.1351623940001,28.5709413280001,0 77.1375429300001,28.572519163,0 77.139779735,28.5737577470001,0 77.1425465460001,28.5748464270001,0 77.143238249,28.5752724290001,0 77.1437682550001,28.5762427610001,0 77.1448192840001,28.5791221470001,0 77.1466428640001,28.586103345,0 77.1639893320001,28.593226057,0 77.1657230800001,28.592058691,0 77.166351901,28.5919482630001,0 77.165848844,28.590410159,0 77.1650493440001,28.589692369,0 77.1646720510001,28.5891402190001,0 77.160872178,28.585779933,0 77.159884031,28.5841865200001,0 77.160189458,28.583523906,0 77.1601355590001,28.582790292,0 77.157988586,28.578798713,0 77.1578807880001,28.578230729,0 77.158195198,28.5771420840001,0 77.1575484110001,28.5757773180001,0</coordinates></LinearRing></outerBoundaryIs></Polygon>
  </Placemark>
  <Placemark>
	<Style><LineStyle><color>ff0000ff</color></LineStyle><PolyStyle><fill>0</fill></PolyStyle></Style>
	<ExtendedData><SchemaData schemaUrl="#Final_zoning_delhi">
		<SimpleData name="tessellate">-1</SimpleData>
		<SimpleData name="extrude">0</SimpleData>
		<SimpleData name="visibility">-1</SimpleData>
		<SimpleData name="Ward_Name">DELHI CANTT CHARGE 5</SimpleData>
		<SimpleData name="Ward_No">CANT_5</SimpleData>
		<SimpleData name="internal">0</SimpleData>
		<SimpleData name="Zone_no">260</SimpleData>
		<SimpleData name="ycoord">3162929.896</SimpleData>
	</SchemaData></ExtendedData>
      <Polygon><outerBoundaryIs><LinearRing><coordinates>77.1348030680001,28.570507419,0 77.1342910290001,28.570483751,0 77.131829645,28.5688506600001,0 77.1280207880001,28.5672096540001,0 77.1259995780001,28.565939434,0 77.1230171720001,28.5633831690001,0 77.1228195420001,28.5635961940001,0 77.12113071,28.5721010390001,0 77.121040878,28.573639412,0 77.121139693,28.574333644,0 77.1214630860001,28.5757299850001,0 77.1263678880001,28.585488072,0 77.1316859140001,28.5834607990001,0 77.143849103,28.5849911180001,0 77.1466428640001,28.586103345,0 77.1448192840001,28.5791221470001,0 77.1437682550001,28.5762427610001,0 77.143238249,28.5752724290001,0 77.1425465460001,28.5748464270001,0 77.139779735,28.5737577470001,0 77.1375429300001,28.572519163,0 77.135521721,28.571233229,0 77.1348030680001,28.570507419,0</coordinates></LinearRing></outerBoundaryIs></Polygon>
  </Placemark>
  <Placemark>
	<Style><LineStyle><color>ff0000ff</color></LineStyle><PolyStyle><fill>0</fill></PolyStyle></Style>
	<ExtendedData><SchemaData schemaUrl="#Final_zoning_delhi">
		<SimpleData name="tessellate">-1</SimpleData>
		<SimpleData name="extrude">0</SimpleData>
		<SimpleData name="visibility">-1</SimpleData>
		<SimpleData name="Ward_Name">DELHI CANTT CHARGE 6</SimpleData>
		<SimpleData name="Ward_No">CANT_6</SimpleData>
		<SimpleData name="internal">0</SimpleData>
		<SimpleData name="Zone_no">263</SimpleData>
		<SimpleData name="ycoord">3162190.084</SimpleData>
	</SchemaData></ExtendedData>
      <Polygon><outerBoundaryIs><LinearRing><coordinates>77.1215708840001,28.5930761930001,0 77.128784356,28.5902918420001,0 77.1213642720001,28.575493318,0 77.121040878,28.573639412,0 77.1210588440001,28.572598054,0 77.1228195420001,28.5635961940001,0 77.1230171720001,28.5633831690001,0 77.1259995780001,28.565939434,0 77.1280207880001,28.5672096540001,0 77.131829645,28.5688506600001,0 77.1342910290001,28.570483751,0 77.1348030680001,28.570507419,0 77.1343089950001,28.569276686,0 77.133626275,28.5596275570001,0 77.1323506680001,28.55546151,0 77.1280207880001,28.5564320240001,0 77.1277782430001,28.556266328,0 77.1275895970001,28.5555483050001,0 77.1245712570001,28.555469401,0 77.123637009,28.5552879210001,0 77.1227746270001,28.5541911490001,0 77.1217685140001,28.5534257690001,0 77.1206096870001,28.552873429,0 77.11896577,28.552518352,0 77.1186783090001,28.5516503800001,0 77.1167559140001,28.5521001480001,0 77.1135309620001,28.5515793640001,0 77.1110965280001,28.553228505,0 77.110234145,28.55262093,0 77.107063092,28.553670375,0 77.0926541150001,28.556858101,0 77.090471209,28.5567870880001,0 77.0898064560001,28.5565898310001,0 77.0873989710001,28.555153784,0 77.0873001560001,28.555429949,0 77.086276077,28.5564320240001,0 77.085970649,28.5570474680001,0 77.0855933570001,28.5571421510001,0 77.0854136940001,28.5573946390001,0 77.0853328460001,28.558704413,0 77.0855214920001,28.5588385450001,0 77.085566408,28.559422414,0 77.0853508120001,28.5597064570001,0 77.0848747050001,28.560313992,0 77.0837338440001,28.559753798,0 77.0819282310001,28.5626651950001,0 77.08164077,28.562728314,0 77.0821977250001,28.564724427,0 77.0817485680001,28.5656632970001,0 77.0777330980001,28.5677461390001,0 77.080589741,28.5710991130001,0 77.0796554930001,28.571548797,0 77.079682442,28.573331739,0 77.0801675330001,28.573315961,0 77.080284314,28.5717933620001,0 77.082718748,28.570838768,0 77.0846950420001,28.5703969690001,0 77.0858808180001,28.572716391,0 77.0834553670001,28.5734027410001,0 77.083473333,28.5740259740001,0 77.0843896150001,28.5739786400001,0 77.084344699,28.573426408,0 77.0851352160001,28.573308072,0 77.0855394580001,28.574799093,0 77.0811107640001,28.576013984,0 77.0811197470001,28.5768896430001,0 77.0850813170001,28.5768107550001,0 77.087964909,28.57576154,0 77.089725607,28.5794613570001,0 77.0883601680001,28.580187105,0 77.0953760100001,28.588398757,0 77.1056257880001,28.581338826,0 77.1155611550001,28.5928790030001,0 77.1174386340001,28.5947877830001,0 77.1215708840001,28.5930761930001,0</coordinates></LinearRing></outerBoundaryIs></Polygon>
  </Placemark>
  <Placemark>
	<Style><LineStyle><color>ff0000ff</color></LineStyle><PolyStyle><fill>0</fill></PolyStyle></Style>
	<ExtendedData><SchemaData schemaUrl="#Final_zoning_delhi">
		<SimpleData name="tessellate">-1</SimpleData>
		<SimpleData name="extrude">0</SimpleData>
		<SimpleData name="visibility">-1</SimpleData>
		<SimpleData name="Ward_Name">DELHI CANTT CHARGE 7</SimpleData>
		<SimpleData name="Ward_No">CANT_7</SimpleData>
		<SimpleData name="internal">0</SimpleData>
		<SimpleData name="Zone_no">247</SimpleData>
		<SimpleData name="ycoord">3164953.272</SimpleData>
	</SchemaData></ExtendedData>
      <Polygon><outerBoundaryIs><LinearRing><coordinates>77.1215708840001,28.5930761930001,0 77.1174386340001,28.5947877830001,0 77.1155611550001,28.5928790030001,0 77.1056257880001,28.581338826,0 77.0953760100001,28.588398757,0 77.1124529840001,28.6083769740001,0 77.114438261,28.6070362730001,0 77.1149862330001,28.607982652,0 77.1156599700001,28.608156154,0 77.1165403190001,28.6075015770001,0 77.1169984590001,28.606886429,0 77.117079308,28.606602513,0 77.116639133,28.6060977720001,0 77.1169535440001,28.6055693690001,0 77.1179327070001,28.605932153,0 77.118831023,28.60374754,0 77.119181365,28.603857954,0 77.119774254,28.603739653,0 77.1213642720001,28.6019335660001,0 77.1224781830001,28.600987133,0 77.122792593,28.6001826570001,0 77.1247329540001,28.599346628,0 77.1215708840001,28.5930761930001,0</coordinates></LinearRing></outerBoundaryIs></Polygon>
  </Placemark>
  <Placemark>
	<Style><LineStyle><color>ff0000ff</color></LineStyle><PolyStyle><fill>0</fill></PolyStyle></Style>
	<ExtendedData><SchemaData schemaUrl="#Final_zoning_delhi">
		<SimpleData name="tessellate">-1</SimpleData>
		<SimpleData name="extrude">0</SimpleData>
		<SimpleData name="visibility">-1</SimpleData>
		<SimpleData name="Ward_Name">DELHI CANTT CHARGE 8</SimpleData>
		<SimpleData name="Ward_No">CANT_8</SimpleData>
		<SimpleData name="internal">0</SimpleData>
		<SimpleData name="Zone_no">241</SimpleData>
		<SimpleData name="ycoord">3165559.228</SimpleData>
	</SchemaData></ExtendedData>
      <Polygon><outerBoundaryIs><LinearRing><coordinates>77.134749169,28.602193834,0 77.1287394400001,28.5902760660001,0 77.1215708840001,28.5930761930001,0 77.1247329540001,28.599346628,0 77.122792593,28.6001826570001,0 77.1224781830001,28.600987133,0 77.1213642720001,28.6019335660001,0 77.119774254,28.603739653,0 77.119181365,28.603857954,0 77.118831023,28.60374754,0 77.1179327070001,28.605932153,0 77.1169535440001,28.6055693690001,0 77.116639133,28.6060977720001,0 77.117079308,28.606602513,0 77.1169984590001,28.606886429,0 77.1165403190001,28.6075015770001,0 77.1156599700001,28.608156154,0 77.1149862330001,28.607982652,0 77.114438261,28.6070362730001,0 77.1124529840001,28.6083769740001,0 77.1141148670001,28.6104747430001,0 77.1154353910001,28.609788635,0 77.118058471,28.6087239760001,0 77.1210947770001,28.60765142,0 77.134749169,28.602193834,0</coordinates></LinearRing></outerBoundaryIs></Polygon>
  </Placemark>
  <Placemark>
	<Style><LineStyle><color>ff0000ff</color></LineStyle><PolyStyle><fill>0</fill></PolyStyle></Style>
	<ExtendedData><SchemaData schemaUrl="#Final_zoning_delhi">
		<SimpleData name="tessellate">-1</SimpleData>
		<SimpleData name="extrude">0</SimpleData>
		<SimpleData name="visibility">-1</SimpleData>
		<SimpleData name="Ward_Name">DELHI CANTT CHARGE 3</SimpleData>
		<SimpleData name="Ward_No">CANT_3</SimpleData>
		<SimpleData name="internal">0</SimpleData>
		<SimpleData name="Zone_no">249</SimpleData>
		<SimpleData name="ycoord">3164820.610</SimpleData>
	</SchemaData></ExtendedData>
      <Polygon><outerBoundaryIs><LinearRing><coordinates>77.169325325,28.6031402560001,0 77.1670166540001,28.599275644,0 77.166729193,28.5973669460001,0 77.166351901,28.596239063,0 77.1664147830001,28.594409184,0 77.1638366180001,28.5931471810001,0 77.1443341930001,28.585117328,0 77.1315691330001,28.5834607990001,0 77.1263678880001,28.585488072,0 77.134749169,28.602193834,0 77.1518081770001,28.5955292,0 77.1520866540001,28.5957342720001,0 77.152338183,28.596207513,0 77.1561470390001,28.6037948600001,0 77.157323832,28.603203351,0 77.1613842180001,28.600166883,0 77.162561011,28.601381481,0 77.164618153,28.602872104,0 77.1644025570001,28.60352671,0 77.1650762930001,28.603834294,0 77.1661363050001,28.6040866700001,0 77.167160385,28.603960482,0 77.168849218,28.6034872760001,0 77.169325325,28.6031402560001,0</coordinates></LinearRing></outerBoundaryIs></Polygon>
  </Placemark>
  <Placemark>
	<Style><LineStyle><color>ff0000ff</color></LineStyle><PolyStyle><fill>0</fill></PolyStyle></Style>
	<ExtendedData><SchemaData schemaUrl="#Final_zoning_delhi">
		<SimpleData name="tessellate">-1</SimpleData>
		<SimpleData name="extrude">0</SimpleData>
		<SimpleData name="visibility">-1</SimpleData>
		<SimpleData name="Ward_Name">NDMC CHARGE 1</SimpleData>
		<SimpleData name="Ward_No">NDMC_1</SimpleData>
		<SimpleData name="internal">0</SimpleData>
		<SimpleData name="Zone_no">211</SimpleData>
		<SimpleData name="ycoord">3168030.150</SimpleData>
	</SchemaData></ExtendedData>
      <Polygon><outerBoundaryIs><LinearRing><coordinates>77.2224067750001,28.6364094780001,0 77.223350006,28.635266245,0 77.224562731,28.634343766,0 77.2347945430001,28.6295025860001,0 77.24088512,28.6260095430001,0 77.2404269790001,28.625378733,0 77.2408402040001,28.6243221180001,0 77.240409013,28.621775158,0 77.2399778220001,28.6098122940001,0 77.2407234230001,28.597217088,0 77.2356209930001,28.604914776,0 77.231371961,28.612391088,0 77.230967719,28.612351658,0 77.2306083930001,28.6126119,0 77.2305814440001,28.6130219770001,0 77.230859922,28.6132901030001,0 77.2273295430001,28.619488361,0 77.2268803850001,28.6196460730001,0 77.2270151320001,28.6200088090001,0 77.2211940490001,28.6301649100001,0 77.219621997,28.6298574030001,0 77.2184901200001,28.630101832,0 77.2177085860001,28.630480301,0 77.2167024730001,28.6315132010001,0 77.2163970460001,28.632806282,0 77.216468911,28.6331689720001,0 77.2169989170001,28.634233383,0 77.21800503,28.6352583610001,0 77.2188224970001,28.635542199,0 77.219963357,28.635692002,0 77.2214725270001,28.635234708,0 77.2224067750001,28.6364094780001,0</coordinates></LinearRing></outerBoundaryIs></Polygon>
  </Placemark>
  <Placemark>
	<Style><LineStyle><color>ff0000ff</color></LineStyle><PolyStyle><fill>0</fill></PolyStyle></Style>
	<ExtendedData><SchemaData schemaUrl="#Final_zoning_delhi">
		<SimpleData name="tessellate">-1</SimpleData>
		<SimpleData name="extrude">0</SimpleData>
		<SimpleData name="visibility">-1</SimpleData>
		<SimpleData name="Ward_Name">NDMC CHARGE 2</SimpleData>
		<SimpleData name="Ward_No">NDMC_2</SimpleData>
		<SimpleData name="internal">0</SimpleData>
		<SimpleData name="Zone_no">196</SimpleData>
		<SimpleData name="ycoord">3169655.937</SimpleData>
	</SchemaData></ExtendedData>
      <Polygon><outerBoundaryIs><LinearRing><coordinates>77.22364645,28.646177697,0 77.2235925510001,28.645192244,0 77.2205831950001,28.6447349910001,0 77.2214635440001,28.6424250430001,0 77.2216971060001,28.640832489,0 77.2218318530001,28.6375684670001,0 77.222460674,28.636464668,0 77.2214725270001,28.635234708,0 77.219963357,28.635692002,0 77.2188224970001,28.635542199,0 77.21800503,28.6352583610001,0 77.2169989170001,28.634233383,0 77.216468911,28.6331689720001,0 77.2163970460001,28.632806282,0 77.216711456,28.6314895460001,0 77.2155885620001,28.630961271,0 77.2073150780001,28.627263267,0 77.207000668,28.6275313570001,0 77.2066503250001,28.627618092,0 77.2060394700001,28.6272869220001,0 77.2051231890001,28.6278388710001,0 77.2054825150001,28.6334922390001,0 77.2053208180001,28.63363416,0 77.205338784,28.6338470430001,0 77.2017994220001,28.635896996,0 77.2027157040001,28.6371506020001,0 77.203407407,28.638546107,0 77.2052489530001,28.641061124,0 77.2138817630001,28.6361492950001,0 77.216172467,28.639421246,0 77.218229609,28.6418731700001,0 77.2184631710001,28.641928358,0 77.218067912,28.644325038,0 77.218606901,28.644403875,0 77.2186518170001,28.645728332,0 77.2209874370001,28.6466034100001,0 77.222676269,28.6475730830001,0 77.22364645,28.646177697,0</coordinates></LinearRing></outerBoundaryIs></Polygon>
  </Placemark>
  <Placemark>
	<Style><LineStyle><color>ff0000ff</color></LineStyle><PolyStyle><fill>0</fill></PolyStyle></Style>
	<ExtendedData><SchemaData schemaUrl="#Final_zoning_delhi">
		<SimpleData name="tessellate">-1</SimpleData>
		<SimpleData name="extrude">0</SimpleData>
		<SimpleData name="visibility">-1</SimpleData>
		<SimpleData name="Ward_Name">NDMC CHARGE 3</SimpleData>
		<SimpleData name="Ward_No">NDMC_3</SimpleData>
		<SimpleData name="internal">0</SimpleData>
		<SimpleData name="Zone_no">218</SimpleData>
		<SimpleData name="ycoord">3167741.880</SimpleData>
	</SchemaData></ExtendedData>
      <Polygon><outerBoundaryIs><LinearRing><coordinates>77.2033624910001,28.6426773260001,0 77.204566233,28.6414868580001,0 77.2052489530001,28.641061124,0 77.203407407,28.638546107,0 77.2027157040001,28.6371506020001,0 77.2017994220001,28.635896996,0 77.205338784,28.6338470430001,0 77.2053208180001,28.63363416,0 77.2054825150001,28.6334922390001,0 77.2051231890001,28.6278388710001,0 77.2060394700001,28.6272869220001,0 77.206012521,28.6267034300001,0 77.2004429660001,28.6241801840001,0 77.2004609320001,28.623738609,0 77.200092623,28.6235730180001,0 77.199697364,28.617619459,0 77.2020329840001,28.6174854020001,0 77.2018263720001,28.6147411270001,0 77.2039374130001,28.614646496,0 77.203883514,28.613652861,0 77.201781456,28.613771151,0 77.2016017930001,28.6110425520001,0 77.199284139,28.6111608460001,0 77.198906847,28.605088283,0 77.1985205710001,28.6049068890001,0 77.1938493320001,28.6076277610001,0 77.1925916910001,28.6085899070001,0 77.191405914,28.6098517250001,0 77.1900584410001,28.608929022,0 77.1873185800001,28.605979473,0 77.185036859,28.604291726,0 77.1664147830001,28.594409184,0 77.166351901,28.596239063,0 77.166729193,28.5973669460001,0 77.1670525870001,28.599370289,0 77.1706638140001,28.6055772550001,0 77.171607045,28.607990538,0 77.1747331830001,28.6117286520001,0 77.1748230140001,28.6143468290001,0 77.1762513350001,28.617122657,0 77.1764579480001,28.6191098520001,0 77.1767633750001,28.619835327,0 77.179215776,28.6226188950001,0 77.18432719,28.62617513,0 77.1868424730001,28.6291398820001,0 77.1881719790001,28.6313081980001,0 77.1892948730001,28.633705121,0 77.189878778,28.6342018450001,0 77.1933552580001,28.6381282460001,0 77.1946578160001,28.6402096520001,0 77.196535295,28.642748281,0 77.196912587,28.643536662,0 77.1973437780001,28.6451843610001,0 77.1985475210001,28.644884781,0 77.2033624910001,28.6426773260001,0</coordinates></LinearRing></outerBoundaryIs></Polygon>
  </Placemark>
  <Placemark>
	<Style><LineStyle><color>ff0000ff</color></LineStyle><PolyStyle><fill>0</fill></PolyStyle></Style>
	<ExtendedData><SchemaData schemaUrl="#Final_zoning_delhi">
		<SimpleData name="tessellate">-1</SimpleData>
		<SimpleData name="extrude">0</SimpleData>
		<SimpleData name="visibility">-1</SimpleData>
		<SimpleData name="Ward_Name">NDMC CHARGE 4</SimpleData>
		<SimpleData name="Ward_No">NDMC_4</SimpleData>
		<SimpleData name="internal">0</SimpleData>
		<SimpleData name="Zone_no">213</SimpleData>
		<SimpleData name="ycoord">3167932.338</SimpleData>
	</SchemaData></ExtendedData>
      <Polygon><outerBoundaryIs><LinearRing><coordinates>77.2305455110001,28.612872141,0 77.2299256740001,28.6128879130001,0 77.229781943,28.612730191,0 77.2294854990001,28.6127065330001,0 77.229135156,28.6127853940001,0 77.229099224,28.6129273440001,0 77.2092195060001,28.6138973280001,0 77.20920154,28.612241252,0 77.209066793,28.6120440980001,0 77.208797298,28.6120046680001,0 77.2085996690001,28.612154504,0 77.205922689,28.610987349,0 77.205473532,28.611145073,0 77.205230987,28.610861169,0 77.2016017930001,28.6110425520001,0 77.201781456,28.613771151,0 77.203883514,28.613652861,0 77.2039374130001,28.614646496,0 77.2018263720001,28.6147411270001,0 77.2020329840001,28.6174854020001,0 77.199697364,28.617619459,0 77.200092623,28.6235730180001,0 77.2004609320001,28.623738609,0 77.2004429660001,28.6241801840001,0 77.206012521,28.6267034300001,0 77.2060035380001,28.627215957,0 77.2063808300001,28.6275628970001,0 77.20686592,28.627594437,0 77.2073150780001,28.627263267,0 77.216711456,28.6314895460001,0 77.2177085860001,28.630480301,0 77.2184901200001,28.630101832,0 77.219621997,28.6298574030001,0 77.221176083,28.63018068,0 77.2270151320001,28.6200088090001,0 77.2268803850001,28.6196460730001,0 77.2273295430001,28.619488361,0 77.230859922,28.6132901030001,0 77.2305455110001,28.612872141,0</coordinates></LinearRing></outerBoundaryIs></Polygon>
  </Placemark>
  <Placemark>
	<Style><LineStyle><color>ff0000ff</color></LineStyle><PolyStyle><fill>0</fill></PolyStyle></Style>
	<ExtendedData><SchemaData schemaUrl="#Final_zoning_delhi">
		<SimpleData name="tessellate">-1</SimpleData>
		<SimpleData name="extrude">0</SimpleData>
		<SimpleData name="visibility">-1</SimpleData>
		<SimpleData name="Ward_Name">NDMC CHARGE 5</SimpleData>
		<SimpleData name="Ward_No">NDMC_5</SimpleData>
		<SimpleData name="internal">0</SimpleData>
		<SimpleData name="Zone_no">238</SimpleData>
		<SimpleData name="ycoord">3165903.145</SimpleData>
	</SchemaData></ExtendedData>
      <Polygon><outerBoundaryIs><LinearRing><coordinates>77.2305455110001,28.612872141,0 77.2307790730001,28.612430519,0 77.231371961,28.612391088,0 77.2363845610001,28.6037081060001,0 77.2412624130001,28.5964283590001,0 77.243651931,28.5931629560001,0 77.2410378340001,28.592973654,0 77.2326385860001,28.5919640390001,0 77.228901594,28.591135831,0 77.227617003,28.590978077,0 77.212893616,28.5894715090001,0 77.212785818,28.5916327570001,0 77.209776462,28.59145134,0 77.2094979840001,28.591561767,0 77.205275902,28.6006006700001,0 77.2051501380001,28.6008372800001,0 77.20487166,28.600829393,0 77.2046470820001,28.600987133,0 77.2046470820001,28.6013657070001,0 77.1992302400001,28.604496781,0 77.1988349820001,28.6043390460001,0 77.1984846390001,28.6045914210001,0 77.1985475210001,28.6049384360001,0 77.198906847,28.605088283,0 77.199284139,28.6111608460001,0 77.205230987,28.610861169,0 77.2053298010001,28.611066211,0 77.2055992960001,28.6111608460001,0 77.205922689,28.610987349,0 77.2085996690001,28.612154504,0 77.208797298,28.6120046680001,0 77.209066793,28.6120440980001,0 77.20920154,28.612241252,0 77.2092195060001,28.6138973280001,0 77.229099224,28.6129273440001,0 77.229135156,28.6127853940001,0 77.2294854990001,28.6127065330001,0 77.229781943,28.612730191,0 77.2299256740001,28.6128879130001,0 77.2305455110001,28.612872141,0</coordinates></LinearRing></outerBoundaryIs></Polygon>
  </Placemark>
  <Placemark>
	<Style><LineStyle><color>ff0000ff</color></LineStyle><PolyStyle><fill>0</fill></PolyStyle></Style>
	<ExtendedData><SchemaData schemaUrl="#Final_zoning_delhi">
		<SimpleData name="tessellate">-1</SimpleData>
		<SimpleData name="extrude">0</SimpleData>
		<SimpleData name="visibility">-1</SimpleData>
		<SimpleData name="Ward_Name">NDMC CHARGE 7</SimpleData>
		<SimpleData name="Ward_No">NDMC_7</SimpleData>
		<SimpleData name="internal">1</SimpleData>
		<SimpleData name="Zone_no">4</SimpleData>
		<SimpleData name="ycoord">3162403.972</SimpleData>
	</SchemaData></ExtendedData>
      <Polygon><outerBoundaryIs><LinearRing><coordinates>77.211600042,28.5800293340001,0 77.2096147650001,28.574933205,0 77.209336287,28.5732765160001,0 77.2128037840001,28.573150291,0 77.2143219370001,28.5732449600001,0 77.21569636,28.573962862,0 77.2182206260001,28.575643207,0 77.218642834,28.5746334250001,0 77.2186608,28.5740259740001,0 77.2184991030001,28.573418519,0 77.2178702830001,28.572321935,0 77.2175379060001,28.5708466570001,0 77.217088748,28.569955169,0 77.2169629840001,28.5687007610001,0 77.2167204390001,28.568211617,0 77.2144207520001,28.5657579730001,0 77.212615138,28.5649216690001,0 77.2108005410001,28.563138585,0 77.210414266,28.561884096,0 77.2091925570001,28.5607242730001,0 77.209102725,28.560400782,0 77.2084020400001,28.560708493,0 77.2073869430001,28.56150538,0 77.2071623640001,28.5619472160001,0 77.2067401560001,28.5622864810001,0 77.2068210050001,28.5625468470001,0 77.2054016660001,28.5635488550001,0 77.204260806,28.5632017040001,0 77.203209777,28.562609966,0 77.201718574,28.562799322,0 77.200775343,28.5625862960001,0 77.200164488,28.5657027460001,0 77.1993649880001,28.567533123,0 77.1992661730001,28.5697816040001,0 77.197622256,28.5696790430001,0 77.197559374,28.5691899030001,0 77.19677784,28.568290512,0 77.1934810230001,28.56710709,0 77.192995932,28.567154427,0 77.19230423,28.5674384490001,0 77.1914598130001,28.568101165,0 77.190759127,28.568432521,0 77.189537419,28.56871654,0 77.189842846,28.5729372860001,0 77.1913160830001,28.5728820620001,0 77.2008202590001,28.573221292,0 77.2008292420001,28.5730477330001,0 77.2013682310001,28.5730714,0 77.2020689170001,28.573339628,0 77.20290435,28.574333644,0 77.2032906260001,28.5741127530001,0 77.2033894400001,28.5743020890001,0 77.2022216300001,28.577276193,0 77.2011167030001,28.580841852,0 77.211600042,28.5800293340001,0</coordinates></LinearRing></outerBoundaryIs></Polygon>
  </Placemark>
  <Placemark>
	<Style><LineStyle><color>ff0000ff</color></LineStyle><PolyStyle><fill>0</fill></PolyStyle></Style>
	<ExtendedData><SchemaData schemaUrl="#Final_zoning_delhi">
		<SimpleData name="tessellate">-1</SimpleData>
		<SimpleData name="extrude">0</SimpleData>
		<SimpleData name="visibility">-1</SimpleData>
		<SimpleData name="Ward_Name">NDMC CHARGE 8</SimpleData>
		<SimpleData name="Ward_No">NDMC_8</SimpleData>
		<SimpleData name="internal">1</SimpleData>
		<SimpleData name="Zone_no">1</SimpleData>
		<SimpleData name="ycoord">3163093.466</SimpleData>
	</SchemaData></ExtendedData>
      <Polygon><outerBoundaryIs><LinearRing><coordinates>77.2011167030001,28.580841852,0 77.2022216300001,28.577276193,0 77.2033894400001,28.5743020890001,0 77.2032906260001,28.5741127530001,0 77.20290435,28.574333644,0 77.2020689170001,28.573339628,0 77.2013682310001,28.5730714,0 77.2008292420001,28.5730477330001,0 77.2008202590001,28.573221292,0 77.1913160830001,28.5728820620001,0 77.189842846,28.5729372860001,0 77.1899955590001,28.5756826520001,0 77.189833863,28.579019595,0 77.189878778,28.5792089220001,0 77.19013929,28.5793351390001,0 77.1899326770001,28.579579686,0 77.1901931890001,28.5803843190001,0 77.1908669250001,28.581614922,0 77.2011167030001,28.580841852,0</coordinates></LinearRing></outerBoundaryIs></Polygon>
  </Placemark>
  <Placemark>
	<Style><LineStyle><color>ff0000ff</color></LineStyle><PolyStyle><fill>0</fill></PolyStyle></Style>
	<ExtendedData><SchemaData schemaUrl="#Final_zoning_delhi">
		<SimpleData name="tessellate">-1</SimpleData>
		<SimpleData name="extrude">0</SimpleData>
		<SimpleData name="visibility">-1</SimpleData>
		<SimpleData name="Ward_Name">NDMC CHARGE 9</SimpleData>
		<SimpleData name="Ward_No">NDMC_9</SimpleData>
		<SimpleData name="internal">0</SimpleData>
		<SimpleData name="Zone_no">250</SimpleData>
		<SimpleData name="ycoord">3164531.076</SimpleData>
	</SchemaData></ExtendedData>
      <Polygon><outerBoundaryIs><LinearRing><coordinates>77.1985205710001,28.6049068890001,0 77.1984666720001,28.604638741,0 77.1986643020001,28.6043942530001,0 77.1989517630001,28.6043390460001,0 77.1992302400001,28.604496781,0 77.2046470820001,28.6013657070001,0 77.2046830140001,28.600939811,0 77.2051501380001,28.6008372800001,0 77.2095429,28.591506554,0 77.212785818,28.5916327570001,0 77.2129025990001,28.589645042,0 77.212444458,28.585440743,0 77.212489374,28.58368956,0 77.211600042,28.5800293340001,0 77.1908669250001,28.581614922,0 77.1901931890001,28.5803843190001,0 77.1899326770001,28.579579686,0 77.19013929,28.5793351390001,0 77.189878778,28.5792089220001,0 77.189833863,28.579019595,0 77.1899955590001,28.575548541,0 77.189537419,28.56871654,0 77.188863682,28.5696395960001,0 77.183617521,28.5702470730001,0 77.181982587,28.570996553,0 77.180329687,28.572077372,0 77.179754765,28.572582276,0 77.1788295,28.5737577470001,0 77.1721640010001,28.58528298,0 77.1681934470001,28.5911594950001,0 77.1671514020001,28.593249719,0 77.1664147830001,28.594409184,0 77.185036859,28.604291726,0 77.1873185800001,28.605979473,0 77.1900584410001,28.608929022,0 77.191405914,28.6098517250001,0 77.193328309,28.6079668790001,0 77.1985205710001,28.6049068890001,0</coordinates></LinearRing></outerBoundaryIs></Polygon>
  </Placemark>
  <Placemark>
	<Style><LineStyle><color>ff0000ff</color></LineStyle><PolyStyle><fill>0</fill></PolyStyle></Style>
	<ExtendedData><SchemaData schemaUrl="#Final_zoning_delhi">
		<SimpleData name="tessellate">-1</SimpleData>
		<SimpleData name="extrude">0</SimpleData>
		<SimpleData name="visibility">-1</SimpleData>
		<SimpleData name="Ward_Name">NDMC CHARGE 6</SimpleData>
		<SimpleData name="Ward_No">NDMC_6</SimpleData>
		<SimpleData name="internal">0</SimpleData>
		<SimpleData name="Zone_no">253</SimpleData>
		<SimpleData name="ycoord">3163979.826</SimpleData>
	</SchemaData></ExtendedData>
      <Polygon><outerBoundaryIs><LinearRing><coordinates>77.2222360950001,28.5792246990001,0 77.211600042,28.5800293340001,0 77.2124714080001,28.5834923520001,0 77.212444458,28.585440743,0 77.212893616,28.5894715090001,0 77.223682382,28.5905679140001,0 77.224931041,28.5809759570001,0 77.2249579900001,28.579571797,0 77.222972713,28.579761123,0 77.222505589,28.579579686,0 77.2222360950001,28.5792246990001,0</coordinates></LinearRing></outerBoundaryIs></Polygon>
  </Placemark>
  <Placemark>
	<Style><LineStyle><color>ff0000ff</color></LineStyle><PolyStyle><fill>0</fill></PolyStyle></Style>
	<ExtendedData><SchemaData schemaUrl="#Final_zoning_delhi">
		<SimpleData name="tessellate">-1</SimpleData>
		<SimpleData name="extrude">0</SimpleData>
		<SimpleData name="visibility">-1</SimpleData>
		<SimpleData name="Ward_Name">CHANDNI CHOWK</SimpleData>
		<SimpleData name="Ward_No">80</SimpleData>
		<SimpleData name="internal">0</SimpleData>
		<SimpleData name="Zone_no">153</SimpleData>
		<SimpleData name="ycoord">3172041.542</SimpleData>
	</SchemaData></ExtendedData>
      <Polygon><outerBoundaryIs><LinearRing><coordinates>77.243858544,28.6616520370001,0 77.244029224,28.661518035,0 77.244128038,28.6609110860001,0 77.2446760110001,28.6608953210001,0 77.2475596030001,28.6589246830001,0 77.2482782550001,28.6582940700001,0 77.2484848670001,28.656465274,0 77.249140638,28.6548256360001,0 77.2508204870001,28.6521375200001,0 77.2511259140001,28.651301904,0 77.2513504930001,28.6511205900001,0 77.245619242,28.650891976,0 77.2438675270001,28.650316499,0 77.2403551140001,28.6502849660001,0 77.2390615400001,28.6498198510001,0 77.236546257,28.653312101,0 77.236483375,28.653816615,0 77.2368606680001,28.657734399,0 77.23675287,28.6588222080001,0 77.2352077680001,28.6586251420001,0 77.2351179360001,28.658286188,0 77.2353784470001,28.6560474840001,0 77.234722677,28.6560868980001,0 77.23475861,28.653737785,0 77.2342914860001,28.653737785,0 77.2337435140001,28.6535328260001,0 77.233536901,28.653926977,0 77.2333482550001,28.6538481470001,0 77.2324679060001,28.653950626,0 77.23242299,28.6538244980001,0 77.2319558660001,28.6539821580001,0 77.232036715,28.654194999,0 77.2312551800001,28.654344775,0 77.2312821300001,28.6531071410001,0 77.231030602,28.653075609,0 77.2303388990001,28.6536116560001,0 77.2301951680001,28.6539190940001,0 77.2298627920001,28.6533357500001,0 77.230356865,28.6529415970001,0 77.2310036520001,28.652681455,0 77.2309497530001,28.6525474420001,0 77.231201281,28.65251591,0 77.2311922980001,28.6521375200001,0 77.230527545,28.6520113890001,0 77.2304377130001,28.6516881800001,0 77.2299616060001,28.6517275960001,0 77.2298627920001,28.651278254,0 77.2274912390001,28.6550148260001,0 77.2274463240001,28.6564573910001,0 77.2232601740001,28.656630813,0 77.2232242420001,28.657143193,0 77.2229816970001,28.6572456690001,0 77.2187596150001,28.657009186,0 77.218373339,28.657111662,0 77.2178702830001,28.657734399,0 77.2169629840001,28.6576398060001,0 77.2167204390001,28.6588695040001,0 77.216612641,28.6608716740001,0 77.2163341630001,28.6613603870001,0 77.216037719,28.661462858,0 77.2154717810001,28.662850158,0 77.215633478,28.6643320260001,0 77.219388435,28.6632442740001,0 77.2201879360001,28.664576375,0 77.226089867,28.665569528,0 77.2256676590001,28.664127088,0 77.2249939230001,28.6634019200001,0 77.225146636,28.662794982,0 77.221274898,28.662999922,0 77.2208616720001,28.6614234460001,0 77.222200162,28.6609268510001,0 77.223511703,28.6607297890001,0 77.22398781,28.660501196,0 77.22615275,28.6602568380001,0 77.228901594,28.6601307180001,0 77.232117563,28.660296251,0 77.237525421,28.66004401,0 77.2379925450001,28.660154365,0 77.2381811910001,28.6607140240001,0 77.2403461310001,28.6606036690001,0 77.241280379,28.660706142,0 77.243858544,28.6616520370001,0</coordinates></LinearRing></outerBoundaryIs></Polygon>
  </Placemark>
  <Placemark>
	<Style><LineStyle><color>ff0000ff</color></LineStyle><PolyStyle><fill>0</fill></PolyStyle></Style>
	<ExtendedData><SchemaData schemaUrl="#Final_zoning_delhi">
		<SimpleData name="tessellate">-1</SimpleData>
		<SimpleData name="extrude">0</SimpleData>
		<SimpleData name="visibility">-1</SimpleData>
		<SimpleData name="Ward_Name">MINTO ROAD</SimpleData>
		<SimpleData name="Ward_No">81</SimpleData>
		<SimpleData name="internal">0</SimpleData>
		<SimpleData name="Zone_no">192</SimpleData>
		<SimpleData name="ycoord">3169791.482</SimpleData>
	</SchemaData></ExtendedData>
      <Polygon><outerBoundaryIs><LinearRing><coordinates>77.2282458240001,28.644009688,0 77.229476516,28.643300148,0 77.2294136340001,28.643181891,0 77.2323062090001,28.6422673650001,0 77.232728417,28.6419756610001,0 77.233024861,28.6422752490001,0 77.2356209930001,28.6414789740001,0 77.2405976590001,28.641163616,0 77.241109699,28.639113765,0 77.2409210530001,28.633003396,0 77.241388177,28.6276732870001,0 77.2412713960001,28.6265930390001,0 77.24088512,28.6260095430001,0 77.2347945430001,28.6295025860001,0 77.224562731,28.634343766,0 77.223350006,28.635266245,0 77.2224067750001,28.6364094780001,0 77.2218318530001,28.6375684670001,0 77.2216971060001,28.640832489,0 77.2214635440001,28.6424250430001,0 77.2205831950001,28.6447349910001,0 77.2235925510001,28.645192244,0 77.22364645,28.646177697,0 77.22415849,28.646154046,0 77.2282458240001,28.644009688,0</coordinates></LinearRing></outerBoundaryIs></Polygon>
  </Placemark>
  <Placemark>
	<Style><LineStyle><color>ff0000ff</color></LineStyle><PolyStyle><fill>0</fill></PolyStyle></Style>
	<ExtendedData><SchemaData schemaUrl="#Final_zoning_delhi">
		<SimpleData name="tessellate">-1</SimpleData>
		<SimpleData name="extrude">0</SimpleData>
		<SimpleData name="visibility">-1</SimpleData>
		<SimpleData name="Ward_Name">KUCHA PANDIT</SimpleData>
		<SimpleData name="Ward_No">82</SimpleData>
		<SimpleData name="internal">0</SimpleData>
		<SimpleData name="Zone_no">175</SimpleData>
		<SimpleData name="ycoord">3170964.707</SimpleData>
	</SchemaData></ExtendedData>
      <Polygon><outerBoundaryIs><LinearRing><coordinates>77.2266558060001,28.649244368,0 77.231228231,28.6456573790001,0 77.2312911130001,28.645405103,0 77.2308509380001,28.645570659,0 77.2303299160001,28.645373568,0 77.2298897410001,28.6454445210001,0 77.229566348,28.645192244,0 77.229341769,28.645192244,0 77.2292160050001,28.64486113,0 77.2285782010001,28.6450976400001,0 77.2282458240001,28.644009688,0 77.224221372,28.646130396,0 77.22364645,28.646177697,0 77.2209964200001,28.649985401,0 77.22148151,28.6501430660001,0 77.222541522,28.6498592680001,0 77.2234039050001,28.6498356180001,0 77.2233679720001,28.6501667160001,0 77.2241135740001,28.6503874480001,0 77.224023742,28.650939276,0 77.2243471360001,28.651506867,0 77.226458177,28.649575468,0 77.2266558060001,28.649244368,0</coordinates></LinearRing></outerBoundaryIs></Polygon>
  </Placemark>
  <Placemark>
	<Style><LineStyle><color>ff0000ff</color></LineStyle><PolyStyle><fill>0</fill></PolyStyle></Style>
	<ExtendedData><SchemaData schemaUrl="#Final_zoning_delhi">
		<SimpleData name="tessellate">-1</SimpleData>
		<SimpleData name="extrude">0</SimpleData>
		<SimpleData name="visibility">-1</SimpleData>
		<SimpleData name="Ward_Name">BAZAR SITARAM</SimpleData>
		<SimpleData name="Ward_No">83</SimpleData>
		<SimpleData name="internal">0</SimpleData>
		<SimpleData name="Zone_no">177</SimpleData>
		<SimpleData name="ycoord">3170910.914</SimpleData>
	</SchemaData></ExtendedData>
      <Polygon><outerBoundaryIs><LinearRing><coordinates>77.234084873,28.6467768480001,0 77.234004025,28.646130396,0 77.233294356,28.644545782,0 77.2330338450001,28.644419643,0 77.2325667210001,28.64449848,0 77.2326385860001,28.6453420340001,0 77.2321894280001,28.645483939,0 77.232018748,28.6454129860001,0 77.231812136,28.6449320830001,0 77.2314977250001,28.6448217110001,0 77.2326116360001,28.6426379070001,0 77.2324409570001,28.642227946,0 77.2305814440001,28.6427325130001,0 77.2294136340001,28.643181891,0 77.229476516,28.643300148,0 77.2282458240001,28.644009688,0 77.2285782010001,28.6450976400001,0 77.2292160050001,28.64486113,0 77.229341769,28.645192244,0 77.229566348,28.645192244,0 77.2297549940001,28.645405103,0 77.2303299160001,28.645373568,0 77.2308509380001,28.645570659,0 77.2312911130001,28.645405103,0 77.2312551800001,28.645625845,0 77.2266378400001,28.649220718,0 77.2303299160001,28.650482047,0 77.2324050240001,28.650616063,0 77.2324768890001,28.649788318,0 77.2334830020001,28.649764668,0 77.2336446990001,28.648195876,0 77.2335818170001,28.647486364,0 77.234084873,28.6467768480001,0</coordinates></LinearRing></outerBoundaryIs></Polygon>
  </Placemark>
  <Placemark>
	<Style><LineStyle><color>ff0000ff</color></LineStyle><PolyStyle><fill>0</fill></PolyStyle></Style>
	<ExtendedData><SchemaData schemaUrl="#Final_zoning_delhi">
		<SimpleData name="tessellate">-1</SimpleData>
		<SimpleData name="extrude">0</SimpleData>
		<SimpleData name="visibility">-1</SimpleData>
		<SimpleData name="Ward_Name">IDGAH ROAD</SimpleData>
		<SimpleData name="Ward_No">85</SimpleData>
		<SimpleData name="internal">0</SimpleData>
		<SimpleData name="Zone_no">161</SimpleData>
		<SimpleData name="ycoord">3171599.894</SimpleData>
	</SchemaData></ExtendedData>
      <Polygon><outerBoundaryIs><LinearRing><coordinates>77.2169629840001,28.6576398060001,0 77.2178702830001,28.657734399,0 77.218373339,28.657111662,0 77.2187596150001,28.657009186,0 77.2200082730001,28.6570880140001,0 77.2200891210001,28.6567096410001,0 77.220574212,28.655984421,0 77.222128297,28.6541319350001,0 77.221355746,28.6535564750001,0 77.2212030320001,28.652878532,0 77.2213018470001,28.652697221,0 77.2217060890001,28.6526262730001,0 77.2213647290001,28.652216351,0 77.2223528760001,28.6519089080001,0 77.2222181290001,28.650505697,0 77.2225505050001,28.650482047,0 77.222541522,28.650221899,0 77.2223438930001,28.6499459840001,0 77.22148151,28.6501430660001,0 77.2209964200001,28.649985401,0 77.222676269,28.6475730830001,0 77.2209874370001,28.6466034100001,0 77.2186518170001,28.645728332,0 77.218436221,28.6488896160001,0 77.2181757100001,28.650009051,0 77.217187563,28.6532411530001,0 77.216639591,28.653115024,0 77.216441961,28.653895445,0 77.2110790190001,28.653635305,0 77.20905781,28.653737785,0 77.2107825750001,28.657545214,0 77.211635975,28.6570880140001,0 77.2122647950001,28.656938241,0 77.212713953,28.6585147850001,0 77.2151124550001,28.6578605220001,0 77.2169629840001,28.6576398060001,0</coordinates></LinearRing></outerBoundaryIs></Polygon>
  </Placemark>
  <Placemark>
	<Style><LineStyle><color>ff0000ff</color></LineStyle><PolyStyle><fill>0</fill></PolyStyle></Style>
	<ExtendedData><SchemaData schemaUrl="#Final_zoning_delhi">
		<SimpleData name="tessellate">-1</SimpleData>
		<SimpleData name="extrude">0</SimpleData>
		<SimpleData name="visibility">-1</SimpleData>
		<SimpleData name="Ward_Name">KHYALA</SimpleData>
		<SimpleData name="Ward_No">108</SimpleData>
		<SimpleData name="internal">0</SimpleData>
		<SimpleData name="Zone_no">166</SimpleData>
		<SimpleData name="ycoord">3171420.560</SimpleData>
	</SchemaData></ExtendedData>
      <Polygon><outerBoundaryIs><LinearRing><coordinates>77.1088327730001,28.660674612,0 77.1086890430001,28.658388662,0 77.1093088810001,28.652539559,0 77.1051766300001,28.652208468,0 77.1051047650001,28.6467847320001,0 77.1054371420001,28.646461506,0 77.1060030800001,28.6453104990001,0 77.1052395120001,28.645349917,0 77.1052395120001,28.644995153,0 77.105059849,28.645003036,0 77.1051227310001,28.6437889430001,0 77.1050149330001,28.643363219,0 77.0998226710001,28.6449557340001,0 77.0998945360001,28.6489132660001,0 77.0993824970001,28.64892115,0 77.0993824970001,28.6493232010001,0 77.099202834,28.6493232010001,0 77.099346564,28.650576646,0 77.0981338380001,28.650576646,0 77.0982146870001,28.6528075840001,0 77.098762659,28.6529810120001,0 77.0990231710001,28.6532017380001,0 77.0996879240001,28.6543999560001,0 77.0997328400001,28.6554405030001,0 77.0990591030001,28.656638695,0 77.099077069,28.6576240410001,0 77.0995980920001,28.6576161580001,0 77.099651991,28.658104886,0 77.099202834,28.6606982590001,0 77.1018887960001,28.661186973,0 77.1049161190001,28.661155443,0 77.1088327730001,28.660674612,0</coordinates></LinearRing></outerBoundaryIs></Polygon>
  </Placemark>
  <Placemark>
	<Style><LineStyle><color>ff0000ff</color></LineStyle><PolyStyle><fill>0</fill></PolyStyle></Style>
	<ExtendedData><SchemaData schemaUrl="#Final_zoning_delhi">
		<SimpleData name="tessellate">-1</SimpleData>
		<SimpleData name="extrude">0</SimpleData>
		<SimpleData name="visibility">-1</SimpleData>
		<SimpleData name="Ward_Name">JANAK PURI NORTH</SimpleData>
		<SimpleData name="Ward_No">109</SimpleData>
		<SimpleData name="internal">0</SimpleData>
		<SimpleData name="Zone_no">205</SimpleData>
		<SimpleData name="ycoord">3168648.460</SimpleData>
	</SchemaData></ExtendedData>
      <Polygon><outerBoundaryIs><LinearRing><coordinates>77.1033620330001,28.6343910730001,0 77.1033261010001,28.6330901270001,0 77.1036584770001,28.631197813,0 77.1111324610001,28.6313870450001,0 77.1109977130001,28.6307010740001,0 77.1108629660001,28.6249292790001,0 77.1060839290001,28.6249923600001,0 77.1060659620001,28.623289148,0 77.103901023,28.623297033,0 77.103874073,28.6210181550001,0 77.1036944100001,28.620947186,0 77.1036315280001,28.6206869640001,0 77.102490668,28.622579468,0 77.1014576050001,28.6250160160001,0 77.092842761,28.622059033,0 77.090471209,28.621617449,0 77.087830162,28.6218697830001,0 77.0878481280001,28.623249721,0 77.0874888020001,28.6242274950001,0 77.0826019670001,28.6300387530001,0 77.081937214,28.631268775,0 77.087156426,28.633437047,0 77.089195601,28.6341939610001,0 77.0913066420001,28.634745873,0 77.093354801,28.635692002,0 77.096328225,28.6367721560001,0 77.097379254,28.6343910730001,0 77.1033620330001,28.6343910730001,0</coordinates></LinearRing></outerBoundaryIs></Polygon>
  </Placemark>
  <Placemark>
	<Style><LineStyle><color>ff0000ff</color></LineStyle><PolyStyle><fill>0</fill></PolyStyle></Style>
	<ExtendedData><SchemaData schemaUrl="#Final_zoning_delhi">
		<SimpleData name="tessellate">-1</SimpleData>
		<SimpleData name="extrude">0</SimpleData>
		<SimpleData name="visibility">-1</SimpleData>
		<SimpleData name="Ward_Name">MUKHERJEE NAGAR</SimpleData>
		<SimpleData name="Ward_No">11</SimpleData>
		<SimpleData name="internal">0</SimpleData>
		<SimpleData name="Zone_no">62</SimpleData>
		<SimpleData name="ycoord">3178199.049</SimpleData>
	</SchemaData></ExtendedData>
      <Polygon><outerBoundaryIs><LinearRing><coordinates>77.223143393,28.721470428,0 77.22413154,28.720895338,0 77.223044579,28.7195324420001,0 77.2254520640001,28.717988329,0 77.2264042780001,28.7157666580001,0 77.226763604,28.714143705,0 77.2266108900001,28.7118904370001,0 77.2271229300001,28.710188637,0 77.227176829,28.7091722700001,0 77.2194064020001,28.708313473,0 77.2183823220001,28.7079668,0 77.217735535,28.707564973,0 77.2163341630001,28.705934014,0 77.2150136400001,28.70345995,0 77.211806654,28.705240652,0 77.2107825750001,28.705469147,0 77.210324434,28.704468493,0 77.2091925570001,28.7048860900001,0 77.2091925570001,28.705303685,0 77.2083661070001,28.706209782,0 77.208285259,28.706524944,0 77.2082133930001,28.7102674240001,0 77.2044764020001,28.710212273,0 77.2040092780001,28.715286077,0 77.2069198190001,28.715522429,0 77.2116449580001,28.714781859,0 77.215902972,28.7154121310001,0 77.215363983,28.716003008,0 77.215022623,28.716806595,0 77.215292118,28.7181774050001,0 77.2154807640001,28.7185398,0 77.2165048430001,28.7186264600001,0 77.217654687,28.7189573410001,0 77.216307214,28.721627986,0 77.216450944,28.72210066,0 77.2162173820001,28.722187316,0 77.2169270520001,28.723715611,0 77.223143393,28.721470428,0</coordinates></LinearRing></outerBoundaryIs></Polygon>
  </Placemark>
  <Placemark>
	<Style><LineStyle><color>ff0000ff</color></LineStyle><PolyStyle><fill>0</fill></PolyStyle></Style>
	<ExtendedData><SchemaData schemaUrl="#Final_zoning_delhi">
		<SimpleData name="tessellate">-1</SimpleData>
		<SimpleData name="extrude">0</SimpleData>
		<SimpleData name="visibility">-1</SimpleData>
		<SimpleData name="Ward_Name">JANAK PURI WEST</SimpleData>
		<SimpleData name="Ward_No">117</SimpleData>
		<SimpleData name="internal">0</SimpleData>
		<SimpleData name="Zone_no">212</SimpleData>
		<SimpleData name="ycoord">3167959.278</SimpleData>
	</SchemaData></ExtendedData>
      <Polygon><outerBoundaryIs><LinearRing><coordinates>77.081937214,28.631268775,0 77.0826019670001,28.6300387530001,0 77.0874888020001,28.6242274950001,0 77.0878481280001,28.623249721,0 77.087830162,28.6218697830001,0 77.0889261070001,28.6217593870001,0 77.088575764,28.6182424300001,0 77.08793796,28.616247333,0 77.086680319,28.6136922910001,0 77.0751279840001,28.618841741,0 77.0698189410001,28.6215385950001,0 77.0688397770001,28.6224296460001,0 77.0673126410001,28.6254891250001,0 77.081937214,28.631268775,0</coordinates></LinearRing></outerBoundaryIs></Polygon>
  </Placemark>
  <Placemark>
	<Style><LineStyle><color>ff0000ff</color></LineStyle><PolyStyle><fill>0</fill></PolyStyle></Style>
	<ExtendedData><SchemaData schemaUrl="#Final_zoning_delhi">
		<SimpleData name="tessellate">-1</SimpleData>
		<SimpleData name="extrude">0</SimpleData>
		<SimpleData name="visibility">-1</SimpleData>
		<SimpleData name="Ward_Name">JANAK PURI SOUTH</SimpleData>
		<SimpleData name="Ward_No">118</SimpleData>
		<SimpleData name="internal">0</SimpleData>
		<SimpleData name="Zone_no">222</SimpleData>
		<SimpleData name="ycoord">3167326.584</SimpleData>
	</SchemaData></ExtendedData>
      <Polygon><outerBoundaryIs><LinearRing><coordinates>77.1036315280001,28.6206869640001,0 77.1065959680001,28.6158214970001,0 77.1074403850001,28.6147805570001,0 77.1047274730001,28.612816938,0 77.1005682730001,28.6107980790001,0 77.099849621,28.6114289770001,0 77.0988884230001,28.6116734490001,0 77.0989063900001,28.609473182,0 77.099310631,28.6092444770001,0 77.097747563,28.6090867500001,0 77.0971367080001,28.609157727,0 77.086680319,28.6136922910001,0 77.08793796,28.616247333,0 77.088575764,28.6182424300001,0 77.0889261070001,28.6217593870001,0 77.0907317200001,28.62163322,0 77.092842761,28.622059033,0 77.1014576050001,28.6250160160001,0 77.102490668,28.622579468,0 77.1036315280001,28.6206869640001,0</coordinates></LinearRing></outerBoundaryIs></Polygon>
  </Placemark>
  <Placemark>
	<Style><LineStyle><color>ff0000ff</color></LineStyle><PolyStyle><fill>0</fill></PolyStyle></Style>
	<ExtendedData><SchemaData schemaUrl="#Final_zoning_delhi">
		<SimpleData name="tessellate">-1</SimpleData>
		<SimpleData name="extrude">0</SimpleData>
		<SimpleData name="visibility">-1</SimpleData>
		<SimpleData name="Ward_Name">MILAP NAGAR</SimpleData>
		<SimpleData name="Ward_No">119</SimpleData>
		<SimpleData name="internal">0</SimpleData>
		<SimpleData name="Zone_no">220</SimpleData>
		<SimpleData name="ycoord">3167572.939</SimpleData>
	</SchemaData></ExtendedData>
      <Polygon><outerBoundaryIs><LinearRing><coordinates>77.0782720870001,28.617430201,0 77.077751065,28.6164208210001,0 77.077616317,28.6134320520001,0 77.0765383390001,28.6134793680001,0 77.0765203730001,28.6132349,0 77.0761520630001,28.6132427860001,0 77.0762329120001,28.6146149520001,0 77.072945078,28.6146701540001,0 77.072972027,28.6156953230001,0 77.0715347230001,28.6157584100001,0 77.0715706550001,28.6176352310001,0 77.0697740250001,28.617682545,0 77.069729109,28.617942774,0 77.0688218110001,28.6179822020001,0 77.0688307940001,28.6185894,0 77.0655878760001,28.6198826400001,0 77.0634588680001,28.6209944980001,0 77.060620192,28.617690431,0 77.05859,28.6173119150001,0 77.0572335430001,28.6172567150001,0 77.0572335430001,28.6167993400001,0 77.052167045,28.616957056,0 77.0521760280001,28.6171857430001,0 77.0507836400001,28.617217286,0 77.050774657,28.6167204820001,0 77.0468669850001,28.616752025,0 77.046920884,28.620458285,0 77.0540624910001,28.6213335740001,0 77.0574671050001,28.622051147,0 77.0612490130001,28.623178753,0 77.0673036580001,28.6255443210001,0 77.0688397770001,28.6224296460001,0 77.069621311,28.621672647,0 77.0751279840001,28.618841741,0 77.0782720870001,28.617430201,0</coordinates></LinearRing></outerBoundaryIs></Polygon>
  </Placemark>
  <Placemark>
	<Style><LineStyle><color>ff0000ff</color></LineStyle><PolyStyle><fill>0</fill></PolyStyle></Style>
	<ExtendedData><SchemaData schemaUrl="#Final_zoning_delhi">
		<SimpleData name="tessellate">-1</SimpleData>
		<SimpleData name="extrude">0</SimpleData>
		<SimpleData name="visibility">-1</SimpleData>
		<SimpleData name="Ward_Name">SITA PURI</SimpleData>
		<SimpleData name="Ward_No">120</SimpleData>
		<SimpleData name="internal">0</SimpleData>
		<SimpleData name="Zone_no">232</SimpleData>
		<SimpleData name="ycoord">3166661.899</SimpleData>
	</SchemaData></ExtendedData>
      <Polygon><outerBoundaryIs><LinearRing><coordinates>77.086680319,28.6136922910001,0 77.0868330320001,28.613621317,0 77.0867342170001,28.613392622,0 77.0859437,28.6122175940001,0 77.084721991,28.611704993,0 77.0837428280001,28.6109242590001,0 77.0820000960001,28.6103958800001,0 77.0787392110001,28.6077933770001,0 77.0765383390001,28.6067365850001,0 77.073043892,28.6055220490001,0 77.0726127010001,28.6052539030001,0 77.0720467630001,28.6052854490001,0 77.072100661,28.605687668,0 77.0707172560001,28.6057271010001,0 77.070744205,28.6075646690001,0 77.0704118290001,28.6074305990001,0 77.0703309800001,28.6076593070001,0 77.0705465760001,28.6078959010001,0 77.0705286100001,28.609552045,0 77.0735649150001,28.6094652950001,0 77.0735738990001,28.609638795,0 77.076358676,28.609591477,0 77.0764125750001,28.610577264,0 77.078388868,28.6105220600001,0 77.0784158180001,28.611066211,0 77.0797992230001,28.6109952350001,0 77.079844139,28.612525152,0 77.077571402,28.6125566970001,0 77.077751065,28.6164208210001,0 77.0782720870001,28.617430201,0 77.086680319,28.6136922910001,0</coordinates></LinearRing></outerBoundaryIs></Polygon>
  </Placemark>
  <Placemark>
	<Style><LineStyle><color>ff0000ff</color></LineStyle><PolyStyle><fill>0</fill></PolyStyle></Style>
	<ExtendedData><SchemaData schemaUrl="#Final_zoning_delhi">
		<SimpleData name="tessellate">-1</SimpleData>
		<SimpleData name="extrude">0</SimpleData>
		<SimpleData name="visibility">-1</SimpleData>
		<SimpleData name="Ward_Name">CHHAWLA</SimpleData>
		<SimpleData name="Ward_No">133</SimpleData>
		<SimpleData name="internal">0</SimpleData>
		<SimpleData name="Zone_no">276</SimpleData>
		<SimpleData name="ycoord">3158527.887</SimpleData>
	</SchemaData></ExtendedData>
      <Polygon><outerBoundaryIs><LinearRing><coordinates>76.94707314,28.5888325920001,0 76.949076383,28.5888010400001,0 76.9490494340001,28.5859771360001,0 76.9496872380001,28.585937695,0 76.9496872380001,28.5839025430001,0 76.958409879,28.583831549,0 76.9579786880001,28.5821907760001,0 76.9613114370001,28.582143446,0 76.961284488,28.5807077480001,0 76.963144001,28.5806840820001,0 76.9602244760001,28.575296096,0 76.9608532970001,28.5744756460001,0 76.963054169,28.573173958,0 76.963593158,28.5730240660001,0 76.961428218,28.570097177,0 76.9618773760001,28.570065619,0 76.9637728210001,28.568503526,0 76.963835703,28.5674857860001,0 76.9646172380001,28.567414781,0 76.96582098,28.566191901,0 76.966800144,28.5655607320001,0 76.9684530440001,28.563872336,0 76.9691627130001,28.5635409650001,0 76.969890348,28.5628703310001,0 76.972252918,28.561584279,0 76.972791907,28.560779503,0 76.9739237840001,28.55994316,0 76.9763312690001,28.559146261,0 76.9785770570001,28.5607321630001,0 76.9796909680001,28.560100961,0 76.979807749,28.560164081,0 76.979906564,28.5611503320001,0 76.982197268,28.5611582220001,0 76.9830237180001,28.563296381,0 76.9836435550001,28.5630912460001,0 76.9836705050001,28.5638486670001,0 76.9863744340001,28.563880226,0 76.9863564680001,28.564424618,0 76.9932914620001,28.56436939,0 76.9964714980001,28.5710754450001,0 76.9975225270001,28.5727321690001,0 76.9971901500001,28.574412534,0 76.9981243980001,28.5743967560001,0 76.9989059320001,28.5755800960001,0 77.005553465,28.5720615930001,0 77.0064877130001,28.5717696940001,0 77.0112937,28.5695133670001,0 77.011554211,28.5697106,0 77.012901684,28.5696395960001,0 77.013404741,28.569789493,0 77.017339362,28.5715645760001,0 77.0192437900001,28.5727321690001,0 77.020115156,28.572337713,0 77.024786395,28.568550863,0 77.0260889530001,28.569182014,0 77.0281191450001,28.569892055,0 77.0286132190001,28.5699157220001,0 77.030293068,28.569253018,0 77.028712033,28.56658638,0 77.0255409800001,28.5629807890001,0 77.0244540190001,28.561024092,0 77.0229268830001,28.5576865780001,0 77.0217590730001,28.55565877,0 77.0208068590001,28.5547987150001,0 77.018516155,28.5533784250001,0 77.0160637540001,28.5513426430001,0 77.013548471,28.547002666,0 77.0118776050001,28.545377102,0 77.0105211490001,28.544587984,0 77.008535872,28.54386199,0 77.007278231,28.5412026,0 77.007044669,28.540381885,0 77.006029572,28.539726886,0 77.0048707460001,28.5391902580001,0 77.0019242710001,28.5340211230001,0 77.0014751140001,28.5336028460001,0 77.0013493500001,28.5332555960001,0 77.001196636,28.5314246230001,0 77.002948351,28.5303986320001,0 77.0043587060001,28.529159538,0 77.0070895840001,28.527754687,0 77.00830231,28.5269654370001,0 77.0095240190001,28.5266181650001,0 77.0106558960001,28.5255368800001,0 77.0144737360001,28.52427405,0 77.0164320630001,28.522411349,0 77.0169441030001,28.521551022,0 77.0169351200001,28.5209274790001,0 77.0117787900001,28.516341556,0 77.010494199,28.515047043,0 77.0104852160001,28.514644478,0 77.009991143,28.5146523710001,0 77.006128387,28.5157969150001,0 77.0027058060001,28.5172966440001,0 77.000145607,28.517809705,0 76.9968038740001,28.5195935560001,0 76.996381666,28.519009467,0 76.995465385,28.5169888070001,0 76.9948455470001,28.517280858,0 76.994522154,28.5175965880001,0 76.9931207820001,28.5157337680001,0 76.9929590850001,28.515757449,0 76.9923033150001,28.514707625,0 76.991000758,28.5134683470001,0 76.985889344,28.515710088,0 76.983356095,28.516980914,0 76.9811013230001,28.5191594360001,0 76.9784602760001,28.5211326960001,0 76.976313303,28.518748993,0 76.9756575330001,28.518567451,0 76.974211245,28.5176913060001,0 76.9735195420001,28.516965127,0 76.971444434,28.5158442760001,0 76.9703844220001,28.5151022970001,0 76.9699981460001,28.5151496570001,0 76.968704572,28.514273485,0 76.9651741930001,28.512892117,0 76.9611766900001,28.510247733,0 76.954987298,28.505653452,0 76.95319965,28.504800883,0 76.9522474360001,28.504658787,0 76.943219368,28.5044298550001,0 76.940479506,28.5057481810001,0 76.937155739,28.5078953600001,0 76.934182316,28.510050388,0 76.932107208,28.510097751,0 76.9276246140001,28.510579271,0 76.926798164,28.5096951670001,0 76.923824741,28.50785589,0 76.9228545600001,28.5074375090001,0 76.9207525020001,28.5068928220001,0 76.9192972320001,28.508692646,0 76.9164944880001,28.5106029520001,0 76.914922436,28.5113291750001,0 76.912110709,28.512315883,0 76.9101613650001,28.5121264360001,0 76.9078706610001,28.5133815180001,0 76.906325559,28.512442181,0 76.9037114610001,28.5098056800001,0 76.902741281,28.5090320830001,0 76.9014746560001,28.509458352,0 76.8999475200001,28.509679379,0 76.898303603,28.5088899940001,0 76.894036606,28.5031351960001,0 76.8927699810001,28.50114581,0 76.8923657390001,28.500893187,0 76.8920692950001,28.500782664,0 76.8912158960001,28.5007984530001,0 76.8882604390001,28.5011300210001,0 76.885484644,28.501232649,0 76.885978718,28.502464177,0 76.8842809020001,28.503040464,0 76.881927316,28.504579845,0 76.8816398550001,28.5045009030001,0 76.8805798430001,28.505558722,0 76.88057086,28.505835017,0 76.8815679900001,28.5095530780001,0 76.8833286880001,28.5124185,0 76.88419107,28.514084041,0 76.885304981,28.5170045940001,0 76.8869129660001,28.5195304120001,0 76.8871824600001,28.520240787,0 76.8864368590001,28.5206670100001,0 76.885035487,28.5210379800001,0 76.8822866420001,28.52222192,0 76.8799510220001,28.523508452,0 76.877211161,28.524771291,0 76.8749024900001,28.5277152250001,0 76.8742107880001,28.528993798,0 76.87390536,28.529112184,0 76.873626883,28.5294436630001,0 76.8734023040001,28.5299803410001,0 76.8736178990001,28.5305801540001,0 76.874983339,28.5305249080001,0 76.8749384230001,28.5312983470001,0 76.875091136,28.531606143,0 76.8746868950001,28.5319139380001,0 76.8746689280001,28.5324032500001,0 76.8748935070001,28.534036907,0 76.875127069,28.5343210190001,0 76.8754774120001,28.534305235,0 76.8763218280001,28.535528485,0 76.8762769130001,28.5379197,0 76.880094753,28.539513813,0 76.882834614,28.5379039170001,0 76.8828615640001,28.5405081490001,0 76.8845863290001,28.5405476070001,0 76.884631245,28.5418102410001,0 76.884200053,28.542046983,0 76.884460565,28.5424967920001,0 76.8848198910001,28.5422758340001,0 76.8856643070001,28.54361736,0 76.8859966840001,28.5435226650001,0 76.8860954990001,28.5476260560001,0 76.89085657,28.5475550370001,0 76.8908835190001,28.547925913,0 76.892275908,28.547910131,0 76.89231184,28.5491647860001,0 76.893704229,28.549243695,0 76.8955457760001,28.548375697,0 76.8974681700001,28.5478548940001,0 76.898707845,28.5473498710001,0 76.9002259980001,28.5477286390001,0 76.901923814,28.5473340890001,0 76.901932797,28.5485492970001,0 76.903217388,28.5485729700001,0 76.9032623040001,28.5506956030001,0 76.9046726590001,28.5507113850001,0 76.904735541,28.555635099,0 76.9026873820001,28.555619318,0 76.9026873820001,28.55810476,0 76.907448453,28.5580179670001,0 76.9184258660001,28.5557297830001,0 76.9184168830001,28.556534599,0 76.9212375930001,28.5559664940001,0 76.9224772680001,28.5555167430001,0 76.923716943,28.5581521010001,0 76.927956991,28.5629965680001,0 76.9296637900001,28.564290493,0 76.9302746440001,28.5650400150001,0 76.9372365880001,28.565000566,0 76.937533032,28.5655686220001,0 76.9450968470001,28.565418719,0 76.946435336,28.5669729680001,0 76.9453663410001,28.568369406,0 76.9460490610001,28.569008448,0 76.9464712690001,28.569663264,0 76.9466239830001,28.57071254,0 76.9461029600001,28.571114891,0 76.9467587300001,28.573607856,0 76.943345132,28.5736551900001,0 76.9433720810001,28.5758246510001,0 76.9426983450001,28.575816762,0 76.942743261,28.5752803180001,0 76.9377845600001,28.5753276510001,0 76.9389703360001,28.5791773670001,0 76.937227605,28.57921681,0 76.937398285,28.5808260750001,0 76.9346314740001,28.5808891830001,0 76.934685372,28.5850778880001,0 76.9358621650001,28.585125217,0 76.936005896,28.5861348980001,0 76.9366616660001,28.5860954570001,0 76.9366886160001,28.5867265030001,0 76.9373893010001,28.586750167,0 76.937425234,28.5869552560001,0 76.9389613530001,28.586947368,0 76.938916437,28.5874995290001,0 76.9394733930001,28.5875153050001,0 76.9394823760001,28.5878702640001,0 76.9408029,28.5878071610001,0 76.940847815,28.5876415130001,0 76.9415485010001,28.587586297,0 76.9415305350001,28.587262889,0 76.9448992170001,28.587231337,0 76.9449800660001,28.5888720310001,0 76.94707314,28.5888325920001,0</coordinates></LinearRing></outerBoundaryIs></Polygon>
  </Placemark>
  <Placemark>
	<Style><LineStyle><color>ff0000ff</color></LineStyle><PolyStyle><fill>0</fill></PolyStyle></Style>
	<ExtendedData><SchemaData schemaUrl="#Final_zoning_delhi">
		<SimpleData name="tessellate">-1</SimpleData>
		<SimpleData name="extrude">0</SimpleData>
		<SimpleData name="visibility">-1</SimpleData>
		<SimpleData name="Ward_Name">NANGLI SAKRAVATI</SimpleData>
		<SimpleData name="Ward_No">134</SimpleData>
		<SimpleData name="internal">0</SimpleData>
		<SimpleData name="Zone_no">258</SimpleData>
		<SimpleData name="ycoord">3163122.980</SimpleData>
	</SchemaData></ExtendedData>
      <Polygon><outerBoundaryIs><LinearRing><coordinates>77.0145096690001,28.6006243310001,0 77.0152193380001,28.5994728210001,0 77.0152193380001,28.598510591,0 77.0149498430001,28.5975799010001,0 77.014500685,28.5966176540001,0 77.013817966,28.59586047,0 77.011383531,28.594748345,0 77.010871492,28.594259322,0 77.010503182,28.593596771,0 77.0104223340001,28.5927764640001,0 77.0108894580001,28.591577543,0 77.011482346,28.5913093610001,0 77.0122728640001,28.5912068210001,0 77.013234061,28.5913330240001,0 77.015946973,28.5920665780001,0 77.0180669970001,28.591727409,0 77.0183903910001,28.5914119010001,0 77.0185071720001,28.5908203220001,0 77.01844429,28.5899290030001,0 77.0181388620001,28.5888325920001,0 77.0175280080001,28.587673065,0 77.0171776650001,28.586466197,0 77.0171776650001,28.585361861,0 77.0177525870001,28.5845493790001,0 77.0203756670001,28.5838078840001,0 77.030733243,28.581599145,0 77.034021077,28.5806919710001,0 77.035889572,28.5800293340001,0 77.0374167080001,28.579019595,0 77.0373268770001,28.578072955,0 77.035036173,28.5731818470001,0 77.0415220090001,28.570412748,0 77.0426359200001,28.570412748,0 77.047486823,28.5695685920001,0 77.0479719130001,28.56960015,0 77.049319386,28.566286576,0 77.0466873220001,28.5663023560001,0 77.0467052880001,28.5658132,0 77.046983766,28.5657579730001,0 77.0468310530001,28.5641958160001,0 77.0446211970001,28.5641484770001,0 77.0446032310001,28.561962995,0 77.0443337360001,28.56142648,0 77.0393570690001,28.562965009,0 77.0398511430001,28.566830956,0 77.0294935680001,28.567951265,0 77.030293068,28.569253018,0 77.0286132190001,28.5699157220001,0 77.0281191450001,28.569892055,0 77.0260889530001,28.569182014,0 77.024786395,28.568550863,0 77.020115156,28.572337713,0 77.0192437900001,28.5727321690001,0 77.017339362,28.5715645760001,0 77.013404741,28.569789493,0 77.012901684,28.5696395960001,0 77.011554211,28.5697106,0 77.0112937,28.5695133670001,0 77.0064877130001,28.5717696940001,0 77.005553465,28.5720615930001,0 76.9989059320001,28.5755800960001,0 76.9981243980001,28.5743967560001,0 76.9971901500001,28.574412534,0 76.9975225270001,28.5727321690001,0 76.9964714980001,28.5710754450001,0 76.9932914620001,28.56436939,0 76.9863564680001,28.564424618,0 76.9863744340001,28.563880226,0 76.9836705050001,28.5638486670001,0 76.9836435550001,28.5630912460001,0 76.9830237180001,28.563296381,0 76.982197268,28.5611582220001,0 76.979906564,28.5611503320001,0 76.979807749,28.560164081,0 76.9796909680001,28.560100961,0 76.9785770570001,28.5607321630001,0 76.9763312690001,28.559146261,0 76.9739237840001,28.55994316,0 76.972791907,28.560779503,0 76.972252918,28.561584279,0 76.969890348,28.5628703310001,0 76.9691627130001,28.5635409650001,0 76.9684530440001,28.563872336,0 76.966800144,28.5655607320001,0 76.96582098,28.566191901,0 76.9646172380001,28.567414781,0 76.963835703,28.5674857860001,0 76.9637728210001,28.568503526,0 76.9618773760001,28.570065619,0 76.961428218,28.570097177,0 76.963593158,28.5730240660001,0 76.963054169,28.573173958,0 76.9608532970001,28.5744756460001,0 76.9602244760001,28.575296096,0 76.963144001,28.5806840820001,0 76.961284488,28.5807077480001,0 76.9613114370001,28.582143446,0 76.9579786880001,28.5821907760001,0 76.958409879,28.583831549,0 76.9496872380001,28.5839025430001,0 76.9496872380001,28.585937695,0 76.9490494340001,28.5859771360001,0 76.949076383,28.5888010400001,0 76.94707314,28.5888325920001,0 76.9471270390001,28.5910096280001,0 76.9484385790001,28.5910175160001,0 76.948465529,28.5927685770001,0 76.949139265,28.592476735,0 76.9491841810001,28.595261028,0 76.949345878,28.5957737090001,0 76.9510526770001,28.5950007430001,0 76.953298465,28.593644097,0 76.953801522,28.593028867,0 76.9549693320001,28.592200668,0 76.9553556070001,28.59216123,0 76.955301708,28.590914975,0 76.9586883570001,28.590883424,0 76.9587332730001,28.591404014,0 76.9594159920001,28.591388238,0 76.9593800600001,28.5908913120001,0 76.961086859,28.5908203220001,0 76.9618863590001,28.5919324880001,0 76.9635662090001,28.591325136,0 76.9635392590001,28.590465373,0 76.9648867320001,28.5903864950001,0 76.9648687660001,28.589495173,0 76.966261155,28.589447846,0 76.966027593,28.5887931520001,0 76.9675637120001,28.588453972,0 76.9675637120001,28.5874679770001,0 76.967958971,28.5874522010001,0 76.968938134,28.587018361,0 76.968965084,28.5865056380001,0 76.9695040730001,28.586466197,0 76.97063595,28.5885407390001,0 76.9713995180001,28.589384743,0 76.972522412,28.5901419740001,0 76.9747053180001,28.5909859650001,0 76.9785590910001,28.5921691180001,0 76.9798257150001,28.595008631,0 76.9833021960001,28.594937644,0 76.983490842,28.5947956700001,0 76.9834998250001,28.596026104,0 76.9855390010001,28.5959708930001,0 76.985628832,28.5962784990001,0 76.9900485430001,28.596223288,0 76.9904527850001,28.5963889220001,0 76.989446672,28.5987866420001,0 76.9945131700001,28.5986762220001,0 76.9944772380001,28.6002299800001,0 77.0009091750001,28.600127448,0 77.0009091750001,28.5997646430001,0 77.0013493500001,28.599756756,0 77.0013493500001,28.59996182,0 77.002876486,28.5999460460001,0 77.002876486,28.5997015470001,0 77.003361576,28.5996936600001,0 77.0034154750001,28.600774184,0 77.0089850300001,28.6007189750001,0 77.0090209620001,28.6008136190001,0 77.0096318170001,28.6007189750001,0 77.0096408,28.600592783,0 77.0119764190001,28.6004823650001,0 77.0145096690001,28.6006243310001,0</coordinates></LinearRing></outerBoundaryIs></Polygon>
  </Placemark>
  <Placemark>
	<Style><LineStyle><color>ff0000ff</color></LineStyle><PolyStyle><fill>0</fill></PolyStyle></Style>
	<ExtendedData><SchemaData schemaUrl="#Final_zoning_delhi">
		<SimpleData name="tessellate">-1</SimpleData>
		<SimpleData name="extrude">0</SimpleData>
		<SimpleData name="visibility">-1</SimpleData>
		<SimpleData name="Ward_Name">KAKRAULA</SimpleData>
		<SimpleData name="Ward_No">135</SimpleData>
		<SimpleData name="internal">0</SimpleData>
		<SimpleData name="Zone_no">244</SimpleData>
		<SimpleData name="ycoord">3165245.169</SimpleData>
	</SchemaData></ExtendedData>
      <Polygon><outerBoundaryIs><LinearRing><coordinates>77.0293947530001,28.6202690320001,0 77.0305445960001,28.6203005740001,0 77.0311195180001,28.6189994530001,0 77.0315237600001,28.6190231100001,0 77.0320807160001,28.6168781980001,0 77.0355661790001,28.606294937,0 77.0422676110001,28.6018152620001,0 77.0384318050001,28.5973275100001,0 77.046130367,28.5921533420001,0 77.044414584,28.590149862,0 77.0436420330001,28.589936891,0 77.041629807,28.588091127,0 77.045932737,28.5850226700001,0 77.043498303,28.58211978,0 77.0431838920001,28.58303483,0 77.042788634,28.5835081290001,0 77.0418543860001,28.5869394800001,0 77.0411447170001,28.5862689950001,0 77.0402643680001,28.582167111,0 77.0404260650001,28.582127669,0 77.040183519,28.58106273,0 77.039231305,28.579532354,0 77.038692316,28.5790511490001,0 77.0381263770001,28.5788066010001,0 77.0374167080001,28.579019595,0 77.035889572,28.5800293340001,0 77.034021077,28.5806919710001,0 77.030733243,28.581599145,0 77.0203756670001,28.5838078840001,0 77.0177525870001,28.5845493790001,0 77.0171776650001,28.585361861,0 77.0171776650001,28.586466197,0 77.0175280080001,28.587673065,0 77.0181388620001,28.5888325920001,0 77.01844429,28.5899290030001,0 77.0185071720001,28.5908203220001,0 77.0183903910001,28.5914119010001,0 77.0180669970001,28.591727409,0 77.015946973,28.5920665780001,0 77.013234061,28.5913330240001,0 77.0122728640001,28.5912068210001,0 77.011482346,28.5913093610001,0 77.0108894580001,28.591577543,0 77.0104223340001,28.5927764640001,0 77.010503182,28.593596771,0 77.010871492,28.594259322,0 77.011383531,28.594748345,0 77.013817966,28.59586047,0 77.014500685,28.5966176540001,0 77.0152193380001,28.598510591,0 77.0152193380001,28.5994728210001,0 77.014734247,28.6003482850001,0 77.0138359320001,28.60146035,0 77.011410481,28.6033768610001,0 77.0107187780001,28.6044573470001,0 77.0104043680001,28.605932153,0 77.0104492830001,28.6066498320001,0 77.010871492,28.6074621450001,0 77.0120033690001,28.6088817040001,0 77.0129825330001,28.6097728620001,0 77.0154888320001,28.611373773,0 77.0161985010001,28.6120835290001,0 77.0167374900001,28.6131402680001,0 77.017545974,28.615348344,0 77.0179232670001,28.6158214970001,0 77.0207709260001,28.6177062020001,0 77.0211841510001,28.6182660870001,0 77.0223968770001,28.621846127,0 77.0235018050001,28.621648991,0 77.02471453,28.621625335,0 77.0247235130001,28.620931415,0 77.0279754150001,28.6208052470001,0 77.028002364,28.6214833970001,0 77.0286491510001,28.621459741,0 77.028640168,28.6202690320001,0 77.0293947530001,28.6202690320001,0</coordinates></LinearRing></outerBoundaryIs></Polygon>
  </Placemark>
  <Placemark>
	<Style><LineStyle><color>ff0000ff</color></LineStyle><PolyStyle><fill>0</fill></PolyStyle></Style>
	<ExtendedData><SchemaData schemaUrl="#Final_zoning_delhi">
		<SimpleData name="tessellate">-1</SimpleData>
		<SimpleData name="extrude">0</SimpleData>
		<SimpleData name="visibility">-1</SimpleData>
		<SimpleData name="Ward_Name">KHERA</SimpleData>
		<SimpleData name="Ward_No">140</SimpleData>
		<SimpleData name="internal">0</SimpleData>
		<SimpleData name="Zone_no">256</SimpleData>
		<SimpleData name="ycoord">3163608.596</SimpleData>
	</SchemaData></ExtendedData>
      <Polygon><outerBoundaryIs><LinearRing><coordinates>76.9162519430001,28.631844357,0 76.917464668,28.6318207030001,0 76.919288248,28.6314816620001,0 76.920770469,28.6308981930001,0 76.923923555,28.6280202250001,0 76.927948008,28.6230447030001,0 76.931738898,28.6205213690001,0 76.9334546800001,28.6191256230001,0 76.9350806310001,28.6183291730001,0 76.937047942,28.621065468,0 76.9393116960001,28.623147212,0 76.9423210520001,28.6230920150001,0 76.948285866,28.6221063450001,0 76.9542057640001,28.6206633080001,0 76.95570595,28.6199220680001,0 76.955777815,28.6193069920001,0 76.955086113,28.619362192,0 76.955059163,28.618865398,0 76.953702707,28.6188969400001,0 76.9536577910001,28.6159555560001,0 76.961428218,28.6159082410001,0 76.9614372020001,28.6164444780001,0 76.963251798,28.616397164,0 76.9632428150001,28.615671665,0 76.964734019,28.615663779,0 76.9661533570001,28.6146307240001,0 76.9683811790001,28.6133295330001,0 76.9710761250001,28.6121939350001,0 76.9705730680001,28.6109479180001,0 76.970537135,28.610175064,0 76.9705910340001,28.610048883,0 76.9714624,28.610285472,0 76.971839693,28.6090867500001,0 76.9720642710001,28.608992114,0 76.9713546020001,28.607304415,0 76.971651046,28.6072018900001,0 76.9713815520001,28.6065630800001,0 76.97263021,28.606294937,0 76.9728547890001,28.6067523580001,0 76.973303946,28.606602513,0 76.9754239710001,28.6065551940001,0 76.9754958360001,28.607083592,0 76.9770499210001,28.6055693690001,0 76.9770499210001,28.6060267930001,0 76.979969446,28.6059637,0 76.9799604630001,28.6042601790001,0 76.977472129,28.604291726,0 76.977436197,28.602769575,0 76.97676246,28.602761688,0 76.976753477,28.602375232,0 76.9753521050001,28.602383119,0 76.9753161730001,28.6013657070001,0 76.9722439340001,28.5978559540001,0 76.971040192,28.598660447,0 76.9701149270001,28.597595676,0 76.970869512,28.597177652,0 76.9697106850001,28.5961128650001,0 76.968192533,28.5938964970001,0 76.9697376350001,28.592847453,0 76.9696028880001,28.5885644030001,0 76.97063595,28.5885407390001,0 76.9695040730001,28.586466197,0 76.968965084,28.5865056380001,0 76.968938134,28.587018361,0 76.967958971,28.5874522010001,0 76.9675637120001,28.5874679770001,0 76.9675637120001,28.588453972,0 76.966027593,28.5887931520001,0 76.966261155,28.589447846,0 76.9648687660001,28.589495173,0 76.9648867320001,28.5903864950001,0 76.9635392590001,28.590465373,0 76.9635662090001,28.591325136,0 76.9618863590001,28.5919324880001,0 76.961086859,28.5908203220001,0 76.9593800600001,28.5908913120001,0 76.9594159920001,28.591388238,0 76.9587332730001,28.591404014,0 76.9586883570001,28.590883424,0 76.955301708,28.590914975,0 76.9553556070001,28.59216123,0 76.9549693320001,28.592200668,0 76.953801522,28.593028867,0 76.953298465,28.593644097,0 76.9510526770001,28.5950007430001,0 76.949345878,28.5957737090001,0 76.9491841810001,28.595261028,0 76.949139265,28.592476735,0 76.948465529,28.5927685770001,0 76.9484385790001,28.5910175160001,0 76.9471270390001,28.5910096280001,0 76.94707314,28.5888325920001,0 76.9449800660001,28.5888720310001,0 76.9448992170001,28.587231337,0 76.9415305350001,28.587262889,0 76.9415485010001,28.587586297,0 76.940847815,28.5876415130001,0 76.9408029,28.5878071610001,0 76.9394823760001,28.5878702640001,0 76.9394733930001,28.5875153050001,0 76.938916437,28.5874995290001,0 76.9389613530001,28.586947368,0 76.937425234,28.5869552560001,0 76.9373893010001,28.586750167,0 76.9366886160001,28.5867265030001,0 76.9366616660001,28.5860954570001,0 76.936005896,28.5861348980001,0 76.9358621650001,28.585125217,0 76.9346943560001,28.585117328,0 76.9346314740001,28.5808891830001,0 76.937398285,28.5808260750001,0 76.937227605,28.57921681,0 76.9389703360001,28.5791773670001,0 76.9377845600001,28.5753276510001,0 76.942743261,28.5752803180001,0 76.9426983450001,28.575816762,0 76.9433720810001,28.5758246510001,0 76.943345132,28.5736551900001,0 76.9467587300001,28.573607856,0 76.9461029600001,28.571114891,0 76.9466239830001,28.57071254,0 76.9464712690001,28.569663264,0 76.9460490610001,28.569008448,0 76.9453663410001,28.568369406,0 76.946435336,28.5669729680001,0 76.9450968470001,28.565418719,0 76.937533032,28.5655686220001,0 76.9372365880001,28.565000566,0 76.9302746440001,28.5650400150001,0 76.9296637900001,28.564290493,0 76.927956991,28.5629965680001,0 76.923716943,28.5581521010001,0 76.9224772680001,28.5555167430001,0 76.9212375930001,28.5559664940001,0 76.9184168830001,28.556534599,0 76.9184258660001,28.5557297830001,0 76.907448453,28.5580179670001,0 76.9026873820001,28.55810476,0 76.9026873820001,28.555619318,0 76.904735541,28.555635099,0 76.9046726590001,28.5507113850001,0 76.9032623040001,28.5506956030001,0 76.903217388,28.5485729700001,0 76.901932797,28.5485492970001,0 76.901923814,28.5473340890001,0 76.9002259980001,28.5477286390001,0 76.898707845,28.5473498710001,0 76.8974681700001,28.5478548940001,0 76.8955457760001,28.548375697,0 76.893704229,28.549243695,0 76.89231184,28.5491647860001,0 76.892275908,28.547910131,0 76.8908835190001,28.547925913,0 76.89085657,28.5475550370001,0 76.8860954990001,28.5476260560001,0 76.8859966840001,28.5435226650001,0 76.8856643070001,28.54361736,0 76.8848198910001,28.5422758340001,0 76.884460565,28.5424967920001,0 76.884200053,28.542046983,0 76.884631245,28.5418102410001,0 76.8845863290001,28.5405476070001,0 76.8828615640001,28.5405081490001,0 76.882834614,28.5379039170001,0 76.880094753,28.539513813,0 76.8762769130001,28.5379197,0 76.8763218280001,28.535528485,0 76.8754774120001,28.534305235,0 76.875127069,28.5343210190001,0 76.8748935070001,28.534036907,0 76.8746689280001,28.5324032500001,0 76.8746868950001,28.5319139380001,0 76.875091136,28.531606143,0 76.8749384230001,28.5312983470001,0 76.874983339,28.5305249080001,0 76.8736178990001,28.5305801540001,0 76.872575854,28.5308563830001,0 76.872477039,28.530919521,0 76.873222641,28.5325453080001,0 76.8727106010001,28.532782072,0 76.8728363650001,28.5331056470001,0 76.8721626290001,28.5333739770001,0 76.871875168,28.533208244,0 76.870446846,28.533910635,0 76.869297003,28.534155287,0 76.8686771650001,28.5347787530001,0 76.8689107270001,28.5352207010001,0 76.8674554570001,28.5360414560001,0 76.8661978150001,28.5412104920001,0 76.865479163,28.5423310730001,0 76.8655150960001,28.5427177500001,0 76.8645538980001,28.543562121,0 76.861382845,28.54536132,0 76.8603408,28.545755876,0 76.858777731,28.546103085,0 76.8559570210001,28.547081577,0 76.854043609,28.547468236,0 76.8502527190001,28.548636097,0 76.8476565880001,28.5491411140001,0 76.846246233,28.549575111,0 76.8458330080001,28.5500169970001,0 76.845168254,28.5503563010001,0 76.8452221530001,28.551382097,0 76.845060457,28.5521948360001,0 76.844593333,28.552960225,0 76.8443058720001,28.5531101460001,0 76.8436501020001,28.55436474,0 76.843102129,28.554948633,0 76.8430122980001,28.5555719760001,0 76.842500258,28.5558954810001,0 76.8422846620001,28.5563373410001,0 76.842257713,28.556976455,0 76.8420511,28.5569291140001,0 76.842158898,28.558081089,0 76.8418355050001,28.5606453730001,0 76.842320595,28.5626573050001,0 76.841709741,28.56437728,0 76.8411977010001,28.5666889440001,0 76.8401736210001,28.5695528140001,0 76.8401736210001,28.5714383490001,0 76.838906997,28.572803171,0 76.83877225,28.573797192,0 76.839041744,28.5755800960001,0 76.8389878450001,28.577938847,0 76.8394100530001,28.5826640780001,0 76.8404161670001,28.582695632,0 76.841341431,28.582924394,0 76.8420780500001,28.5833503630001,0 76.8441351920001,28.584123414,0 76.8462013170001,28.5846913660001,0 76.8486716840001,28.5847781360001,0 76.8539088620001,28.5853381970001,0 76.857088898,28.585211986,0 76.8585531520001,28.5849753410001,0 76.8609875870001,28.5850463350001,0 76.8627572680001,28.5852908680001,0 76.8634310040001,28.585243539,0 76.8636376170001,28.585630058,0 76.864491016,28.585559065,0 76.864976106,28.586994697,0 76.8659732360001,28.5883356530001,0 76.866898501,28.589006125,0 76.868111227,28.5911910450001,0 76.868344789,28.592200668,0 76.8687759800001,28.593028867,0 76.8702671830001,28.5974931420001,0 76.870653459,28.599662111,0 76.8715427910001,28.6025408560001,0 76.871803303,28.6029588590001,0 76.872180595,28.6030850490001,0 76.8739862090001,28.6048674560001,0 76.8753785970001,28.605829627,0 76.878172358,28.609402204,0 76.88074154,28.615308914,0 76.881523074,28.617595802,0 76.8817117200001,28.6186051710001,0 76.882529187,28.619937839,0 76.8831490250001,28.621625335,0 76.8840383570001,28.623147212,0 76.8840742890001,28.623699183,0 76.883813778,28.624038249,0 76.884200053,28.6259701180001,0 76.885098369,28.628146384,0 76.8866524540001,28.6306301120001,0 76.8872812750001,28.6305118400001,0 76.887407039,28.631111081,0 76.888386203,28.6319783960001,0 76.8900570690001,28.631946858,0 76.8918986150001,28.6314816620001,0 76.89285083,28.6315526240001,0 76.894575595,28.630835115,0 76.897558002,28.6289191060001,0 76.899453447,28.6272790370001,0 76.8996510760001,28.6273184620001,0 76.90145669,28.6263407170001,0 76.9027951800001,28.625867611,0 76.9065860700001,28.62360456,0 76.9075562510001,28.6256704830001,0 76.9077269310001,28.6256704830001,0 76.908553381,28.6269242110001,0 76.9113471410001,28.6297233610001,0 76.9141948010001,28.6321991660001,0 76.9162519430001,28.631844357,0</coordinates></LinearRing></outerBoundaryIs></Polygon>
  </Placemark>
  <Placemark>
	<Style><LineStyle><color>ff0000ff</color></LineStyle><PolyStyle><fill>0</fill></PolyStyle></Style>
	<ExtendedData><SchemaData schemaUrl="#Final_zoning_delhi">
		<SimpleData name="tessellate">-1</SimpleData>
		<SimpleData name="extrude">0</SimpleData>
		<SimpleData name="visibility">-1</SimpleData>
		<SimpleData name="Ward_Name">DILSHAD GARDEN</SimpleData>
		<SimpleData name="Ward_No">241</SimpleData>
		<SimpleData name="internal">0</SimpleData>
		<SimpleData name="Zone_no">110</SimpleData>
		<SimpleData name="ycoord">3175264.521</SimpleData>
	</SchemaData></ExtendedData>
      <Polygon><outerBoundaryIs><LinearRing><coordinates>77.3178617570001,28.6903874120001,0 77.318652274,28.689331452,0 77.315472238,28.6875662410001,0 77.3162358060001,28.686667863,0 77.3155530870001,28.686297477,0 77.3164064860001,28.684989294,0 77.318760072,28.6863920430001,0 77.3200536460001,28.684508572,0 77.3077826590001,28.6780304330001,0 77.3076299460001,28.677817641,0 77.3031743020001,28.6776915410001,0 77.3032461670001,28.6756502860001,0 77.2999493500001,28.675666049,0 77.300209862,28.676777316,0 77.300991396,28.6784323730001,0 77.30143157,28.6887955870001,0 77.3015842840001,28.689426016,0 77.301898694,28.6895442210001,0 77.30809707,28.6899697580001,0 77.314933249,28.694248669,0 77.3178617570001,28.6903874120001,0</coordinates></LinearRing></outerBoundaryIs></Polygon>
  </Placemark>
  <Placemark>
	<Style><LineStyle><color>ff0000ff</color></LineStyle><PolyStyle><fill>0</fill></PolyStyle></Style>
	<ExtendedData><SchemaData schemaUrl="#Final_zoning_delhi">
		<SimpleData name="tessellate">-1</SimpleData>
		<SimpleData name="extrude">0</SimpleData>
		<SimpleData name="visibility">-1</SimpleData>
		<SimpleData name="Ward_Name">NEW SEEMA PURI</SimpleData>
		<SimpleData name="Ward_No">242</SimpleData>
		<SimpleData name="internal">0</SimpleData>
		<SimpleData name="Zone_no">99</SimpleData>
		<SimpleData name="ycoord">3175675.078</SimpleData>
	</SchemaData></ExtendedData>
      <Polygon><outerBoundaryIs><LinearRing><coordinates>77.3285606920001,28.6920580140001,0 77.330186643,28.6899855180001,0 77.3301417270001,28.689851553,0 77.3297644340001,28.6897175880001,0 77.3320281890001,28.6850759810001,0 77.3321988690001,28.684256389,0 77.3321359870001,28.6829718230001,0 77.3315071660001,28.6825935430001,0 77.3288840850001,28.686407805,0 77.3258837120001,28.6848316800001,0 77.32450929,28.6868097120001,0 77.3200536460001,28.684508572,0 77.318760072,28.6863920430001,0 77.3164424190001,28.684997175,0 77.316119025,28.6853833270001,0 77.3155530870001,28.686297477,0 77.3162358060001,28.686667863,0 77.315472238,28.6875662410001,0 77.3185983750001,28.6892684090001,0 77.3178617570001,28.6903874120001,0 77.3202961910001,28.6917112880001,0 77.3205746690001,28.691537924,0 77.3205926350001,28.6908996280001,0 77.320718399,28.6908050650001,0 77.3212034900001,28.6912778780001,0 77.3232785980001,28.692530822,0 77.323557076,28.692262898,0 77.3244823410001,28.692081655,0 77.324814717,28.6918925310001,0 77.327222202,28.69378375,0 77.3285606920001,28.6920580140001,0</coordinates></LinearRing></outerBoundaryIs></Polygon>
  </Placemark>
  <Placemark>
	<Style><LineStyle><color>ff0000ff</color></LineStyle><PolyStyle><fill>0</fill></PolyStyle></Style>
	<ExtendedData><SchemaData schemaUrl="#Final_zoning_delhi">
		<SimpleData name="tessellate">-1</SimpleData>
		<SimpleData name="extrude">0</SimpleData>
		<SimpleData name="visibility">-1</SimpleData>
		<SimpleData name="Ward_Name">NAND NAGRI</SimpleData>
		<SimpleData name="Ward_No">243</SimpleData>
		<SimpleData name="internal">0</SimpleData>
		<SimpleData name="Zone_no">88</SimpleData>
		<SimpleData name="ycoord">3176315.664</SimpleData>
	</SchemaData></ExtendedData>
      <Polygon><outerBoundaryIs><LinearRing><coordinates>77.307351468,28.6988347120001,0 77.3074682490001,28.6970539010001,0 77.306641799,28.6969908630001,0 77.306911294,28.694248669,0 77.3107111670001,28.6944614280001,0 77.3130827200001,28.6940595500001,0 77.3135228940001,28.6933424690001,0 77.30809707,28.6899697580001,0 77.3052943260001,28.6897885110001,0 77.305042798,28.691939812,0 77.303928887,28.6918531310001,0 77.3037222740001,28.69402803,0 77.30160225,28.6938940700001,0 77.301826829,28.699480839,0 77.307351468,28.6988347120001,0</coordinates></LinearRing></outerBoundaryIs></Polygon>
  </Placemark>
  <Placemark>
	<Style><LineStyle><color>ff0000ff</color></LineStyle><PolyStyle><fill>0</fill></PolyStyle></Style>
	<ExtendedData><SchemaData schemaUrl="#Final_zoning_delhi">
		<SimpleData name="tessellate">-1</SimpleData>
		<SimpleData name="extrude">0</SimpleData>
		<SimpleData name="visibility">-1</SimpleData>
		<SimpleData name="Ward_Name">SUNDER NAGARI</SimpleData>
		<SimpleData name="Ward_No">244</SimpleData>
		<SimpleData name="internal">0</SimpleData>
		<SimpleData name="Zone_no">85</SimpleData>
		<SimpleData name="ycoord">3176417.270</SimpleData>
	</SchemaData></ExtendedData>
      <Polygon><outerBoundaryIs><LinearRing><coordinates>77.3232067330001,28.6986692400001,0 77.323458261,28.6986613600001,0 77.323700806,28.697999468,0 77.325218959,28.6957773730001,0 77.324985397,28.6955724960001,0 77.325955578,28.695099703,0 77.327222202,28.69378375,0 77.324814717,28.6918925310001,0 77.3244823410001,28.692081655,0 77.323557076,28.692262898,0 77.3232785980001,28.692530822,0 77.3212034900001,28.6912778780001,0 77.320718399,28.6908050650001,0 77.3205926350001,28.6908996280001,0 77.3205746690001,28.691537924,0 77.3202961910001,28.6917112880001,0 77.3178617570001,28.6903874120001,0 77.314933249,28.694248669,0 77.3135228940001,28.6933424690001,0 77.3130827200001,28.6940595500001,0 77.3107111670001,28.6944614280001,0 77.306911294,28.694248669,0 77.306641799,28.6969908630001,0 77.3074682490001,28.6970539010001,0 77.307351468,28.6988347120001,0 77.3151757940001,28.6974557680001,0 77.3162537730001,28.69740849,0 77.3178976890001,28.6976133630001,0 77.321365186,28.698543165,0 77.3232067330001,28.6986692400001,0</coordinates></LinearRing></outerBoundaryIs></Polygon>
  </Placemark>
  <Placemark>
	<Style><LineStyle><color>ff0000ff</color></LineStyle><PolyStyle><fill>0</fill></PolyStyle></Style>
	<ExtendedData><SchemaData schemaUrl="#Final_zoning_delhi">
		<SimpleData name="tessellate">-1</SimpleData>
		<SimpleData name="extrude">0</SimpleData>
		<SimpleData name="visibility">-1</SimpleData>
		<SimpleData name="Ward_Name">DURGA PURI</SimpleData>
		<SimpleData name="Ward_No">245</SimpleData>
		<SimpleData name="internal">0</SimpleData>
		<SimpleData name="Zone_no">100</SimpleData>
		<SimpleData name="ycoord">3175609.031</SimpleData>
	</SchemaData></ExtendedData>
      <Polygon><outerBoundaryIs><LinearRing><coordinates>77.3052943260001,28.6897885110001,0 77.301898694,28.6895442210001,0 77.3015842840001,28.689426016,0 77.30143157,28.6887955870001,0 77.3011351260001,28.6817975750001,0 77.2970208420001,28.6825068540001,0 77.2972184720001,28.683342221,0 77.2978293260001,28.684461288,0 77.2933557160001,28.6854463720001,0 77.292125024,28.685572462,0 77.2919633270001,28.689331452,0 77.2930862210001,28.6893550930001,0 77.2931221540001,28.69004068,0 77.292735878,28.6901746450001,0 77.293032322,28.691325159,0 77.2928796090001,28.6913566800001,0 77.292861643,28.6917743290001,0 77.2952870940001,28.6918531310001,0 77.2952601440001,28.6917270480001,0 77.2982964500001,28.6910335920001,0 77.298413231,28.6912699980001,0 77.299796637,28.690749904,0 77.3007668170001,28.6927829840001,0 77.3014764860001,28.695076063,0 77.3016471660001,28.695083943,0 77.30160225,28.6938940700001,0 77.3037222740001,28.69402803,0 77.303928887,28.6918531310001,0 77.305042798,28.691939812,0 77.3052943260001,28.6897885110001,0</coordinates></LinearRing></outerBoundaryIs></Polygon>
  </Placemark>
  <Placemark>
	<Style><LineStyle><color>ff0000ff</color></LineStyle><PolyStyle><fill>0</fill></PolyStyle></Style>
	<ExtendedData><SchemaData schemaUrl="#Final_zoning_delhi">
		<SimpleData name="tessellate">-1</SimpleData>
		<SimpleData name="extrude">0</SimpleData>
		<SimpleData name="visibility">-1</SimpleData>
		<SimpleData name="Ward_Name">ASHOK NAGAR</SimpleData>
		<SimpleData name="Ward_No">246</SimpleData>
		<SimpleData name="internal">0</SimpleData>
		<SimpleData name="Zone_no">84</SimpleData>
		<SimpleData name="ycoord">3176447.607</SimpleData>
	</SchemaData></ExtendedData>
      <Polygon><outerBoundaryIs><LinearRing><coordinates>77.2975867810001,28.7001269630001,0 77.301826829,28.699480839,0 77.3016471660001,28.695083943,0 77.301422587,28.6949421050001,0 77.300847665,28.6929878660001,0 77.3002008780001,28.691522164,0 77.299796637,28.690749904,0 77.298413231,28.6912699980001,0 77.2982964500001,28.6910335920001,0 77.2952601440001,28.6917270480001,0 77.2952870940001,28.6918531310001,0 77.292861643,28.6917743290001,0 77.2928796090001,28.6913566800001,0 77.293032322,28.691325159,0 77.292735878,28.6901746450001,0 77.2931221540001,28.69004068,0 77.2930862210001,28.6893550930001,0 77.2919633270001,28.689331452,0 77.2916309510001,28.7009621890001,0 77.2975867810001,28.7001269630001,0</coordinates></LinearRing></outerBoundaryIs></Polygon>
  </Placemark>
  <Placemark>
	<Style><LineStyle><color>ff0000ff</color></LineStyle><PolyStyle><fill>0</fill></PolyStyle></Style>
	<ExtendedData><SchemaData schemaUrl="#Final_zoning_delhi">
		<SimpleData name="tessellate">-1</SimpleData>
		<SimpleData name="extrude">0</SimpleData>
		<SimpleData name="visibility">-1</SimpleData>
		<SimpleData name="Ward_Name">RAM NAGAR</SimpleData>
		<SimpleData name="Ward_No">247</SimpleData>
		<SimpleData name="internal">0</SimpleData>
		<SimpleData name="Zone_no">121</SimpleData>
		<SimpleData name="ycoord">3174434.555</SimpleData>
	</SchemaData></ExtendedData>
      <Polygon><outerBoundaryIs><LinearRing><coordinates>77.3011351260001,28.6817975750001,0 77.300991396,28.6784323730001,0 77.300209862,28.676777316,0 77.2998146030001,28.675004012,0 77.2992756140001,28.674144933,0 77.2980179720001,28.6732937300001,0 77.29712864,28.6730021120001,0 77.2868519130001,28.672820836,0 77.2847229060001,28.6726080330001,0 77.2804559080001,28.671890805,0 77.2800516670001,28.674531125,0 77.2812374430001,28.6747518060001,0 77.2814620220001,28.674641466,0 77.2818482970001,28.67472028,0 77.2819471120001,28.674877909,0 77.2832766180001,28.675169521,0 77.2833664500001,28.675634523,0 77.282270505,28.676170455,0 77.282072876,28.677179261,0 77.282575933,28.677313242,0 77.2823603370001,28.678069839,0 77.2827376290001,28.6781250070001,0 77.2829262750001,28.678526947,0 77.283761709,28.67814077,0 77.2835101800001,28.6777467100001,0 77.283959338,28.677518154,0 77.2835461130001,28.6768718910001,0 77.2846510410001,28.6763202,0 77.284776805,28.676131049,0 77.2853966430001,28.6768797730001,0 77.286600385,28.676060116,0 77.287480734,28.6758394390001,0 77.2891965160001,28.6749251970001,0 77.29066077,28.675287742,0 77.290220596,28.6763832510001,0 77.2891156680001,28.677195023,0 77.287714296,28.679385989,0 77.2861691940001,28.6812222670001,0 77.287310054,28.681789694,0 77.2871842900001,28.6820891680001,0 77.2876963300001,28.6824122840001,0 77.289313297,28.6819788350001,0 77.289214482,28.6816557180001,0 77.290669753,28.6808833850001,0 77.2910290790001,28.681238029,0 77.2916309510001,28.6806705990001,0 77.2923675690001,28.6809306710001,0 77.292125024,28.685572462,0 77.2933557160001,28.6854463720001,0 77.2978293260001,28.684461288,0 77.2972184720001,28.683342221,0 77.2970208420001,28.6825068540001,0 77.3011351260001,28.6817975750001,0</coordinates></LinearRing></outerBoundaryIs></Polygon>
  </Placemark>
  <Placemark>
	<Style><LineStyle><color>ff0000ff</color></LineStyle><PolyStyle><fill>0</fill></PolyStyle></Style>
	<ExtendedData><SchemaData schemaUrl="#Final_zoning_delhi">
		<SimpleData name="tessellate">-1</SimpleData>
		<SimpleData name="extrude">0</SimpleData>
		<SimpleData name="visibility">-1</SimpleData>
		<SimpleData name="Ward_Name">WELCOME COLONY</SimpleData>
		<SimpleData name="Ward_No">248</SimpleData>
		<SimpleData name="internal">0</SimpleData>
		<SimpleData name="Zone_no">122</SimpleData>
		<SimpleData name="ycoord">3174390.934</SimpleData>
	</SchemaData></ExtendedData>
      <Polygon><outerBoundaryIs><LinearRing><coordinates>77.286771065,28.6814981,0 77.2861691940001,28.6812222670001,0 77.287714296,28.679385989,0 77.2891156680001,28.677195023,0 77.290220596,28.6763832510001,0 77.29066077,28.675287742,0 77.2891965160001,28.6749251970001,0 77.287480734,28.6758394390001,0 77.286600385,28.676060116,0 77.2853966430001,28.6768797730001,0 77.284776805,28.676131049,0 77.2846510410001,28.6763202,0 77.2835461130001,28.6768718910001,0 77.283959338,28.677518154,0 77.2835101800001,28.6777467100001,0 77.283761709,28.67814077,0 77.2829262750001,28.678526947,0 77.2827376290001,28.6781250070001,0 77.2823603370001,28.678069839,0 77.282575933,28.677313242,0 77.282072876,28.677179261,0 77.282270505,28.676170455,0 77.2833664500001,28.675634523,0 77.2832766180001,28.675169521,0 77.2819471120001,28.674877909,0 77.2818482970001,28.67472028,0 77.2814620220001,28.674641466,0 77.2812374430001,28.6747518060001,0 77.2800516670001,28.674531125,0 77.2802492960001,28.6728838880001,0 77.2789826710001,28.6727893090001,0 77.2755511070001,28.6722060700001,0 77.2752097470001,28.673506531,0 77.2713829240001,28.672797191,0 77.270691221,28.672765665,0 77.2700983330001,28.6729075330001,0 77.273125656,28.6786057580001,0 77.274518044,28.678747619,0 77.2757217870001,28.680914909,0 77.275766703,28.6818527410001,0 77.2767279,28.6815217430001,0 77.2774824850001,28.680639075,0 77.2794497950001,28.678968291,0 77.2800247170001,28.6795357300001,0 77.2806715040001,28.679283535,0 77.2812464260001,28.681482338,0 77.2828903430001,28.6814035290001,0 77.2839413720001,28.6820576440001,0 77.2845522260001,28.682695994,0 77.283492214,28.6837756640001,0 77.2853786760001,28.684169701,0 77.2850552830001,28.6859349700001,0 77.2860703790001,28.686029537,0 77.28684293,28.6831373210001,0 77.287103442,28.6827511600001,0 77.2865464860001,28.682428046,0 77.2865195370001,28.682223143,0 77.286771065,28.681900027,0 77.2866183510001,28.681821217,0 77.286771065,28.6814981,0</coordinates></LinearRing></outerBoundaryIs></Polygon>
  </Placemark>
  <Placemark>
	<Style><LineStyle><color>ff0000ff</color></LineStyle><PolyStyle><fill>0</fill></PolyStyle></Style>
	<ExtendedData><SchemaData schemaUrl="#Final_zoning_delhi">
		<SimpleData name="tessellate">-1</SimpleData>
		<SimpleData name="extrude">0</SimpleData>
		<SimpleData name="visibility">-1</SimpleData>
		<SimpleData name="Ward_Name">CHAUHAN BANGER</SimpleData>
		<SimpleData name="Ward_No">249</SimpleData>
		<SimpleData name="internal">0</SimpleData>
		<SimpleData name="Zone_no">115</SimpleData>
		<SimpleData name="ycoord">3174800.638</SimpleData>
	</SchemaData></ExtendedData>
      <Polygon><outerBoundaryIs><LinearRing><coordinates>77.2705115580001,28.688377926,0 77.2704396930001,28.6879366220001,0 77.2706103730001,28.6879051,0 77.270565457,28.687755372,0 77.270799019,28.687676567,0 77.2710146150001,28.6873061850001,0 77.2707541030001,28.686360521,0 77.2703318950001,28.6856512680001,0 77.270960716,28.6854936550001,0 77.2709427500001,28.6845322140001,0 77.271715301,28.684500691,0 77.2717871660001,28.68426427,0 77.27407787,28.6846819470001,0 77.2743563480001,28.6840987750001,0 77.275075,28.68426427,0 77.275811618,28.683917518,0 77.272326155,28.677076804,0 77.27174225,28.677013754,0 77.270897834,28.676532996,0 77.2699725690001,28.676343844,0 77.268661029,28.676485708,0 77.2692988330001,28.677675779,0 77.2664601560001,28.678589996,0 77.26940663,28.6862895960001,0 77.2699007040001,28.6878578180001,0 77.2699007040001,28.6885118930001,0 77.2705115580001,28.688377926,0</coordinates></LinearRing></outerBoundaryIs></Polygon>
  </Placemark>
  <Placemark>
	<Style><LineStyle><color>ff0000ff</color></LineStyle><PolyStyle><fill>0</fill></PolyStyle></Style>
	<ExtendedData><SchemaData schemaUrl="#Final_zoning_delhi">
		<SimpleData name="tessellate">-1</SimpleData>
		<SimpleData name="extrude">0</SimpleData>
		<SimpleData name="visibility">-1</SimpleData>
		<SimpleData name="Ward_Name">ZAFFRABAD</SimpleData>
		<SimpleData name="Ward_No">250</SimpleData>
		<SimpleData name="internal">0</SimpleData>
		<SimpleData name="Zone_no">128</SimpleData>
		<SimpleData name="ycoord">3174030.679</SimpleData>
	</SchemaData></ExtendedData>
      <Polygon><outerBoundaryIs><LinearRing><coordinates>77.272326155,28.677076804,0 77.2700983330001,28.6729075330001,0 77.269846805,28.673009994,0 77.2697659570001,28.67284448,0 77.2674662690001,28.673735095,0 77.267241691,28.6732937300001,0 77.266810499,28.673427716,0 77.2666847350001,28.6732227960001,0 77.2663433750001,28.6733646640001,0 77.2661726950001,28.673065165,0 77.2654270940001,28.6733646640001,0 77.2651306500001,28.6728523620001,0 77.265139633,28.672458282,0 77.2644119970001,28.6723794660001,0 77.265112683,28.670503625,0 77.264573694,28.67025929,0 77.2634418170001,28.670046482,0 77.2625255350001,28.6703223440001,0 77.2620853610001,28.6706927870001,0 77.261995529,28.6716464730001,0 77.262875878,28.6734671240001,0 77.2637382610001,28.674948842,0 77.2645557280001,28.6758473200001,0 77.2650947170001,28.676824604,0 77.265885235,28.6767851970001,0 77.2664601560001,28.678589996,0 77.2692988330001,28.677675779,0 77.268661029,28.676485708,0 77.2699725690001,28.676343844,0 77.2705025750001,28.676422657,0 77.2713200420001,28.6767063840001,0 77.27174225,28.677013754,0 77.272326155,28.677076804,0</coordinates></LinearRing></outerBoundaryIs></Polygon>
  </Placemark>
  <Placemark>
	<Style><LineStyle><color>ff0000ff</color></LineStyle><PolyStyle><fill>0</fill></PolyStyle></Style>
	<ExtendedData><SchemaData schemaUrl="#Final_zoning_delhi">
		<SimpleData name="tessellate">-1</SimpleData>
		<SimpleData name="extrude">0</SimpleData>
		<SimpleData name="visibility">-1</SimpleData>
		<SimpleData name="Ward_Name">MAUJPUR</SimpleData>
		<SimpleData name="Ward_No">252</SimpleData>
		<SimpleData name="internal">0</SimpleData>
		<SimpleData name="Zone_no">97</SimpleData>
		<SimpleData name="ycoord">3175712.728</SimpleData>
	</SchemaData></ExtendedData>
      <Polygon><outerBoundaryIs><LinearRing><coordinates>77.276880614,28.694563868,0 77.2786772440001,28.6941068300001,0 77.2805008240001,28.6933267090001,0 77.2765931530001,28.6857615970001,0 77.275811618,28.683917518,0 77.275075,28.68426427,0 77.2743563480001,28.6840987750001,0 77.27407787,28.6846819470001,0 77.2717871660001,28.68426427,0 77.271715301,28.684500691,0 77.2709427500001,28.6845322140001,0 77.270960716,28.6854936550001,0 77.2703318950001,28.6856512680001,0 77.2707541030001,28.686360521,0 77.2710146150001,28.6873061850001,0 77.270799019,28.687676567,0 77.270565457,28.687755372,0 77.2706103730001,28.6879051,0 77.2704396930001,28.6879366220001,0 77.2704127440001,28.689851553,0 77.2704846090001,28.6900958420001,0 77.2708080020001,28.6900091590001,0 77.2708798680001,28.690742024,0 77.2720925930001,28.6904898560001,0 77.2723710710001,28.690773544,0 77.2721914080001,28.6917191680001,0 77.2722902230001,28.692743584,0 77.272793279,28.69402803,0 77.273673628,28.69372071,0 77.274149735,28.6943668690001,0 77.2745809260001,28.69403591,0 77.2752546630001,28.6944535480001,0 77.2758565340001,28.694634787,0 77.2764314560001,28.694689947,0 77.276880614,28.694563868,0</coordinates></LinearRing></outerBoundaryIs></Polygon>
  </Placemark>
  <Placemark>
	<Style><LineStyle><color>ff0000ff</color></LineStyle><PolyStyle><fill>0</fill></PolyStyle></Style>
	<ExtendedData><SchemaData schemaUrl="#Final_zoning_delhi">
		<SimpleData name="tessellate">-1</SimpleData>
		<SimpleData name="extrude">0</SimpleData>
		<SimpleData name="visibility">-1</SimpleData>
		<SimpleData name="Ward_Name">GHONDA</SimpleData>
		<SimpleData name="Ward_No">255</SimpleData>
		<SimpleData name="internal">0</SimpleData>
		<SimpleData name="Zone_no">96</SimpleData>
		<SimpleData name="ycoord">3175760.020</SimpleData>
	</SchemaData></ExtendedData>
      <Polygon><outerBoundaryIs><LinearRing><coordinates>77.265480993,28.6961634850001,0 77.267304573,28.6940516700001,0 77.268256787,28.693507949,0 77.2687418770001,28.6933897490001,0 77.268562214,28.6924677810001,0 77.270080367,28.692247138,0 77.2699995190001,28.6910257120001,0 77.270897834,28.69095479,0 77.2708080020001,28.6900091590001,0 77.2704846090001,28.6900958420001,0 77.2704127440001,28.689851553,0 77.2705115580001,28.688377926,0 77.2699007040001,28.6885118930001,0 77.2697390070001,28.687274663,0 77.2688137420001,28.684705589,0 77.266361342,28.6853990880001,0 77.2663433750001,28.6855567,0 77.265651673,28.6857537160001,0 77.2653013300001,28.684847442,0 77.26347775,28.6853990880001,0 77.2638101260001,28.6859980150001,0 77.263684362,28.686234432,0 77.264124537,28.687802655,0 77.2641155530001,28.68845673,0 77.2633340190001,28.688472491,0 77.262678249,28.6886616210001,0 77.2622290910001,28.68788934,0 77.2619236640001,28.6880075460001,0 77.2610972140001,28.688905913,0 77.2613307760001,28.689087161,0 77.2609534840001,28.689575742,0 77.260881618,28.690127363,0 77.2604504270001,28.6901746450001,0 77.2605492420001,28.690450454,0 77.2597587240001,28.690773544,0 77.260100084,28.691175436,0 77.260342629,28.6910493520001,0 77.2606929720001,28.691530044,0 77.2595880440001,28.6920264940001,0 77.25963296,28.692113175,0 77.2598844880001,28.692255018,0 77.2605312750001,28.6920107340001,0 77.260989416,28.6927672240001,0 77.2611690790001,28.692719944,0 77.2614655230001,28.6933345890001,0 77.2629028280001,28.692901186,0 77.263316053,28.6938073900001,0 77.2635406320001,28.6949263450001,0 77.2642053850001,28.6947923860001,0 77.2644838630001,28.69532034,0 77.2653372620001,28.6962974420001,0 77.265480993,28.6961634850001,0</coordinates></LinearRing></outerBoundaryIs></Polygon>
  </Placemark>
  <Placemark>
	<Style><LineStyle><color>ff0000ff</color></LineStyle><PolyStyle><fill>0</fill></PolyStyle></Style>
	<ExtendedData><SchemaData schemaUrl="#Final_zoning_delhi">
		<SimpleData name="tessellate">-1</SimpleData>
		<SimpleData name="extrude">0</SimpleData>
		<SimpleData name="visibility">-1</SimpleData>
		<SimpleData name="Ward_Name">YAMUNA VIHAR</SimpleData>
		<SimpleData name="Ward_No">256</SimpleData>
		<SimpleData name="internal">0</SimpleData>
		<SimpleData name="Zone_no">76</SimpleData>
		<SimpleData name="ycoord">3176876.975</SimpleData>
	</SchemaData></ExtendedData>
      <Polygon><outerBoundaryIs><LinearRing><coordinates>77.2698378220001,28.703026589,0 77.2851720640001,28.7016477010001,0 77.2850642660001,28.7012379700001,0 77.2843096810001,28.7006391310001,0 77.2839773040001,28.7001584810001,0 77.2826567810001,28.6975266860001,0 77.2768087480001,28.6981176640001,0 77.2766650180001,28.696880547,0 77.275290596,28.6964471580001,0 77.2741587180001,28.6965180760001,0 77.2728741270001,28.6970617810001,0 77.2724429360001,28.6964471580001,0 77.271670385,28.696817508,0 77.2718051320001,28.6981885810001,0 77.2680322080001,28.698551045,0 77.2680681410001,28.698259498,0 77.2677716970001,28.698046746,0 77.267915427,28.6978418740001,0 77.2671249100001,28.6974951670001,0 77.2669452470001,28.69769216,0 77.266801516,28.6976133630001,0 77.265480993,28.6961634850001,0 77.264672509,28.6972351360001,0 77.263890975,28.6965811150001,0 77.2623907880001,28.6979364310001,0 77.2622829900001,28.697810356,0 77.2621123100001,28.6979049120001,0 77.262336889,28.6981807010001,0 77.2615014560001,28.6986140820001,0 77.2615733210001,28.698771675,0 77.2603605960001,28.6996699490001,0 77.2597766910001,28.6992286930001,0 77.2596419430001,28.6993311270001,0 77.259354482,28.699134137,0 77.258950241,28.6986456010001,0 77.258510066,28.698897749,0 77.258438201,28.6992050540001,0 77.258842443,28.7000087700001,0 77.2608277190001,28.701758012,0 77.2612409450001,28.702522312,0 77.2622290910001,28.7035860190001,0 77.2698378220001,28.703026589,0</coordinates></LinearRing></outerBoundaryIs></Polygon>
  </Placemark>
  <Placemark>
	<Style><LineStyle><color>ff0000ff</color></LineStyle><PolyStyle><fill>0</fill></PolyStyle></Style>
	<ExtendedData><SchemaData schemaUrl="#Final_zoning_delhi">
		<SimpleData name="tessellate">-1</SimpleData>
		<SimpleData name="extrude">0</SimpleData>
		<SimpleData name="visibility">-1</SimpleData>
		<SimpleData name="Ward_Name">SUBHASH MOHALLA</SimpleData>
		<SimpleData name="Ward_No">257</SimpleData>
		<SimpleData name="internal">0</SimpleData>
		<SimpleData name="Zone_no">86</SimpleData>
		<SimpleData name="ycoord">3176358.702</SimpleData>
	</SchemaData></ExtendedData>
      <Polygon><outerBoundaryIs><LinearRing><coordinates>77.2826567810001,28.6975266860001,0 77.2820549100001,28.6964156390001,0 77.2815698190001,28.6962265230001,0 77.2783987660001,28.6965259560001,0 77.277662148,28.6964313990001,0 77.2766380680001,28.6965180760001,0 77.2765033210001,28.6964471580001,0 77.276862647,28.6954306580001,0 77.2767458660001,28.6953912590001,0 77.276880614,28.694563868,0 77.2764314560001,28.694689947,0 77.2758565340001,28.694634787,0 77.2752546630001,28.6944535480001,0 77.2745809260001,28.69403591,0 77.274149735,28.6943668690001,0 77.273673628,28.69372071,0 77.272793279,28.69402803,0 77.2722902230001,28.692743584,0 77.2721914080001,28.6917191680001,0 77.2723710710001,28.690773544,0 77.2720925930001,28.6904898560001,0 77.2708798680001,28.690742024,0 77.270897834,28.69095479,0 77.2699995190001,28.6910257120001,0 77.270080367,28.692247138,0 77.268562214,28.6924677810001,0 77.2687418770001,28.6933897490001,0 77.268256787,28.693507949,0 77.267304573,28.6940516700001,0 77.265480993,28.6961634850001,0 77.266801516,28.6976133630001,0 77.2669452470001,28.69769216,0 77.2671249100001,28.6974951670001,0 77.267915427,28.6978418740001,0 77.2677716970001,28.698046746,0 77.2680681410001,28.698259498,0 77.2680322080001,28.698551045,0 77.2718051320001,28.6981885810001,0 77.271670385,28.696817508,0 77.2724429360001,28.6964471580001,0 77.2728741270001,28.6970617810001,0 77.2741587180001,28.6965180760001,0 77.2749492360001,28.6964392780001,0 77.2766650180001,28.696880547,0 77.2768087480001,28.6981176640001,0 77.2826567810001,28.6975266860001,0</coordinates></LinearRing></outerBoundaryIs></Polygon>
  </Placemark>
  <Placemark>
	<Style><LineStyle><color>ff0000ff</color></LineStyle><PolyStyle><fill>0</fill></PolyStyle></Style>
	<ExtendedData><SchemaData schemaUrl="#Final_zoning_delhi">
		<SimpleData name="tessellate">-1</SimpleData>
		<SimpleData name="extrude">0</SimpleData>
		<SimpleData name="visibility">-1</SimpleData>
		<SimpleData name="Ward_Name">KARDAM PURI</SimpleData>
		<SimpleData name="Ward_No">258</SimpleData>
		<SimpleData name="internal">0</SimpleData>
		<SimpleData name="Zone_no">90</SimpleData>
		<SimpleData name="ycoord">3176267.144</SimpleData>
	</SchemaData></ExtendedData>
      <Polygon><outerBoundaryIs><LinearRing><coordinates>77.2916309510001,28.7009621890001,0 77.2920801080001,28.6865575350001,0 77.287319037,28.686139865,0 77.286977677,28.6893787340001,0 77.2837347590001,28.6898200320001,0 77.283653911,28.690056441,0 77.283186787,28.6901904060001,0 77.282477118,28.6910020710001,0 77.2820459260001,28.692759344,0 77.2787580930001,28.6940753100001,0 77.276880614,28.694563868,0 77.2767458660001,28.6953912590001,0 77.276862647,28.6954306580001,0 77.2765033210001,28.6964471580001,0 77.2782909690001,28.6965338360001,0 77.2815159200001,28.6962265230001,0 77.2819830440001,28.6963762400001,0 77.2839773040001,28.7001584810001,0 77.2843096810001,28.7006391310001,0 77.2850642660001,28.7012379700001,0 77.2851720640001,28.7016477010001,0 77.2916309510001,28.7009621890001,0</coordinates></LinearRing></outerBoundaryIs></Polygon>
  </Placemark>
  <Placemark>
	<Style><LineStyle><color>ff0000ff</color></LineStyle><PolyStyle><fill>0</fill></PolyStyle></Style>
	<ExtendedData><SchemaData schemaUrl="#Final_zoning_delhi">
		<SimpleData name="tessellate">-1</SimpleData>
		<SimpleData name="extrude">0</SimpleData>
		<SimpleData name="visibility">-1</SimpleData>
		<SimpleData name="Ward_Name">JANTA COLONY</SimpleData>
		<SimpleData name="Ward_No">259</SimpleData>
		<SimpleData name="internal">0</SimpleData>
		<SimpleData name="Zone_no">112</SimpleData>
		<SimpleData name="ycoord">3175051.378</SimpleData>
	</SchemaData></ExtendedData>
      <Polygon><outerBoundaryIs><LinearRing><coordinates>77.2850552830001,28.6859349700001,0 77.2853786760001,28.684169701,0 77.283492214,28.6837756640001,0 77.2845522260001,28.682695994,0 77.2839413720001,28.6820576440001,0 77.282917292,28.6814114100001,0 77.2812464260001,28.681482338,0 77.2806715040001,28.679283535,0 77.2800247170001,28.6795357300001,0 77.2794497950001,28.678968291,0 77.2774824850001,28.680639075,0 77.2767279,28.6815217430001,0 77.275766703,28.6818527410001,0 77.2757217870001,28.680914909,0 77.274518044,28.678747619,0 77.273125656,28.6786057580001,0 77.278452665,28.6893629730001,0 77.2788748740001,28.6891108020001,0 77.279324031,28.6881966770001,0 77.2796384420001,28.687881459,0 77.280985914,28.687156455,0 77.281488971,28.6859822530001,0 77.282441185,28.6849183680001,0 77.2850552830001,28.6859349700001,0</coordinates></LinearRing></outerBoundaryIs></Polygon>
  </Placemark>
  <Placemark>
	<Style><LineStyle><color>ff0000ff</color></LineStyle><PolyStyle><fill>0</fill></PolyStyle></Style>
	<ExtendedData><SchemaData schemaUrl="#Final_zoning_delhi">
		<SimpleData name="tessellate">-1</SimpleData>
		<SimpleData name="extrude">0</SimpleData>
		<SimpleData name="visibility">-1</SimpleData>
		<SimpleData name="Ward_Name">BABAR PUR</SimpleData>
		<SimpleData name="Ward_No">260</SimpleData>
		<SimpleData name="internal">0</SimpleData>
		<SimpleData name="Zone_no">105</SimpleData>
		<SimpleData name="ycoord">3175416.325</SimpleData>
	</SchemaData></ExtendedData>
      <Polygon><outerBoundaryIs><LinearRing><coordinates>77.2920801080001,28.6865575350001,0 77.2923675690001,28.6809306710001,0 77.2916309510001,28.6806705990001,0 77.2910290790001,28.681238029,0 77.290669753,28.6808833850001,0 77.289214482,28.6816557180001,0 77.289313297,28.6819788350001,0 77.2876963300001,28.6824122840001,0 77.2871842900001,28.6820891680001,0 77.287310054,28.681789694,0 77.286771065,28.6814981,0 77.2866183510001,28.681821217,0 77.286771065,28.681900027,0 77.2865195370001,28.682223143,0 77.2865464860001,28.682428046,0 77.287103442,28.6827511600001,0 77.28684293,28.6831373210001,0 77.2860703790001,28.686029537,0 77.2849924010001,28.6859270890001,0 77.282441185,28.6849183680001,0 77.281488971,28.6859822530001,0 77.280985914,28.687156455,0 77.2796384420001,28.687881459,0 77.279324031,28.6881966770001,0 77.2788748740001,28.6891108020001,0 77.278452665,28.6893629730001,0 77.2805008240001,28.6933267090001,0 77.282072876,28.692743584,0 77.282477118,28.6910020710001,0 77.283186787,28.6901904060001,0 77.283653911,28.690056441,0 77.2837347590001,28.6898200320001,0 77.286977677,28.6893787340001,0 77.287319037,28.686139865,0 77.2920801080001,28.6865575350001,0</coordinates></LinearRing></outerBoundaryIs></Polygon>
  </Placemark>
  <Placemark>
	<Style><LineStyle><color>ff0000ff</color></LineStyle><PolyStyle><fill>0</fill></PolyStyle></Style>
	<ExtendedData><SchemaData schemaUrl="#Final_zoning_delhi">
		<SimpleData name="tessellate">-1</SimpleData>
		<SimpleData name="extrude">0</SimpleData>
		<SimpleData name="visibility">-1</SimpleData>
		<SimpleData name="Ward_Name">JIWANPUR</SimpleData>
		<SimpleData name="Ward_No">261</SimpleData>
		<SimpleData name="internal">0</SimpleData>
		<SimpleData name="Zone_no">60</SimpleData>
		<SimpleData name="ycoord">3178336.049</SimpleData>
	</SchemaData></ExtendedData>
      <Polygon><outerBoundaryIs><LinearRing><coordinates>77.289142617,28.723534423,0 77.2891605840001,28.723384745,0 77.2896546570001,28.7234005010001,0 77.2896636400001,28.7231484120001,0 77.290121781,28.7231484120001,0 77.2908134840001,28.7227702770001,0 77.290597888,28.722463041,0 77.291065012,28.7221400490001,0 77.2906068710001,28.7214861840001,0 77.2903014440001,28.7215098180001,0 77.290283478,28.7212577240001,0 77.2905529720001,28.7212419680001,0 77.2904361910001,28.7210135080001,0 77.290283478,28.7210607750001,0 77.2896905900001,28.7200523930001,0 77.2895288930001,28.720068149,0 77.289717539,28.7165781250001,0 77.2892863480001,28.716452072,0 77.2885856620001,28.715979373,0 77.2886485440001,28.715167901,0 77.2882443020001,28.7149788200001,0 77.28832515,28.7144430870001,0 77.286833947,28.7127413270001,0 77.2861512270001,28.71146499,0 77.2859805470001,28.7100783340001,0 77.2866273340001,28.709857728,0 77.286914795,28.709282574,0 77.2811476110001,28.708455293,0 77.2802492960001,28.703341761,0 77.2798450540001,28.703404795,0 77.279800138,28.7030659860001,0 77.280437942,28.7030423480001,0 77.2803570940001,28.7020968260001,0 77.274212617,28.702679899,0 77.2753444940001,28.705997047,0 77.2766380680001,28.7076752790001,0 77.276548237,28.708857116,0 77.2778777440001,28.71300132,0 77.277967575,28.71590059,0 77.2783538510001,28.7167908380001,0 77.2787670760001,28.7186107040001,0 77.279557593,28.7177125920001,0 77.2802492960001,28.7165938810001,0 77.2806715040001,28.7162157230001,0 77.283662894,28.718894316,0 77.2873370040001,28.724613671,0 77.2877412450001,28.7244482400001,0 77.2877053130001,28.72427493,0 77.289142617,28.723534423,0</coordinates></LinearRing></outerBoundaryIs></Polygon>
  </Placemark>
  <Placemark>
	<Style><LineStyle><color>ff0000ff</color></LineStyle><PolyStyle><fill>0</fill></PolyStyle></Style>
	<ExtendedData><SchemaData schemaUrl="#Final_zoning_delhi">
		<SimpleData name="tessellate">-1</SimpleData>
		<SimpleData name="extrude">0</SimpleData>
		<SimpleData name="visibility">-1</SimpleData>
		<SimpleData name="Ward_Name">GOKALPUR</SimpleData>
		<SimpleData name="Ward_No">262</SimpleData>
		<SimpleData name="internal">0</SimpleData>
		<SimpleData name="Zone_no">72</SimpleData>
		<SimpleData name="ycoord">3177448.051</SimpleData>
	</SchemaData></ExtendedData>
      <Polygon><outerBoundaryIs><LinearRing><coordinates>77.2883880320001,28.714057042,0 77.288594645,28.7135606960001,0 77.2883071840001,28.713292826,0 77.2889270220001,28.712993442,0 77.2888551560001,28.7127807200001,0 77.288423965,28.7121267960001,0 77.287516667,28.71256012,0 77.2872022560001,28.7121267960001,0 77.2873639530001,28.71204801,0 77.2873010710001,28.711937709,0 77.288019723,28.711685593,0 77.2877771780001,28.710606211,0 77.287992774,28.7105589380001,0 77.2878490430001,28.7099207580001,0 77.288019723,28.7095110600001,0 77.28869346,28.709613485,0 77.2890887180001,28.708857116,0 77.288998887,28.708683781,0 77.2891336340001,28.708486808,0 77.289951101,28.7079589210001,0 77.2897444880001,28.7076831580001,0 77.290391275,28.707265572,0 77.290328393,28.70696617,0 77.290930265,28.706651009,0 77.2923765520001,28.7060285630001,0 77.2941731830001,28.705713399,0 77.295269127,28.7048860900001,0 77.2955565880001,28.7052564100001,0 77.296185409,28.705035794,0 77.296248291,28.7051382230001,0 77.2965357520001,28.7050909480001,0 77.2955565880001,28.703318123,0 77.2966345670001,28.7029162790001,0 77.2962572740001,28.70178953,0 77.2978203430001,28.701600424,0 77.2975867810001,28.7001269630001,0 77.2946762390001,28.7006154920001,0 77.288971937,28.7012931260001,0 77.2803570940001,28.7020968260001,0 77.280437942,28.7030423480001,0 77.279800138,28.7030659860001,0 77.2798450540001,28.703404795,0 77.2802492960001,28.703341761,0 77.2811476110001,28.708455293,0 77.286914795,28.709282574,0 77.2866273340001,28.709857728,0 77.2859805470001,28.7100783340001,0 77.2861512270001,28.71146499,0 77.286833947,28.7127413270001,0 77.28832515,28.7144430870001,0 77.2883880320001,28.714057042,0</coordinates></LinearRing></outerBoundaryIs></Polygon>
  </Placemark>
  <Placemark>
	<Style><LineStyle><color>ff0000ff</color></LineStyle><PolyStyle><fill>0</fill></PolyStyle></Style>
	<ExtendedData><SchemaData schemaUrl="#Final_zoning_delhi">
		<SimpleData name="tessellate">-1</SimpleData>
		<SimpleData name="extrude">0</SimpleData>
		<SimpleData name="visibility">-1</SimpleData>
		<SimpleData name="Ward_Name">SABOLI</SimpleData>
		<SimpleData name="Ward_No">263</SimpleData>
		<SimpleData name="internal">0</SimpleData>
		<SimpleData name="Zone_no">66</SimpleData>
		<SimpleData name="ycoord">3177655.063</SimpleData>
	</SchemaData></ExtendedData>
      <Polygon><outerBoundaryIs><LinearRing><coordinates>77.3169005600001,28.713678874,0 77.3125886460001,28.7094165140001,0 77.3099745490001,28.707501941,0 77.3081060530001,28.7049412440001,0 77.3069831590001,28.7024435180001,0 77.3064262030001,28.7016477010001,0 77.307117906,28.701285247,0 77.307019091,28.701151296,0 77.3078635080001,28.700583974,0 77.3085821600001,28.700473661,0 77.3086180930001,28.6998590580001,0 77.3093367450001,28.6999614920001,0 77.3099386160001,28.700189999,0 77.3099026830001,28.70033183,0 77.3105854030001,28.700568215,0 77.311178291,28.6991735350001,0 77.3113849040001,28.6981413030001,0 77.3081150360001,28.698740156,0 77.3005242720001,28.699630551,0 77.2975867810001,28.7001269630001,0 77.2978203430001,28.701600424,0 77.2962572740001,28.70178953,0 77.2966345670001,28.7029162790001,0 77.2955565880001,28.703318123,0 77.2965357520001,28.7050909480001,0 77.2970837240001,28.7048309350001,0 77.298242551,28.707107992,0 77.2983593320001,28.707068597,0 77.298655776,28.707793463,0 77.298547978,28.707943163,0 77.2988623890001,28.7083292300001,0 77.2989342540001,28.70910924,0 77.298745608,28.7093377260001,0 77.298619843,28.7092904530001,0 77.298655776,28.7098498490001,0 77.3019436100001,28.7107480280001,0 77.3035515940001,28.7118037720001,0 77.304333129,28.7124498200001,0 77.3049260170001,28.713284948,0 77.3057075510001,28.713907351,0 77.3061207760001,28.714080677,0 77.3078814740001,28.7132061620001,0 77.3081419860001,28.7136000890001,0 77.3086540250001,28.713347976,0 77.3089145370001,28.7136316030001,0 77.3095703070001,28.713316462,0 77.3097679360001,28.713576453,0 77.3110165940001,28.712969806,0 77.3115555840001,28.713773416,0 77.3126066120001,28.713261312,0 77.3125437300001,28.713127377,0 77.3131186520001,28.7129461700001,0 77.31337018,28.7132140410001,0 77.3130917030001,28.7134267610001,0 77.3150140970001,28.7151285090001,0 77.3169005600001,28.713678874,0</coordinates></LinearRing></outerBoundaryIs></Polygon>
  </Placemark>
  <Placemark>
	<Style><LineStyle><color>ff0000ff</color></LineStyle><PolyStyle><fill>0</fill></PolyStyle></Style>
	<ExtendedData><SchemaData schemaUrl="#Final_zoning_delhi">
		<SimpleData name="tessellate">-1</SimpleData>
		<SimpleData name="extrude">0</SimpleData>
		<SimpleData name="visibility">-1</SimpleData>
		<SimpleData name="Ward_Name">HARSH VIHAR</SimpleData>
		<SimpleData name="Ward_No">264</SimpleData>
		<SimpleData name="internal">0</SimpleData>
		<SimpleData name="Zone_no">68</SimpleData>
		<SimpleData name="ycoord">3177547.603</SimpleData>
	</SchemaData></ExtendedData>
      <Polygon><outerBoundaryIs><LinearRing><coordinates>77.3214729840001,28.712662542,0 77.3218502770001,28.712418305,0 77.3229552050001,28.7136946310001,0 77.3242128460001,28.712867385,0 77.324096065,28.712733449,0 77.324715902,28.712426184,0 77.3260903250001,28.713261312,0 77.326171173,28.7131116200001,0 77.327141354,28.7134425190001,0 77.3280756020001,28.7131825270001,0 77.330770548,28.7128437490001,0 77.327617461,28.710952875,0 77.3261801560001,28.709747425,0 77.325389639,28.7086443860001,0 77.3247698010001,28.7073364830001,0 77.3244913240001,28.7057921900001,0 77.325075229,28.704964881,0 77.3254435380001,28.704775781,0 77.3259106620001,28.704255754,0 77.325955578,28.702750813,0 77.325281841,28.7017974090001,0 77.3255154030001,28.701694977,0 77.3252638750001,28.7012300910001,0 77.3254076050001,28.7010331050001,0 77.3253357400001,28.700828238,0 77.323458261,28.6986613600001,0 77.321365186,28.698543165,0 77.3171790370001,28.6974951670001,0 77.3162537730001,28.69740849,0 77.314762569,28.6975266860001,0 77.3113849040001,28.6981413030001,0 77.311178291,28.6991735350001,0 77.3105854030001,28.700568215,0 77.3099026830001,28.70033183,0 77.3099386160001,28.700189999,0 77.3093367450001,28.6999614920001,0 77.3086180930001,28.6998590580001,0 77.3085821600001,28.700473661,0 77.3078635080001,28.700583974,0 77.307019091,28.701151296,0 77.307117906,28.701285247,0 77.3064262030001,28.7016477010001,0 77.3069831590001,28.7024435180001,0 77.3081060530001,28.7049412440001,0 77.3099745490001,28.707501941,0 77.3116364320001,28.70862075,0 77.313235433,28.7099995460001,0 77.3173227680001,28.714143705,0 77.319900933,28.7132140410001,0 77.3210777260001,28.7129146560001,0 77.3214729840001,28.712662542,0</coordinates></LinearRing></outerBoundaryIs></Polygon>
  </Placemark>
  <Placemark>
	<Style><LineStyle><color>ff0000ff</color></LineStyle><PolyStyle><fill>0</fill></PolyStyle></Style>
	<ExtendedData><SchemaData schemaUrl="#Final_zoning_delhi">
		<SimpleData name="tessellate">-1</SimpleData>
		<SimpleData name="extrude">0</SimpleData>
		<SimpleData name="visibility">-1</SimpleData>
		<SimpleData name="Ward_Name">SHIV VIHAR</SimpleData>
		<SimpleData name="Ward_No">265</SimpleData>
		<SimpleData name="internal">0</SimpleData>
		<SimpleData name="Zone_no">48</SimpleData>
		<SimpleData name="ycoord">3179758.640</SimpleData>
	</SchemaData></ExtendedData>
      <Polygon><outerBoundaryIs><LinearRing><coordinates>77.2831328880001,28.729040836,0 77.2835101800001,28.7288360250001,0 77.2835281470001,28.7285760710001,0 77.283788658,28.728284608,0 77.284669007,28.727544129,0 77.2853966430001,28.7275598840001,0 77.2854415580001,28.727347192,0 77.285720036,28.7273550690001,0 77.285729019,28.727150255,0 77.2850642660001,28.7271108670001,0 77.285890716,28.7261891960001,0 77.2860883450001,28.725637765,0 77.2863488570001,28.7256456430001,0 77.286366823,28.725251762,0 77.2865195370001,28.7252202510001,0 77.2863488570001,28.7250311880001,0 77.28650157,28.7248421240001,0 77.2873370040001,28.724613671,0 77.283662894,28.718894316,0 77.2806715040001,28.7162157230001,0 77.2802492960001,28.7165938810001,0 77.279557593,28.7177125920001,0 77.2786592780001,28.7187288760001,0 77.2776262150001,28.7203596350001,0 77.27638654,28.7217855440001,0 77.2745449940001,28.72336899,0 77.2711763120001,28.7256062550001,0 77.2718949640001,28.727024215,0 77.2719758120001,28.7297576720001,0 77.274410247,28.732884912,0 77.277060277,28.7353110190001,0 77.280473875,28.733073962,0 77.28020438,28.732286254,0 77.2814530380001,28.7310180320001,0 77.2820818590001,28.730608417,0 77.2820818590001,28.7302224320001,0 77.2826567810001,28.729615881,0 77.28288136,28.729600126,0 77.2830071240001,28.7290881,0 77.2831328880001,28.729040836,0</coordinates></LinearRing></outerBoundaryIs></Polygon>
  </Placemark>
  <Placemark>
	<Style><LineStyle><color>ff0000ff</color></LineStyle><PolyStyle><fill>0</fill></PolyStyle></Style>
	<ExtendedData><SchemaData schemaUrl="#Final_zoning_delhi">
		<SimpleData name="tessellate">-1</SimpleData>
		<SimpleData name="extrude">0</SimpleData>
		<SimpleData name="visibility">-1</SimpleData>
		<SimpleData name="Ward_Name">KARAWAL NAGAR EAST</SimpleData>
		<SimpleData name="Ward_No">266</SimpleData>
		<SimpleData name="internal">0</SimpleData>
		<SimpleData name="Zone_no">53</SimpleData>
		<SimpleData name="ycoord">3178956.732</SimpleData>
	</SchemaData></ExtendedData>
      <Polygon><outerBoundaryIs><LinearRing><coordinates>77.2711763120001,28.7256062550001,0 77.2745449940001,28.72336899,0 77.2761170460001,28.722037637,0 77.2776262150001,28.7203596350001,0 77.2787670760001,28.7186107040001,0 77.2783538510001,28.7167908380001,0 77.277967575,28.7159084680001,0 77.2778957100001,28.7130801060001,0 77.277635198,28.7123001260001,0 77.2765931530001,28.7125049700001,0 77.274185668,28.7137970520001,0 77.2729909080001,28.7126467840001,0 77.2711134290001,28.714340667,0 77.2706463060001,28.7137655380001,0 77.2675740670001,28.7155618200001,0 77.2679423770001,28.716341776,0 77.2656696390001,28.717523515,0 77.2652653970001,28.7178701560001,0 77.2656426890001,28.718468897,0 77.266028965,28.7198396860001,0 77.267412371,28.722273973,0 77.2683466180001,28.724558528,0 77.2694156140001,28.7264885430001,0 77.2711763120001,28.7256062550001,0</coordinates></LinearRing></outerBoundaryIs></Polygon>
  </Placemark>
  <Placemark>
	<Style><LineStyle><color>ff0000ff</color></LineStyle><PolyStyle><fill>0</fill></PolyStyle></Style>
	<ExtendedData><SchemaData schemaUrl="#Final_zoning_delhi">
		<SimpleData name="tessellate">-1</SimpleData>
		<SimpleData name="extrude">0</SimpleData>
		<SimpleData name="visibility">-1</SimpleData>
		<SimpleData name="Ward_Name">MUSTAFABAD</SimpleData>
		<SimpleData name="Ward_No">268</SimpleData>
		<SimpleData name="internal">0</SimpleData>
		<SimpleData name="Zone_no">63</SimpleData>
		<SimpleData name="ycoord">3177963.423</SimpleData>
	</SchemaData></ExtendedData>
      <Polygon><outerBoundaryIs><LinearRing><coordinates>77.2675740670001,28.7155618200001,0 77.2706463060001,28.7137655380001,0 77.2711134290001,28.714340667,0 77.2729909080001,28.7126467840001,0 77.274185668,28.7137970520001,0 77.2765931530001,28.7125049700001,0 77.277635198,28.7123001260001,0 77.276548237,28.708857116,0 77.2766380680001,28.7076752790001,0 77.2753444940001,28.705997047,0 77.274212617,28.702679899,0 77.2698378220001,28.703026589,0 77.270080367,28.7039405850001,0 77.2699995190001,28.7040114980001,0 77.2708529180001,28.7068795010001,0 77.266118797,28.706115233,0 77.2653013300001,28.7071867820001,0 77.266028965,28.7077698260001,0 77.265148616,28.708754691,0 77.26558879,28.709195907,0 77.264438947,28.7097631820001,0 77.263522665,28.710842573,0 77.2620134960001,28.711543777,0 77.2618428160001,28.7119849810001,0 77.262884861,28.712867385,0 77.2632621540001,28.7133716120001,0 77.2648162390001,28.717153238,0 77.2675740670001,28.7155618200001,0</coordinates></LinearRing></outerBoundaryIs></Polygon>
  </Placemark>
  <Placemark>
	<Style><LineStyle><color>ff0000ff</color></LineStyle><PolyStyle><fill>0</fill></PolyStyle></Style>
	<ExtendedData><SchemaData schemaUrl="#Final_zoning_delhi">
		<SimpleData name="tessellate">-1</SimpleData>
		<SimpleData name="extrude">0</SimpleData>
		<SimpleData name="visibility">-1</SimpleData>
		<SimpleData name="Ward_Name">KHAJOORI KHAS</SimpleData>
		<SimpleData name="Ward_No">269</SimpleData>
		<SimpleData name="internal">0</SimpleData>
		<SimpleData name="Zone_no">67</SimpleData>
		<SimpleData name="ycoord">3177651.965</SimpleData>
	</SchemaData></ExtendedData>
      <Polygon><outerBoundaryIs><LinearRing><coordinates>77.253066275,28.7125128480001,0 77.253973574,28.7122607330001,0 77.2543598490001,28.7118825590001,0 77.254683243,28.7119849810001,0 77.25715361,28.7117013500001,0 77.257225475,28.7121898250001,0 77.2598395730001,28.7115595340001,0 77.2611331470001,28.7110946920001,0 77.26128586,28.710385606,0 77.260333646,28.710527423,0 77.2594173640001,28.710944996,0 77.2592017690001,28.710172879,0 77.2602977130001,28.709408636,0 77.262031462,28.7091407550001,0 77.262031462,28.708801964,0 77.262408754,28.7081165,0 77.2633699520001,28.7069740490001,0 77.264124537,28.7057843110001,0 77.2708529180001,28.7068795010001,0 77.2699995190001,28.7040114980001,0 77.270080367,28.7039405850001,0 77.2698378220001,28.703026589,0 77.259327533,28.7037514830001,0 77.250694723,28.7062491770001,0 77.2509911670001,28.7075807310001,0 77.250793538,28.7077698260001,0 77.250955235,28.7087389330001,0 77.2509193020001,28.7102359090001,0 77.251539139,28.712898899,0 77.253066275,28.7125128480001,0</coordinates></LinearRing></outerBoundaryIs></Polygon>
  </Placemark>
  <Placemark>
	<Style><LineStyle><color>ff0000ff</color></LineStyle><PolyStyle><fill>0</fill></PolyStyle></Style>
	<ExtendedData><SchemaData schemaUrl="#Final_zoning_delhi">
		<SimpleData name="tessellate">-1</SimpleData>
		<SimpleData name="extrude">0</SimpleData>
		<SimpleData name="visibility">-1</SimpleData>
		<SimpleData name="Ward_Name">KARAWAL NAGAR WEST</SimpleData>
		<SimpleData name="Ward_No">271</SimpleData>
		<SimpleData name="internal">0</SimpleData>
		<SimpleData name="Zone_no">47</SimpleData>
		<SimpleData name="ycoord">3179914.449</SimpleData>
	</SchemaData></ExtendedData>
      <Polygon><outerBoundaryIs><LinearRing><coordinates>77.2765123040001,28.735578832,0 77.277060277,28.7353110190001,0 77.274410247,28.732884912,0 77.2719758120001,28.7297576720001,0 77.2718949640001,28.727024215,0 77.2711763120001,28.7256062550001,0 77.2694156140001,28.7264885430001,0 77.2683466180001,28.724558528,0 77.267412371,28.722273973,0 77.266028965,28.7198396860001,0 77.2655977740001,28.7183743590001,0 77.2650587840001,28.7175629060001,0 77.26376521,28.7182561870001,0 77.2629926590001,28.7184295060001,0 77.2615733210001,28.7175077590001,0 77.261690102,28.7173817070001,0 77.260683989,28.7167987170001,0 77.2604594100001,28.717815009,0 77.2592916,28.7174604890001,0 77.2589951560001,28.7179725730001,0 77.258581931,28.7178544,0 77.2583932850001,28.7185555570001,0 77.258105824,28.718571313,0 77.2604504270001,28.7350825890001,0 77.260612124,28.734586344,0 77.261016366,28.7343027740001,0 77.262067395,28.7345627130001,0 77.263145373,28.734625728,0 77.2644209810001,28.7343185280001,0 77.2657415040001,28.734586344,0 77.2682388210001,28.73477539,0 77.268355602,28.7349959430001,0 77.270556474,28.7351849890001,0 77.2718949640001,28.7355867090001,0 77.2719937780001,28.735791507,0 77.273404133,28.7356103400001,0 77.2738892240001,28.73647679,0 77.2752546630001,28.7361617180001,0 77.2765123040001,28.735578832,0</coordinates></LinearRing></outerBoundaryIs></Polygon>
  </Placemark>
  <Placemark>
	<Style><LineStyle><color>ff0000ff</color></LineStyle><PolyStyle><fill>0</fill></PolyStyle></Style>
	<ExtendedData><SchemaData schemaUrl="#Final_zoning_delhi">
		<SimpleData name="tessellate">-1</SimpleData>
		<SimpleData name="extrude">0</SimpleData>
		<SimpleData name="visibility">-1</SimpleData>
		<SimpleData name="Ward_Name">SONIA VIHAR</SimpleData>
		<SimpleData name="Ward_No">272</SimpleData>
		<SimpleData name="internal">0</SimpleData>
		<SimpleData name="Zone_no">46</SimpleData>
		<SimpleData name="ycoord">3180336.662</SimpleData>
	</SchemaData></ExtendedData>
      <Polygon><outerBoundaryIs><LinearRing><coordinates>77.2504342120001,28.7552769960001,0 77.257018863,28.756222037,0 77.257225475,28.754497332,0 77.2571715760001,28.7537176610001,0 77.256443941,28.7535916530001,0 77.2575848010001,28.753166375,0 77.2587705770001,28.752473326,0 77.258752611,28.74899226,0 77.258411251,28.747795125,0 77.257566835,28.746432579,0 77.257054795,28.74510152,0 77.256614621,28.744605322,0 77.256372076,28.7440539880001,0 77.2549347710001,28.7438413300001,0 77.2552042660001,28.740950711,0 77.255662407,28.7393123960001,0 77.2559498670001,28.738902814,0 77.259084988,28.73593329,0 77.2593095670001,28.735917537,0 77.259255668,28.7355000640001,0 77.2601899160001,28.735381911,0 77.2604504270001,28.7350825890001,0 77.25715361,28.7117013500001,0 77.254683243,28.7119849810001,0 77.2543598490001,28.7118825590001,0 77.253901709,28.7122922470001,0 77.251539139,28.712898899,0 77.2509193020001,28.7102359090001,0 77.250955235,28.7087389330001,0 77.250793538,28.7077698260001,0 77.2509911670001,28.7075807310001,0 77.250694723,28.7062491770001,0 77.241109699,28.7090462090001,0 77.2457000900001,28.729552863,0 77.2474518050001,28.73928089,0 77.247137395,28.7409585880001,0 77.2431578580001,28.752284312,0 77.2432566730001,28.7548280990001,0 77.2425290370001,28.7571040670001,0 77.2424122560001,28.7578994630001,0 77.2457989050001,28.7565685500001,0 77.2468948490001,28.755977902,0 77.248772328,28.7554738810001,0 77.2504342120001,28.7552769960001,0</coordinates></LinearRing></outerBoundaryIs></Polygon>
  </Placemark>
  <Placemark>
	<Style><LineStyle><color>ff0000ff</color></LineStyle><PolyStyle><fill>0</fill></PolyStyle></Style>
	<ExtendedData><SchemaData schemaUrl="#Final_zoning_delhi">
		<SimpleData name="tessellate">-1</SimpleData>
		<SimpleData name="extrude">0</SimpleData>
		<SimpleData name="visibility">-1</SimpleData>
		<SimpleData name="Ward_Name">NIZAMUDDIN</SimpleData>
		<SimpleData name="Ward_No">154</SimpleData>
		<SimpleData name="internal">0</SimpleData>
		<SimpleData name="Zone_no">240</SimpleData>
		<SimpleData name="ycoord">3165651.828</SimpleData>
	</SchemaData></ExtendedData>
      <Polygon><outerBoundaryIs><LinearRing><coordinates>77.255940884,28.613763265,0 77.256821233,28.6099069300001,0 77.2577464980001,28.607154571,0 77.258842443,28.604899002,0 77.259929404,28.603203351,0 77.262336889,28.600711088,0 77.261007383,28.600080126,0 77.2622919730001,28.596562443,0 77.262031462,28.5964914570001,0 77.2626243500001,28.59433031,0 77.262579434,28.5940621350001,0 77.2623279060001,28.593904385,0 77.261995529,28.592910553,0 77.2617799340001,28.5928080150001,0 77.261384675,28.5920508030001,0 77.261007383,28.591222596,0 77.260881618,28.5905205870001,0 77.261420608,28.588375093,0 77.2619506140001,28.5853539730001,0 77.263253171,28.585661611,0 77.2636394460001,28.5847386950001,0 77.264025722,28.584218073,0 77.263953857,28.5837526660001,0 77.2637472440001,28.5835160170001,0 77.264340132,28.5831452670001,0 77.2641065700001,28.582853399,0 77.265552858,28.5817648020001,0 77.262408754,28.580139774,0 77.2619146810001,28.580368542,0 77.2613038270001,28.580305433,0 77.257863279,28.579059038,0 77.2576027680001,28.5788302670001,0 77.2567673340001,28.577315637,0 77.2553569790001,28.576329538,0 77.2545574790001,28.5774418570001,0 77.254611378,28.5797137920001,0 77.253407635,28.5797532350001,0 77.2531111910001,28.580037223,0 77.2527069490001,28.57983212,0 77.251907449,28.5809680680001,0 77.2515930380001,28.5826088600001,0 77.247981811,28.5867422790001,0 77.2469128160001,28.586442533,0 77.246131281,28.5864030930001,0 77.2443077010001,28.5870735770001,0 77.243517184,28.5874995290001,0 77.2406156260001,28.590212964,0 77.2398790070001,28.590528475,0 77.2399508720001,28.5927922400001,0 77.243651931,28.5931629560001,0 77.2407234230001,28.597217088,0 77.2399778220001,28.6098122940001,0 77.240409013,28.621775158,0 77.2408402040001,28.6243221180001,0 77.2404269790001,28.625378733,0 77.24088512,28.6260095430001,0 77.2421876770001,28.625252571,0 77.243580066,28.6240934460001,0 77.245277882,28.622059033,0 77.246059416,28.620789476,0 77.2477572320001,28.61585304,0 77.2483680860001,28.614922504,0 77.2490597890001,28.614252197,0 77.2502096330001,28.613621317,0 77.251431342,28.6132901030001,0 77.2540544220001,28.613400508,0 77.255940884,28.613763265,0</coordinates></LinearRing></outerBoundaryIs></Polygon>
  </Placemark>
  <Placemark>
	<Style><LineStyle><color>ff0000ff</color></LineStyle><PolyStyle><fill>0</fill></PolyStyle></Style>
	<ExtendedData><SchemaData schemaUrl="#Final_zoning_delhi">
		<SimpleData name="tessellate">-1</SimpleData>
		<SimpleData name="extrude">0</SimpleData>
		<SimpleData name="visibility">-1</SimpleData>
		<SimpleData name="Ward_Name">BHOGAL</SimpleData>
		<SimpleData name="Ward_No">156</SimpleData>
		<SimpleData name="internal">0</SimpleData>
		<SimpleData name="Zone_no">257</SimpleData>
		<SimpleData name="ycoord">3163356.984</SimpleData>
	</SchemaData></ExtendedData>
      <Polygon><outerBoundaryIs><LinearRing><coordinates>77.265552858,28.5817648020001,0 77.2664601560001,28.5808655180001,0 77.2668643980001,28.579745346,0 77.2667476170001,28.578822379,0 77.2661816790001,28.5777258520001,0 77.2645557280001,28.5764873140001,0 77.259767707,28.573481631,0 77.2562193620001,28.5709728850001,0 77.2551324010001,28.5704048590001,0 77.250928285,28.575438096,0 77.2519343980001,28.576013984,0 77.251539139,28.5766450900001,0 77.2525093200001,28.5770474190001,0 77.2526440670001,28.576905421,0 77.2529135620001,28.5769133100001,0 77.2531561070001,28.5771973060001,0 77.2521769430001,28.578538387,0 77.2523386400001,28.57910637,0 77.2505060770001,28.578822379,0 77.2504970940001,28.579406137,0 77.2495628460001,28.579406137,0 77.2493562330001,28.5796112400001,0 77.2490597890001,28.5794771340001,0 77.247604519,28.5794771340001,0 77.247613502,28.579658572,0 77.247415872,28.5796901260001,0 77.245682124,28.581812132,0 77.2456731410001,28.582853399,0 77.2452868650001,28.5833976930001,0 77.2444783810001,28.585211986,0 77.2440382070001,28.586694951,0 77.2442717690001,28.587097241,0 77.245511444,28.5865371900001,0 77.246131281,28.5864030930001,0 77.2469128160001,28.586442533,0 77.247981811,28.5867422790001,0 77.2515930380001,28.5826088600001,0 77.251907449,28.5809680680001,0 77.2527069490001,28.57983212,0 77.2531111910001,28.580037223,0 77.253407635,28.5797532350001,0 77.254611378,28.5797137920001,0 77.2545574790001,28.5774418570001,0 77.2553569790001,28.576329538,0 77.2567673340001,28.577315637,0 77.2576027680001,28.5788302670001,0 77.257863279,28.579059038,0 77.2613038270001,28.580305433,0 77.2619146810001,28.580368542,0 77.262408754,28.580139774,0 77.265552858,28.5817648020001,0</coordinates></LinearRing></outerBoundaryIs></Polygon>
  </Placemark>
  <Placemark>
	<Style><LineStyle><color>ff0000ff</color></LineStyle><PolyStyle><fill>0</fill></PolyStyle></Style>
	<ExtendedData><SchemaData schemaUrl="#Final_zoning_delhi">
		<SimpleData name="tessellate">-1</SimpleData>
		<SimpleData name="extrude">0</SimpleData>
		<SimpleData name="visibility">-1</SimpleData>
		<SimpleData name="Ward_Name">KASTURBA NAGAR</SimpleData>
		<SimpleData name="Ward_No">157</SimpleData>
		<SimpleData name="internal">0</SimpleData>
		<SimpleData name="Zone_no">254</SimpleData>
		<SimpleData name="ycoord">3163952.561</SimpleData>
	</SchemaData></ExtendedData>
      <Polygon><outerBoundaryIs><LinearRing><coordinates>77.2442717690001,28.587097241,0 77.244029224,28.586663399,0 77.244460415,28.5852750920001,0 77.2452868650001,28.5833976930001,0 77.2456731410001,28.582853399,0 77.2457090730001,28.5794219140001,0 77.243139892,28.5793745820001,0 77.243139892,28.5790511490001,0 77.242097846,28.5790038170001,0 77.2294226170001,28.57875927,0 77.229467533,28.57617965,0 77.229341769,28.5751777620001,0 77.227814633,28.57236927,0 77.22581139,28.573221292,0 77.226691739,28.5748148710001,0 77.2268893680001,28.575445985,0 77.2262425810001,28.5755090960001,0 77.224841209,28.5759272070001,0 77.2241045910001,28.576400537,0 77.2230984780001,28.5768186440001,0 77.2219037180001,28.5770553080001,0 77.221247948,28.577552299,0 77.22182287,28.57834117,0 77.2223438930001,28.5794140250001,0 77.222631354,28.579658572,0 77.2232062750001,28.5797532350001,0 77.2249579900001,28.579571797,0 77.224931041,28.5809759570001,0 77.223682382,28.5905679140001,0 77.228901594,28.591135831,0 77.2326385860001,28.5919640390001,0 77.2399508720001,28.5927922400001,0 77.2398790070001,28.590528475,0 77.2406156260001,28.590212964,0 77.243175824,28.5877913850001,0 77.2442717690001,28.587097241,0</coordinates></LinearRing></outerBoundaryIs></Polygon>
  </Placemark>
  <Placemark>
	<Style><LineStyle><color>ff0000ff</color></LineStyle><PolyStyle><fill>0</fill></PolyStyle></Style>
	<ExtendedData><SchemaData schemaUrl="#Final_zoning_delhi">
		<SimpleData name="tessellate">-1</SimpleData>
		<SimpleData name="extrude">0</SimpleData>
		<SimpleData name="visibility">-1</SimpleData>
		<SimpleData name="Ward_Name">AMAR COLONY</SimpleData>
		<SimpleData name="Ward_No">160</SimpleData>
		<SimpleData name="internal">1</SimpleData>
		<SimpleData name="Zone_no">6</SimpleData>
		<SimpleData name="ycoord">3161699.514</SimpleData>
	</SchemaData></ExtendedData>
      <Polygon><outerBoundaryIs><LinearRing><coordinates>77.2521320280001,28.566073557,0 77.2546652770001,28.5631622550001,0 77.2550785020001,28.562854551,0 77.2551054510001,28.5619472160001,0 77.2536501800001,28.5619235460001,0 77.2517816850001,28.562152353,0 77.2516828700001,28.561828867,0 77.251772701,28.5610872120001,0 77.2492214860001,28.559903709,0 77.248790295,28.5592251620001,0 77.2483770700001,28.5591936010001,0 77.247649434,28.559667007,0 77.2464816240001,28.5592961730001,0 77.2459606020001,28.5603455520001,0 77.2402922320001,28.5589253370001,0 77.2393310350001,28.558191552,0 77.2366360890001,28.55909103,0 77.2323690910001,28.5600299500001,0 77.231327046,28.560605922,0 77.2339591090001,28.565229367,0 77.2345430140001,28.56773825,0 77.236204898,28.5706967610001,0 77.246292978,28.5665153740001,0 77.2468948490001,28.5676041290001,0 77.2476943500001,28.567304328,0 77.247478754,28.566878294,0 77.2472362090001,28.566957189,0 77.2468948490001,28.5663023560001,0 77.247415872,28.5662629080001,0 77.2474518050001,28.566041999,0 77.2501377680001,28.566255018,0 77.2502725150001,28.56560018,0 77.251305577,28.565734304,0 77.2521320280001,28.566073557,0</coordinates></LinearRing></outerBoundaryIs></Polygon>
  </Placemark>
  <Placemark>
	<Style><LineStyle><color>ff0000ff</color></LineStyle><PolyStyle><fill>0</fill></PolyStyle></Style>
	<ExtendedData><SchemaData schemaUrl="#Final_zoning_delhi">
		<SimpleData name="tessellate">-1</SimpleData>
		<SimpleData name="extrude">0</SimpleData>
		<SimpleData name="visibility">-1</SimpleData>
		<SimpleData name="Ward_Name">MALVIYA NAGAR</SimpleData>
		<SimpleData name="Ward_No">161</SimpleData>
		<SimpleData name="internal">1</SimpleData>
		<SimpleData name="Zone_no">13</SimpleData>
		<SimpleData name="ycoord">3158832.982</SimpleData>
	</SchemaData></ExtendedData>
      <Polygon><outerBoundaryIs><LinearRing><coordinates>77.1960861370001,28.546087303,0 77.200299236,28.5450614550001,0 77.2038296150001,28.543877772,0 77.2088422140001,28.543498991,0 77.209462052,28.5428834690001,0 77.2101986700001,28.54152615,0 77.2106747770001,28.541281515,0 77.2117797050001,28.5410289880001,0 77.2116629240001,28.5402871860001,0 77.209938159,28.54056339,0 77.2097584960001,28.5404608,0 77.2095429,28.5394112230001,0 77.2098034110001,28.5392770650001,0 77.20886018,28.538661518,0 77.209066793,28.5382038010001,0 77.2097315460001,28.5379275920001,0 77.209812395,28.5383695260001,0 77.2104771480001,28.5382827180001,0 77.2112227490001,28.538977184,0 77.2116898730001,28.5386299510001,0 77.212013267,28.5390797750001,0 77.2125253070001,28.5389535090001,0 77.213594302,28.5382827180001,0 77.2094081530001,28.534218423,0 77.2091566240001,28.5344157220001,0 77.2086086520001,28.5339027430001,0 77.2088781470001,28.5336896590001,0 77.2086984840001,28.5335160340001,0 77.2080247470001,28.534060583,0 77.207575589,28.5336028460001,0 77.207710337,28.5334765740001,0 77.207270162,28.5330504020001,0 77.2077911850001,28.532640014,0 77.207539657,28.531977075,0 77.2077642360001,28.531179964,0 77.206991685,28.5310142280001,0 77.2074228760001,28.529427878,0 77.205787942,28.529199,0 77.205545397,28.5289385510001,0 77.2046919970001,28.5289385510001,0 77.204287756,28.528086171,0 77.2029582490001,28.528567609,0 77.197963616,28.5309668740001,0 77.1953674850001,28.531574574,0 77.1948374790001,28.531819232,0 77.1939930620001,28.531077365,0 77.1902021720001,28.528646533,0 77.1886750360001,28.5270917180001,0 77.186528062,28.5283939760001,0 77.184902112,28.5285597160001,0 77.1843810890001,28.528993798,0 77.1849200780001,28.529719894,0 77.184803297,28.5299329870001,0 77.1849110950001,28.5305801540001,0 77.184704482,28.530998443,0 77.185369236,28.5320717810001,0 77.1854500840001,28.5325137400001,0 77.180599181,28.535015511,0 77.179988327,28.534983943,0 77.1774101620001,28.5358441600001,0 77.1764489650001,28.5418654810001,0 77.1791259440001,28.545929481,0 77.17982663,28.5478785670001,0 77.18199157,28.5471210320001,0 77.1830785320001,28.5489990780001,0 77.182943784,28.549062205,0 77.182970734,28.549275258,0 77.1838421,28.5506166960001,0 77.191837106,28.547373544,0 77.1960861370001,28.546087303,0</coordinates></LinearRing></outerBoundaryIs></Polygon>
  </Placemark>
  <Placemark>
	<Style><LineStyle><color>ff0000ff</color></LineStyle><PolyStyle><fill>0</fill></PolyStyle></Style>
	<ExtendedData><SchemaData schemaUrl="#Final_zoning_delhi">
		<SimpleData name="tessellate">-1</SimpleData>
		<SimpleData name="extrude">0</SimpleData>
		<SimpleData name="visibility">-1</SimpleData>
		<SimpleData name="Ward_Name">HAUZ RANI</SimpleData>
		<SimpleData name="Ward_No">162</SimpleData>
		<SimpleData name="internal">1</SimpleData>
		<SimpleData name="Zone_no">16</SimpleData>
		<SimpleData name="ycoord">3158272.743</SimpleData>
	</SchemaData></ExtendedData>
      <Polygon><outerBoundaryIs><LinearRing><coordinates>77.218139777,28.5300750480001,0 77.214851943,28.5293173850001,0 77.212246829,28.5284729,0 77.2113574970001,28.528299266,0 77.206093369,28.5278730740001,0 77.204287756,28.528086171,0 77.2046919970001,28.5289385510001,0 77.205545397,28.5289385510001,0 77.205787942,28.529199,0 77.2074228760001,28.529427878,0 77.206991685,28.5310142280001,0 77.2077642360001,28.531179964,0 77.207539657,28.531977075,0 77.2077911850001,28.532640014,0 77.207270162,28.5330504020001,0 77.207710337,28.5334765740001,0 77.207575589,28.5336028460001,0 77.2080247470001,28.534060583,0 77.2086984840001,28.5335160340001,0 77.2088781470001,28.5336896590001,0 77.2086086520001,28.5339027430001,0 77.2091566240001,28.5344157220001,0 77.2094081530001,28.534218423,0 77.213594302,28.5382827180001,0 77.2125253070001,28.5389535090001,0 77.212013267,28.5390797750001,0 77.2116898730001,28.5386299510001,0 77.2112227490001,28.538977184,0 77.2104771480001,28.5382827180001,0 77.209812395,28.5383695260001,0 77.2097315460001,28.5379275920001,0 77.20920154,28.538101209,0 77.20886018,28.538653626,0 77.2098034110001,28.5392770650001,0 77.2095429,28.5394112230001,0 77.2097584960001,28.5404608,0 77.209938159,28.54056339,0 77.2116629240001,28.5402871860001,0 77.2117797050001,28.5410289880001,0 77.212651071,28.54061863,0 77.213261925,28.5390403170001,0 77.2146363480001,28.5381564510001,0 77.2152382190001,28.5381722340001,0 77.216271281,28.5389614,0 77.2173402770001,28.538116992,0 77.2190021600001,28.5328294240001,0 77.2178882490001,28.5331056470001,0 77.2179062150001,28.532892561,0 77.2177085860001,28.5328767770001,0 77.217933165,28.531842908,0 77.2177535020001,28.5318113390001,0 77.217798417,28.531369377,0 77.2184272380001,28.531385162,0 77.2184631710001,28.5310615810001,0 77.218067912,28.5310379040001,0 77.218139777,28.5300750480001,0</coordinates></LinearRing></outerBoundaryIs></Polygon>
  </Placemark>
  <Placemark>
	<Style><LineStyle><color>ff0000ff</color></LineStyle><PolyStyle><fill>0</fill></PolyStyle></Style>
	<ExtendedData><SchemaData schemaUrl="#Final_zoning_delhi">
		<SimpleData name="tessellate">-1</SimpleData>
		<SimpleData name="extrude">0</SimpleData>
		<SimpleData name="visibility">-1</SimpleData>
		<SimpleData name="Ward_Name">ANDREWSGANJ</SimpleData>
		<SimpleData name="Ward_No">159</SimpleData>
		<SimpleData name="internal">1</SimpleData>
		<SimpleData name="Zone_no">5</SimpleData>
		<SimpleData name="ycoord">3161990.576</SimpleData>
	</SchemaData></ExtendedData>
      <Polygon><outerBoundaryIs><LinearRing><coordinates>77.236204898,28.5706967610001,0 77.2345430140001,28.56773825,0 77.2339591090001,28.565229367,0 77.2321624790001,28.5619314360001,0 77.230895854,28.559911599,0 77.2282997230001,28.5540412290001,0 77.2223259260001,28.5552879210001,0 77.221580325,28.5553431540001,0 77.2205292960001,28.555193236,0 77.2196848790001,28.5547671530001,0 77.2157412750001,28.55374928,0 77.214411769,28.5532521760001,0 77.212687003,28.5541595870001,0 77.221176083,28.5604165620001,0 77.2201250540001,28.56152116,0 77.2214455770001,28.5628229920001,0 77.21965793,28.5639038950001,0 77.2198375930001,28.5642589340001,0 77.219729795,28.5645981920001,0 77.2194064020001,28.5647402070001,0 77.2192716540001,28.5645035150001,0 77.217457058,28.5655291740001,0 77.2177714680001,28.566073557,0 77.2168372200001,28.566491705,0 77.216639591,28.5661445640001,0 77.216450944,28.5660893370001,0 77.2152472020001,28.566657386,0 77.2165946750001,28.5680459390001,0 77.21698095,28.568858549,0 77.2228289830001,28.568574531,0 77.224221372,28.5683141800001,0 77.225335283,28.56788815,0 77.229341769,28.5751777620001,0 77.229467533,28.57617965,0 77.2294226170001,28.57875927,0 77.243139892,28.5790511490001,0 77.243184807,28.5763374270001,0 77.241415126,28.576305871,0 77.2414780080001,28.572803171,0 77.2390345910001,28.5727637260001,0 77.238980692,28.574317867,0 77.2382800060001,28.5744519790001,0 77.236204898,28.5706967610001,0</coordinates></LinearRing></outerBoundaryIs></Polygon>
  </Placemark>
  <Placemark>
	<Style><LineStyle><color>ff0000ff</color></LineStyle><PolyStyle><fill>0</fill></PolyStyle></Style>
	<ExtendedData><SchemaData schemaUrl="#Final_zoning_delhi">
		<SimpleData name="tessellate">-1</SimpleData>
		<SimpleData name="extrude">0</SimpleData>
		<SimpleData name="visibility">-1</SimpleData>
		<SimpleData name="Ward_Name">VASANT VIHAR</SimpleData>
		<SimpleData name="Ward_No">165</SimpleData>
		<SimpleData name="internal">0</SimpleData>
		<SimpleData name="Zone_no">269</SimpleData>
		<SimpleData name="ycoord">3161302.791</SimpleData>
	</SchemaData></ExtendedData>
      <Polygon><outerBoundaryIs><LinearRing><coordinates>77.1688402340001,28.561663179,0 77.1716429780001,28.5589332270001,0 77.170915343,28.5576471270001,0 77.170034994,28.5578128220001,0 77.169801432,28.5575603350001,0 77.1695768530001,28.556652953,0 77.170241606,28.55656616,0 77.1701338080001,28.556345231,0 77.1709333090001,28.5561164110001,0 77.170565,28.5553352640001,0 77.169262443,28.5547198100001,0 77.16905583,28.554238492,0 77.168615656,28.554404192,0 77.1684270090001,28.5540096670001,0 77.1689659990001,28.553717718,0 77.1686066720001,28.5530864740001,0 77.16905583,28.5526840540001,0 77.1698912630001,28.5525104610001,0 77.1700260110001,28.552778742,0 77.1713465340001,28.5525735860001,0 77.1712387360001,28.551453113,0 77.1720651860001,28.5512795180001,0 77.1725233270001,28.5520843670001,0 77.172199934,28.552818195,0 77.1727029900001,28.5532442860001,0 77.1731701140001,28.5531653800001,0 77.1740953790001,28.553851857,0 77.1738438510001,28.5541280250001,0 77.1744277550001,28.5545462200001,0 77.1752721720001,28.556179534,0 77.1756494640001,28.556211095,0 77.17734728,28.5591068100001,0 77.178335427,28.558877996,0 77.1792247590001,28.55774181,0 77.1817130920001,28.5557297830001,0 77.181174103,28.5551458940001,0 77.182153267,28.554648796,0 77.1818029240001,28.5539859960001,0 77.1817400420001,28.553883419,0 77.1804824,28.554577782,0 77.1809585080001,28.55525636,0 77.1802129060001,28.555674551,0 77.17985358,28.5555798660001,0 77.1785600060001,28.5540964630001,0 77.178775601,28.553954434,0 77.178533056,28.55374139,0 77.1780120330001,28.5533547540001,0 77.1771766,28.5535993600001,0 77.172954518,28.5500091060001,0 77.1708614440001,28.550837637,0 77.166450716,28.5534178780001,0 77.1597672500001,28.544808937,0 77.1580335020001,28.5457164210001,0 77.1562907700001,28.547057904,0 77.1576741750001,28.5491568950001,0 77.155994326,28.5500485600001,0 77.1554733030001,28.550561461,0 77.153964133,28.551019124,0 77.153290397,28.5517135060001,0 77.1533442960001,28.552652492,0 77.1547636340001,28.55546151,0 77.153523959,28.5557929060001,0 77.153092767,28.5564872570001,0 77.1464991330001,28.558767534,0 77.1472177860001,28.5599352690001,0 77.145268441,28.5615921690001,0 77.1439748670001,28.561955106,0 77.141441618,28.5641563670001,0 77.1399773640001,28.566041999,0 77.145367256,28.570775654,0 77.147226769,28.5711385590001,0 77.1505325690001,28.5722667110001,0 77.1509637600001,28.5740259740001,0 77.1512691870001,28.574254755,0 77.1520417390001,28.5741679760001,0 77.1532454810001,28.574309978,0 77.1567219610001,28.575635318,0 77.1575484110001,28.5757773180001,0 77.1584107940001,28.575737874,0 77.1597403010001,28.575090984,0 77.160530818,28.574207421,0 77.1666303790001,28.565592291,0 77.1688402340001,28.561663179,0</coordinates></LinearRing></outerBoundaryIs></Polygon>
  </Placemark>
  <Placemark>
	<Style><LineStyle><color>ff0000ff</color></LineStyle><PolyStyle><fill>0</fill></PolyStyle></Style>
	<ExtendedData><SchemaData schemaUrl="#Final_zoning_delhi">
		<SimpleData name="tessellate">-1</SimpleData>
		<SimpleData name="extrude">0</SimpleData>
		<SimpleData name="visibility">-1</SimpleData>
		<SimpleData name="Ward_Name">MUNIRKA</SimpleData>
		<SimpleData name="Ward_No">166</SimpleData>
		<SimpleData name="internal">0</SimpleData>
		<SimpleData name="Zone_no">270</SimpleData>
		<SimpleData name="ycoord">3160864.540</SimpleData>
	</SchemaData></ExtendedData>
      <Polygon><outerBoundaryIs><LinearRing><coordinates>77.188522322,28.5622391420001,0 77.1849919430001,28.5521790550001,0 77.1839049820001,28.5506877130001,0 77.1785600060001,28.5540964630001,0 77.1798356130001,28.5555640850001,0 77.1802129060001,28.555674551,0 77.1809585080001,28.55525636,0 77.1804824,28.554577782,0 77.1817400420001,28.553883419,0 77.182153267,28.554648796,0 77.181174103,28.5551458940001,0 77.1817130920001,28.5557297830001,0 77.1792247590001,28.55774181,0 77.178335427,28.558877996,0 77.17734728,28.5591068100001,0 77.1756494640001,28.556211095,0 77.1752721720001,28.556179534,0 77.1744277550001,28.5545462200001,0 77.1738438510001,28.5541280250001,0 77.1740953790001,28.553851857,0 77.1731701140001,28.5531653800001,0 77.1727029900001,28.5532442860001,0 77.172199934,28.552818195,0 77.1725233270001,28.5520843670001,0 77.1720651860001,28.5512795180001,0 77.1712387360001,28.551453113,0 77.1713465340001,28.5525735860001,0 77.1700260110001,28.552778742,0 77.1698912630001,28.5525104610001,0 77.169433122,28.5526446010001,0 77.1692804090001,28.5525735860001,0 77.1686066720001,28.5530864740001,0 77.1689659990001,28.553717718,0 77.1684270090001,28.5540096670001,0 77.168615656,28.554404192,0 77.16905583,28.554238492,0 77.169262443,28.5547198100001,0 77.170565,28.5553352640001,0 77.1709333090001,28.5561164110001,0 77.1701338080001,28.556345231,0 77.170241606,28.55656616,0 77.1695768530001,28.556652953,0 77.169873297,28.5576707980001,0 77.170034994,28.5578128220001,0 77.170915343,28.5576471270001,0 77.1716429780001,28.5589332270001,0 77.1729994340001,28.5577575900001,0 77.175362003,28.560519132,0 77.1792427250001,28.563619863,0 77.1807518950001,28.5619235460001,0 77.181614278,28.5599905,0 77.1836714200001,28.560613812,0 77.1855309320001,28.561820977,0 77.1872916300001,28.5619235460001,0 77.188522322,28.5622391420001,0</coordinates></LinearRing></outerBoundaryIs></Polygon>
  </Placemark>
  <Placemark>
	<Style><LineStyle><color>ff0000ff</color></LineStyle><PolyStyle><fill>0</fill></PolyStyle></Style>
	<ExtendedData><SchemaData schemaUrl="#Final_zoning_delhi">
		<SimpleData name="tessellate">-1</SimpleData>
		<SimpleData name="extrude">0</SimpleData>
		<SimpleData name="visibility">-1</SimpleData>
		<SimpleData name="Ward_Name">NANAK PURA</SimpleData>
		<SimpleData name="Ward_No">168</SimpleData>
		<SimpleData name="internal">0</SimpleData>
		<SimpleData name="Zone_no">259</SimpleData>
		<SimpleData name="ycoord">3163104.277</SimpleData>
	</SchemaData></ExtendedData>
      <Polygon><outerBoundaryIs><LinearRing><coordinates>77.1760177740001,28.5785778310001,0 77.1685078580001,28.575169873,0 77.1701338080001,28.5710359990001,0 77.1723885800001,28.571730249,0 77.173394693,28.569395027,0 77.175856077,28.566957189,0 77.174885896,28.566373362,0 77.175254206,28.566034109,0 77.1745265700001,28.565513394,0 77.1742480920001,28.5653477120001,0 77.173996564,28.5657500830001,0 77.173664187,28.5655686220001,0 77.174337924,28.5643930590001,0 77.1708704270001,28.5629886790001,0 77.1688402340001,28.561663179,0 77.1666303790001,28.565592291,0 77.160198441,28.5746413140001,0 77.1597403010001,28.575090984,0 77.1587162210001,28.5756589850001,0 77.1575484110001,28.5757773180001,0 77.158195198,28.5771420840001,0 77.1578807880001,28.578230729,0 77.157988586,28.578798713,0 77.1601355590001,28.582790292,0 77.160189458,28.583523906,0 77.159884031,28.5841865200001,0 77.160872178,28.585779933,0 77.1646720510001,28.5891402190001,0 77.1650493440001,28.589692369,0 77.165848844,28.590410159,0 77.166351901,28.5919482630001,0 77.1657230800001,28.592058691,0 77.1639893320001,28.593226057,0 77.1664147830001,28.594409184,0 77.1671514020001,28.593249719,0 77.1681934470001,28.5911594950001,0 77.1721640010001,28.58528298,0 77.1760177740001,28.5785778310001,0</coordinates></LinearRing></outerBoundaryIs></Polygon>
  </Placemark>
  <Placemark>
	<Style><LineStyle><color>ff0000ff</color></LineStyle><PolyStyle><fill>0</fill></PolyStyle></Style>
	<ExtendedData><SchemaData schemaUrl="#Final_zoning_delhi">
		<SimpleData name="tessellate">-1</SimpleData>
		<SimpleData name="extrude">0</SimpleData>
		<SimpleData name="visibility">-1</SimpleData>
		<SimpleData name="Ward_Name">VASANTKUNJ</SimpleData>
		<SimpleData name="Ward_No">171</SimpleData>
		<SimpleData name="internal">0</SimpleData>
		<SimpleData name="Zone_no">274</SimpleData>
		<SimpleData name="ycoord">3158918.464</SimpleData>
	</SchemaData></ExtendedData>
      <Polygon><outerBoundaryIs><LinearRing><coordinates>77.1839049820001,28.5506877130001,0 77.182970734,28.549275258,0 77.182943784,28.549062205,0 77.1830785320001,28.5489990780001,0 77.18199157,28.5471210320001,0 77.17982663,28.5478785670001,0 77.1788564500001,28.5454717960001,0 77.1730353670001,28.536467615,0 77.1708973760001,28.5303276020001,0 77.170924326,28.5300750480001,0 77.1712836520001,28.529593617,0 77.1719484050001,28.5289622290001,0 77.171975355,28.528299266,0 77.171768742,28.528023031,0 77.170609916,28.527675763,0 77.169810415,28.5268075870001,0 77.1690468470001,28.5248975740001,0 77.1664417330001,28.5262708920001,0 77.152275301,28.5345025340001,0 77.1496522200001,28.530974766,0 77.1468764260001,28.5275810530001,0 77.146553032,28.5277783650001,0 77.1461308240001,28.52713118,0 77.1463104870001,28.5270127920001,0 77.1460948910001,28.52660238,0 77.1455918350001,28.5265708100001,0 77.143741305,28.527281138,0 77.1440916480001,28.5280072460001,0 77.144316227,28.5291042910001,0 77.145942178,28.53123521,0 77.1449719970001,28.5319139380001,0 77.1486011910001,28.5366964780001,0 77.1496073040001,28.536096699,0 77.1496612030001,28.53623086,0 77.149095264,28.5386694100001,0 77.145573869,28.5405870640001,0 77.145609801,28.544256552,0 77.1472088020001,28.5442802260001,0 77.1477837240001,28.545755876,0 77.15064935,28.5440750540001,0 77.1502720570001,28.5432464690001,0 77.1504517210001,28.5429465990001,0 77.1497959500001,28.541881264,0 77.15082003,28.5419128290001,0 77.151529699,28.5417155440001,0 77.15247293,28.5407843520001,0 77.1530748010001,28.53984526,0 77.1539102340001,28.5390797750001,0 77.1549343140001,28.53862206,0 77.166450716,28.5534178780001,0 77.1708614440001,28.550837637,0 77.172954518,28.5500091060001,0 77.1771766,28.5535993600001,0 77.1780120330001,28.5533547540001,0 77.178775601,28.553954434,0 77.1839049820001,28.5506877130001,0</coordinates></LinearRing></outerBoundaryIs></Polygon>
  </Placemark>
  <Placemark>
	<Style><LineStyle><color>ff0000ff</color></LineStyle><PolyStyle><fill>0</fill></PolyStyle></Style>
	<ExtendedData><SchemaData schemaUrl="#Final_zoning_delhi">
		<SimpleData name="tessellate">-1</SimpleData>
		<SimpleData name="extrude">0</SimpleData>
		<SimpleData name="visibility">-1</SimpleData>
		<SimpleData name="Ward_Name">DAKSHINPURI EXT.</SimpleData>
		<SimpleData name="Ward_No">180</SimpleData>
		<SimpleData name="internal">1</SimpleData>
		<SimpleData name="Zone_no">18</SimpleData>
		<SimpleData name="ycoord">3157512.849</SimpleData>
	</SchemaData></ExtendedData>
      <Polygon><outerBoundaryIs><LinearRing><coordinates>77.245655174,28.526815479,0 77.2460504330001,28.526578703,0 77.2460773830001,28.5261682890001,0 77.2464546750001,28.52568684,0 77.247577569,28.5252843150001,0 77.248960975,28.5239899110001,0 77.2494550480001,28.5233505960001,0 77.251745752,28.5219930260001,0 77.2498682730001,28.520485471,0 77.2486375810001,28.5207696190001,0 77.248188423,28.521014301,0 77.247245192,28.521030087,0 77.2464726410001,28.521211626,0 77.246158231,28.521495772,0 77.2459067030001,28.5221982410001,0 77.245439579,28.5225928850001,0 77.2442807520001,28.5229085990001,0 77.244056173,28.5228928130001,0 77.2439753250001,28.521369485,0 77.2441010890001,28.520556508,0 77.2432027740001,28.521156375,0 77.24290633,28.520801191,0 77.242780565,28.5209038,0 77.2422056440001,28.5205091500001,0 77.241486991,28.5213063410001,0 77.24091207,28.5209038,0 77.2405886760001,28.5208643350001,0 77.237660168,28.524171445,0 77.2359443860001,28.5230269910001,0 77.232243327,28.5231690620001,0 77.2298627920001,28.5239662330001,0 77.2318660350001,28.528946444,0 77.2320277310001,28.533066187,0 77.2348484410001,28.53300305,0 77.2352706500001,28.5327426110001,0 77.2367259200001,28.53123521,0 77.2384596690001,28.5302802480001,0 77.23872018,28.529940879,0 77.238810012,28.529427878,0 77.2404449460001,28.5290332600001,0 77.241217497,28.5291279680001,0 77.241594789,28.528993798,0 77.2422056440001,28.528370298,0 77.2428614140001,28.5280309230001,0 77.243211757,28.5273127080001,0 77.2439483750001,28.5266576280001,0 77.245655174,28.526815479,0</coordinates></LinearRing></outerBoundaryIs></Polygon>
  </Placemark>
  <Placemark>
	<Style><LineStyle><color>ff0000ff</color></LineStyle><PolyStyle><fill>0</fill></PolyStyle></Style>
	<ExtendedData><SchemaData schemaUrl="#Final_zoning_delhi">
		<SimpleData name="tessellate">-1</SimpleData>
		<SimpleData name="extrude">0</SimpleData>
		<SimpleData name="visibility">-1</SimpleData>
		<SimpleData name="Ward_Name">KHANPUR</SimpleData>
		<SimpleData name="Ward_No">181</SimpleData>
		<SimpleData name="internal">1</SimpleData>
		<SimpleData name="Zone_no">24</SimpleData>
		<SimpleData name="ycoord">3155717.744</SimpleData>
	</SchemaData></ExtendedData>
      <Polygon><outerBoundaryIs><LinearRing><coordinates>77.226871402,28.516578356,0 77.2327104510001,28.515394353,0 77.232180445,28.5143761,0 77.238244073,28.51301052,0 77.238001528,28.511858052,0 77.236779819,28.512118543,0 77.2366360890001,28.511447581,0 77.23626778,28.5115344110001,0 77.23607015,28.510516121,0 77.2351179360001,28.510752934,0 77.2346687780001,28.5093162630001,0 77.234318435,28.509197855,0 77.2337794460001,28.508463723,0 77.2337255470001,28.508147966,0 77.2335548670001,28.50815586,0 77.2335458840001,28.507792738,0 77.234210638,28.50777695,0 77.234174705,28.5073980390001,0 77.2352077680001,28.507255947,0 77.2351089530001,28.5067665180001,0 77.2353425150001,28.5067033650001,0 77.2351448860001,28.505740287,0 77.2352437,28.5057323930001,0 77.235324549,28.5043824900001,0 77.2336446990001,28.5037904220001,0 77.2337255470001,28.5045482690001,0 77.2333123220001,28.5045719510001,0 77.2333123220001,28.5047456240001,0 77.2326655350001,28.5048087770001,0 77.2326116360001,28.5035378050001,0 77.231632473,28.5030720410001,0 77.231875018,28.5029694150001,0 77.2316594220001,28.502219451,0 77.230752124,28.5027404790001,0 77.2303748310001,28.502203663,0 77.2299256740001,28.5024010220001,0 77.229737028,28.5021562960001,0 77.229440583,28.502195768,0 77.229207021,28.5020536690001,0 77.228659049,28.502172085,0 77.2282727740001,28.5019352530001,0 77.2273295430001,28.5019984090001,0 77.226188682,28.502329973,0 77.2260808840001,28.5016747380001,0 77.2250927370001,28.5015800050001,0 77.2250657880001,28.501232649,0 77.2243740850001,28.5012247550001,0 77.2243740850001,28.5009721320001,0 77.223655433,28.500980026,0 77.22364645,28.500758981,0 77.2215713420001,28.5007431920001,0 77.2215713420001,28.5003879390001,0 77.220942521,28.500403728,0 77.220915571,28.500545829,0 77.219927425,28.5005300400001,0 77.219927425,28.5013036990001,0 77.2192626710001,28.50128791,0 77.2192716540001,28.5018878870001,0 77.2184631710001,28.501895781,0 77.218544019,28.5029694150001,0 77.217394175,28.5029773090001,0 77.217564855,28.504050932,0 77.216208399,28.5040430380001,0 77.2161545,28.5051403320001,0 77.2141512570001,28.505164015,0 77.214169224,28.5063165560001,0 77.212148014,28.5063481330001,0 77.2121659810001,28.508511087,0 77.212309711,28.508653177,0 77.2123007280001,28.5092925810001,0 77.212615138,28.509616228,0 77.2114563110001,28.5097741050001,0 77.2122558120001,28.5111555140001,0 77.2124624250001,28.5110607890001,0 77.214007527,28.5131999660001,0 77.2149417750001,28.5149917890001,0 77.2150046570001,28.515607474,0 77.2143938020001,28.516759902,0 77.2143668530001,28.518022821,0 77.2153011010001,28.5179202100001,0 77.2162622980001,28.5213615920001,0 77.2215713420001,28.5210774450001,0 77.220403532,28.5168783010001,0 77.226736654,28.5156627280001,0 77.226871402,28.516578356,0</coordinates></LinearRing></outerBoundaryIs></Polygon>
  </Placemark>
  <Placemark>
	<Style><LineStyle><color>ff0000ff</color></LineStyle><PolyStyle><fill>0</fill></PolyStyle></Style>
	<ExtendedData><SchemaData schemaUrl="#Final_zoning_delhi">
		<SimpleData name="tessellate">-1</SimpleData>
		<SimpleData name="extrude">0</SimpleData>
		<SimpleData name="visibility">-1</SimpleData>
		<SimpleData name="Ward_Name">AMBEDKAR NAGAR</SimpleData>
		<SimpleData name="Ward_No">182</SimpleData>
		<SimpleData name="internal">1</SimpleData>
		<SimpleData name="Zone_no">22</SimpleData>
		<SimpleData name="ycoord">3156481.179</SimpleData>
	</SchemaData></ExtendedData>
      <Polygon><outerBoundaryIs><LinearRing><coordinates>77.2379206800001,28.5173597900001,0 77.2383518710001,28.5170203800001,0 77.237839831,28.5165231030001,0 77.2381811910001,28.51627841,0 77.238244073,28.51301052,0 77.232180445,28.5143761,0 77.2327104510001,28.515394353,0 77.226871402,28.516578356,0 77.2273475090001,28.518354335,0 77.2287219310001,28.517849171,0 77.2288836280001,28.518551664,0 77.2296651620001,28.520240787,0 77.2314438270001,28.519554091,0 77.2349472560001,28.5193962290001,0 77.2348484410001,28.518433267,0 77.2365642240001,28.5183938010001,0 77.2379206800001,28.5173597900001,0</coordinates></LinearRing></outerBoundaryIs></Polygon>
  </Placemark>
  <Placemark>
	<Style><LineStyle><color>ff0000ff</color></LineStyle><PolyStyle><fill>0</fill></PolyStyle></Style>
	<ExtendedData><SchemaData schemaUrl="#Final_zoning_delhi">
		<SimpleData name="tessellate">-1</SimpleData>
		<SimpleData name="extrude">0</SimpleData>
		<SimpleData name="visibility">-1</SimpleData>
		<SimpleData name="Ward_Name">MADANGIR</SimpleData>
		<SimpleData name="Ward_No">183</SimpleData>
		<SimpleData name="internal">1</SimpleData>
		<SimpleData name="Zone_no">21</SimpleData>
		<SimpleData name="ycoord">3156935.597</SimpleData>
	</SchemaData></ExtendedData>
      <Polygon><outerBoundaryIs><LinearRing><coordinates>77.2405886760001,28.5208643350001,0 77.240498845,28.5199171720001,0 77.239591546,28.5189700010001,0 77.240983935,28.517864957,0 77.2401125690001,28.5169256610001,0 77.238675265,28.5180938600001,0 77.2379206800001,28.5173597900001,0 77.2365642240001,28.5183938010001,0 77.2348484410001,28.518433267,0 77.2349472560001,28.5193962290001,0 77.2314438270001,28.519554091,0 77.2294585500001,28.52032761,0 77.2310126350001,28.5235794870001,0 77.232243327,28.5231690620001,0 77.2359443860001,28.5230269910001,0 77.237660168,28.524171445,0 77.2405886760001,28.5208643350001,0</coordinates></LinearRing></outerBoundaryIs></Polygon>
  </Placemark>
  <Placemark>
	<Style><LineStyle><color>ff0000ff</color></LineStyle><PolyStyle><fill>0</fill></PolyStyle></Style>
	<ExtendedData><SchemaData schemaUrl="#Final_zoning_delhi">
		<SimpleData name="tessellate">-1</SimpleData>
		<SimpleData name="extrude">0</SimpleData>
		<SimpleData name="visibility">-1</SimpleData>
		<SimpleData name="Ward_Name">PUSHP VIHAR</SimpleData>
		<SimpleData name="Ward_No">184</SimpleData>
		<SimpleData name="internal">1</SimpleData>
		<SimpleData name="Zone_no">19</SimpleData>
		<SimpleData name="ycoord">3157338.399</SimpleData>
	</SchemaData></ExtendedData>
      <Polygon><outerBoundaryIs><LinearRing><coordinates>77.2310126350001,28.5235794870001,0 77.2294585500001,28.52032761,0 77.2296651620001,28.520240787,0 77.2288836280001,28.518551664,0 77.2287219310001,28.517849171,0 77.2273475090001,28.518354335,0 77.226970216,28.5172019250001,0 77.226736654,28.5156627280001,0 77.226359362,28.5157021950001,0 77.220403532,28.5168783010001,0 77.2215713420001,28.5210774450001,0 77.2162622980001,28.5213615920001,0 77.216549759,28.522616563,0 77.216540776,28.5234295240001,0 77.2159209380001,28.5257420880001,0 77.2165856920001,28.5256236990001,0 77.2218677860001,28.5269180820001,0 77.220682009,28.530666969,0 77.2305634780001,28.5329162370001,0 77.2320277310001,28.533066187,0 77.2318660350001,28.528946444,0 77.2298627920001,28.5239662330001,0 77.2310126350001,28.5235794870001,0</coordinates></LinearRing></outerBoundaryIs></Polygon>
  </Placemark>
  <Placemark>
	<Style><LineStyle><color>ff0000ff</color></LineStyle><PolyStyle><fill>0</fill></PolyStyle></Style>
	<ExtendedData><SchemaData schemaUrl="#Final_zoning_delhi">
		<SimpleData name="tessellate">-1</SimpleData>
		<SimpleData name="extrude">0</SimpleData>
		<SimpleData name="visibility">-1</SimpleData>
		<SimpleData name="Ward_Name">TUGHLAKABAD EXTN</SimpleData>
		<SimpleData name="Ward_No">185</SimpleData>
		<SimpleData name="internal">0</SimpleData>
		<SimpleData name="Zone_no">280</SimpleData>
		<SimpleData name="ycoord">3156502.167</SimpleData>
	</SchemaData></ExtendedData>
      <Polygon><outerBoundaryIs><LinearRing><coordinates>77.2597497410001,28.525749981,0 77.263082491,28.5251264620001,0 77.2637023280001,28.525197496,0 77.2645467450001,28.5233032400001,0 77.2638191090001,28.5228533490001,0 77.263549615,28.5228533490001,0 77.2635765640001,28.5227191700001,0 77.2631363900001,28.5224902780001,0 77.262839946,28.5225297420001,0 77.2625255350001,28.522371885,0 77.262471636,28.5220324900001,0 77.261187046,28.521385271,0 77.260100084,28.520643331,0 77.258537016,28.519214688,0 77.2574141210001,28.517943889,0 77.256246312,28.517075633,0 77.2556444400001,28.516404703,0 77.2549437540001,28.5152206980001,0 77.2546742600001,28.5150233630001,0 77.254584428,28.514707625,0 77.2591748190001,28.5120159250001,0 77.257261408,28.511297601,0 77.249338267,28.5119212010001,0 77.2496257280001,28.507626965,0 77.2464456920001,28.5079742990001,0 77.246328911,28.5087400100001,0 77.243687864,28.508961039,0 77.2436339650001,28.508590026,0 77.242268526,28.508795267,0 77.238944759,28.5088821,0 77.238944759,28.509016296,0 77.238208141,28.5090320830001,0 77.2382261070001,28.509245218,0 77.2374715220001,28.5093715190001,0 77.2382530560001,28.512923691,0 77.2381811910001,28.51627841,0 77.237839831,28.5165231030001,0 77.2383518710001,28.5170203800001,0 77.2379206800001,28.5173597900001,0 77.238675265,28.5180938600001,0 77.2401125690001,28.5169256610001,0 77.240983935,28.517864957,0 77.239591546,28.5189700010001,0 77.240498845,28.5199171720001,0 77.2405886760001,28.5208643350001,0 77.24091207,28.5209038,0 77.241486991,28.5213063410001,0 77.2422056440001,28.5205091500001,0 77.242780565,28.5209038,0 77.24290633,28.520801191,0 77.2432027740001,28.521156375,0 77.2441010890001,28.520556508,0 77.2439753250001,28.521369485,0 77.244056173,28.5228928130001,0 77.2442807520001,28.5229085990001,0 77.245439579,28.5225928850001,0 77.2459067030001,28.5221982410001,0 77.246158231,28.521495772,0 77.2464726410001,28.521211626,0 77.247245192,28.521030087,0 77.2482153730001,28.5210064090001,0 77.2497604750001,28.5204538990001,0 77.2525811850001,28.5226086710001,0 77.2526979660001,28.522482385,0 77.2529045790001,28.522640242,0 77.2533178040001,28.5231217050001,0 77.253066275,28.5233663820001,0 77.254485614,28.524416119,0 77.255060535,28.5238557340001,0 77.255976817,28.5236189510001,0 77.257054795,28.526436636,0 77.2597497410001,28.525749981,0</coordinates></LinearRing></outerBoundaryIs></Polygon>
  </Placemark>
  <Placemark>
	<Style><LineStyle><color>ff0000ff</color></LineStyle><PolyStyle><fill>0</fill></PolyStyle></Style>
	<ExtendedData><SchemaData schemaUrl="#Final_zoning_delhi">
		<SimpleData name="tessellate">-1</SimpleData>
		<SimpleData name="extrude">0</SimpleData>
		<SimpleData name="visibility">-1</SimpleData>
		<SimpleData name="Ward_Name">SANGAM VIHAR CENTRAL</SimpleData>
		<SimpleData name="Ward_No">187</SimpleData>
		<SimpleData name="internal">0</SimpleData>
		<SimpleData name="Zone_no">291</SimpleData>
		<SimpleData name="ycoord">3153849.024</SimpleData>
	</SchemaData></ExtendedData>
      <Polygon><outerBoundaryIs><LinearRing><coordinates>77.2460324670001,28.499772165,0 77.2460324670001,28.4996300620001,0 77.246769085,28.499314279,0 77.246463658,28.4986984980001,0 77.2463109440001,28.497103768,0 77.2464816240001,28.4970721890001,0 77.2464367090001,28.496890609,0 77.2478740130001,28.4964485,0 77.2485387660001,28.4975932420001,0 77.249338267,28.497127452,0 77.249580812,28.497411663,0 77.2505689590001,28.4968353450001,0 77.2511528640001,28.497995872,0 77.2540184900001,28.496551133,0 77.2544676470001,28.4969695570001,0 77.2547281590001,28.496748503,0 77.2555276590001,28.4972537680001,0 77.2573063240001,28.496369552,0 77.260513309,28.4965037640001,0 77.2600731350001,28.49487742,0 77.2596149940001,28.4940958190001,0 77.259327533,28.492943144,0 77.259183803,28.490969357,0 77.25965991,28.48987981,0 77.260342629,28.4892323930001,0 77.2610343320001,28.4878585930001,0 77.252383556,28.487834906,0 77.242636835,28.488687613,0 77.24256497,28.491348327,0 77.242771582,28.491735191,0 77.242259543,28.4919878360001,0 77.242169711,28.4921852140001,0 77.2429332790001,28.4935431690001,0 77.2435980320001,28.4955879620001,0 77.243723796,28.498611657,0 77.2441729540001,28.498422185,0 77.2451970340001,28.500174787,0 77.2460324670001,28.499772165,0</coordinates></LinearRing></outerBoundaryIs></Polygon>
  </Placemark>
  <Placemark>
	<Style><LineStyle><color>ff0000ff</color></LineStyle><PolyStyle><fill>0</fill></PolyStyle></Style>
	<ExtendedData><SchemaData schemaUrl="#Final_zoning_delhi">
		<SimpleData name="tessellate">-1</SimpleData>
		<SimpleData name="extrude">0</SimpleData>
		<SimpleData name="visibility">-1</SimpleData>
		<SimpleData name="Ward_Name">SANGAM VIHAR EAST</SimpleData>
		<SimpleData name="Ward_No">188</SimpleData>
		<SimpleData name="internal">0</SimpleData>
		<SimpleData name="Zone_no">285</SimpleData>
		<SimpleData name="ycoord">3154835.487</SimpleData>
	</SchemaData></ExtendedData>
      <Polygon><outerBoundaryIs><LinearRing><coordinates>77.261393658,28.511258132,0 77.264645559,28.509221536,0 77.2697390070001,28.507792738,0 77.270933766,28.507690117,0 77.2751199160001,28.5060955220001,0 77.274491095,28.5053297920001,0 77.2740958360001,28.5038851530001,0 77.2725956500001,28.5003089940001,0 77.272047677,28.499835321,0 77.270628339,28.499985318,0 77.2701073160001,28.498351133,0 77.2703768110001,28.4976721890001,0 77.2679333930001,28.4927852430001,0 77.263855042,28.485624155,0 77.262130277,28.4852925380001,0 77.26111518,28.4874401330001,0 77.260980433,28.488142829,0 77.260342629,28.4892323930001,0 77.25965991,28.48987981,0 77.259183803,28.490969357,0 77.259327533,28.492943144,0 77.2596149940001,28.4940958190001,0 77.2600731350001,28.49487742,0 77.260513309,28.4965037640001,0 77.2573063240001,28.496369552,0 77.2555276590001,28.4972537680001,0 77.2547281590001,28.496748503,0 77.2544676470001,28.4969695570001,0 77.2540184900001,28.496551133,0 77.2511528640001,28.497995872,0 77.2505689590001,28.4968353450001,0 77.249580812,28.497411663,0 77.249338267,28.497127452,0 77.2485387660001,28.4975932420001,0 77.2478740130001,28.4964485,0 77.2464367090001,28.496890609,0 77.2464816240001,28.4970721890001,0 77.2463109440001,28.497103768,0 77.246463658,28.4986984980001,0 77.246769085,28.499314279,0 77.245987551,28.499661641,0 77.2476314680001,28.5028667890001,0 77.2482333390001,28.5028746830001,0 77.2483411370001,28.5030325700001,0 77.2493472500001,28.5054087340001,0 77.2496257280001,28.507626965,0 77.249338267,28.5119212010001,0 77.257261408,28.511297601,0 77.2595071960001,28.5120475,0 77.260809753,28.5116291360001,0 77.261393658,28.511258132,0</coordinates></LinearRing></outerBoundaryIs></Polygon>
  </Placemark>
  <Placemark>
	<Style><LineStyle><color>ff0000ff</color></LineStyle><PolyStyle><fill>0</fill></PolyStyle></Style>
	<ExtendedData><SchemaData schemaUrl="#Final_zoning_delhi">
		<SimpleData name="tessellate">-1</SimpleData>
		<SimpleData name="extrude">0</SimpleData>
		<SimpleData name="visibility">-1</SimpleData>
		<SimpleData name="Ward_Name">CHIRAG DELHI</SimpleData>
		<SimpleData name="Ward_No">189</SimpleData>
		<SimpleData name="internal">1</SimpleData>
		<SimpleData name="Zone_no">14</SimpleData>
		<SimpleData name="ycoord">3158531.433</SimpleData>
	</SchemaData></ExtendedData>
      <Polygon><outerBoundaryIs><LinearRing><coordinates>77.245655174,28.526815479,0 77.2439483750001,28.5266576280001,0 77.243211757,28.5273127080001,0 77.2428614140001,28.5280309230001,0 77.2422056440001,28.528370298,0 77.241594789,28.528993798,0 77.241217497,28.5291279680001,0 77.2404449460001,28.5290332600001,0 77.238810012,28.529427878,0 77.23872018,28.529940879,0 77.2384596690001,28.5302802480001,0 77.2367259200001,28.53123521,0 77.2352706500001,28.5327426110001,0 77.2348484410001,28.53300305,0 77.2320277310001,28.533066187,0 77.2305634780001,28.5329162370001,0 77.2245806980001,28.531550898,0 77.223718315,28.5334213290001,0 77.2236015340001,28.5340132310001,0 77.223754248,28.5345104260001,0 77.2251196870001,28.536033564,0 77.2251915520001,28.536791179,0 77.2210503190001,28.5369174480001,0 77.221185066,28.5400030910001,0 77.22413154,28.5398847170001,0 77.2252813840001,28.5393717650001,0 77.226197665,28.5407764600001,0 77.2300334720001,28.539805802,0 77.23210858,28.539861043,0 77.233608766,28.539513813,0 77.2395376470001,28.5419522870001,0 77.2398520580001,28.5411552510001,0 77.240669525,28.541423561,0 77.2410019010001,28.5399715250001,0 77.2427087,28.5392376070001,0 77.2442807520001,28.5379749420001,0 77.245349747,28.5364281560001,0 77.2455294100001,28.535473241,0 77.2454755110001,28.5345893460001,0 77.246230096,28.5338948510001,0 77.2468499340001,28.534273667,0 77.2477751980001,28.5326873660001,0 77.2480087600001,28.5314798680001,0 77.247272142,28.5314246230001,0 77.2468768830001,28.529380524,0 77.245655174,28.526815479,0</coordinates></LinearRing></outerBoundaryIs></Polygon>
  </Placemark>
  <Placemark>
	<Style><LineStyle><color>ff0000ff</color></LineStyle><PolyStyle><fill>0</fill></PolyStyle></Style>
	<ExtendedData><SchemaData schemaUrl="#Final_zoning_delhi">
		<SimpleData name="tessellate">-1</SimpleData>
		<SimpleData name="extrude">0</SimpleData>
		<SimpleData name="visibility">-1</SimpleData>
		<SimpleData name="Ward_Name">CHITRANJAN PARK</SimpleData>
		<SimpleData name="Ward_No">190</SimpleData>
		<SimpleData name="internal">1</SimpleData>
		<SimpleData name="Zone_no">15</SimpleData>
		<SimpleData name="ycoord">3158334.051</SimpleData>
	</SchemaData></ExtendedData>
      <Polygon><outerBoundaryIs><LinearRing><coordinates>77.2512157460001,28.5401530300001,0 77.256174446,28.537880241,0 77.256920048,28.5373514950001,0 77.2575219190001,28.5367359370001,0 77.2584831170001,28.5351023220001,0 77.2569020820001,28.535086538,0 77.2574770030001,28.534005339,0 77.2578453130001,28.5338632830001,0 77.257459037,28.533160891,0 77.259390415,28.5324821720001,0 77.255976817,28.5236189510001,0 77.255060535,28.5238557340001,0 77.254485614,28.524416119,0 77.253066275,28.5233663820001,0 77.2533178040001,28.5231217050001,0 77.2529045790001,28.522640242,0 77.2526979660001,28.522482385,0 77.2525811850001,28.5226086710001,0 77.251745752,28.5219930260001,0 77.2494550480001,28.5233505960001,0 77.248960975,28.5239899110001,0 77.247577569,28.5252843150001,0 77.2464546750001,28.52568684,0 77.2460773830001,28.5261682890001,0 77.2460504330001,28.526578703,0 77.245655174,28.5268075870001,0 77.2468768830001,28.529380524,0 77.247272142,28.5314246230001,0 77.2480087600001,28.5314798680001,0 77.2476314680001,28.53304251,0 77.2468499340001,28.534273667,0 77.246230096,28.5338948510001,0 77.2454755110001,28.5345893460001,0 77.2455294100001,28.535473241,0 77.245349747,28.5364281560001,0 77.2442807520001,28.5379749420001,0 77.2427087,28.5392376070001,0 77.2410019010001,28.5399715250001,0 77.240669525,28.541423561,0 77.2398520580001,28.5411552510001,0 77.2395376470001,28.5419522870001,0 77.245825854,28.544327573,0 77.2466433210001,28.542851903,0 77.247577569,28.541889155,0 77.24886216,28.5411631430001,0 77.2512157460001,28.5401530300001,0</coordinates></LinearRing></outerBoundaryIs></Polygon>
  </Placemark>
  <Placemark>
	<Style><LineStyle><color>ff0000ff</color></LineStyle><PolyStyle><fill>0</fill></PolyStyle></Style>
	<ExtendedData><SchemaData schemaUrl="#Final_zoning_delhi">
		<SimpleData name="tessellate">-1</SimpleData>
		<SimpleData name="extrude">0</SimpleData>
		<SimpleData name="visibility">-1</SimpleData>
		<SimpleData name="Ward_Name">SHAPUR JAT</SimpleData>
		<SimpleData name="Ward_No">191</SimpleData>
		<SimpleData name="internal">1</SimpleData>
		<SimpleData name="Zone_no">11</SimpleData>
		<SimpleData name="ycoord">3159573.337</SimpleData>
	</SchemaData></ExtendedData>
      <Polygon><outerBoundaryIs><LinearRing><coordinates>77.2282997230001,28.5540412290001,0 77.2281470090001,28.5532995200001,0 77.2284793860001,28.5491332230001,0 77.228964476,28.547689184,0 77.229647196,28.5482178780001,0 77.230078387,28.5488175880001,0 77.2308778880001,28.548012713,0 77.2336806320001,28.546600223,0 77.2349382730001,28.546237234,0 77.235594043,28.546268798,0 77.237354741,28.546797499,0 77.2379116970001,28.547373544,0 77.239286119,28.5467422620001,0 77.240166468,28.5469079740001,0 77.2409390190001,28.5444932890001,0 77.24219666,28.5449115230001,0 77.241900216,28.5454244490001,0 77.242951245,28.545842679,0 77.243041077,28.545613836,0 77.243858544,28.545913699,0 77.244936522,28.543980359,0 77.238845944,28.5416997610001,0 77.2336446990001,28.539521705,0 77.23210858,28.539861043,0 77.2300334720001,28.539805802,0 77.226197665,28.5407764600001,0 77.2252813840001,28.5393717650001,0 77.22413154,28.5398847170001,0 77.221185066,28.5400030910001,0 77.2210503190001,28.5369174480001,0 77.2251915520001,28.536791179,0 77.2251196870001,28.536033564,0 77.223754248,28.5345104260001,0 77.2236015340001,28.5340132310001,0 77.223718315,28.5334213290001,0 77.2245806980001,28.531550898,0 77.218139777,28.5300750480001,0 77.218067912,28.5310379040001,0 77.2184631710001,28.5310615810001,0 77.2184272380001,28.531385162,0 77.217798417,28.531369377,0 77.2177535020001,28.5318113390001,0 77.217933165,28.531842908,0 77.2177085860001,28.5328767770001,0 77.2179062150001,28.532892561,0 77.2178882490001,28.5331056470001,0 77.2190021600001,28.5328294240001,0 77.217394175,28.5380380760001,0 77.216271281,28.5389614,0 77.2154088990001,28.5382748260001,0 77.2149148250001,28.5380854260001,0 77.2133697230001,28.5389535090001,0 77.213127178,28.5392376070001,0 77.212615138,28.540665979,0 77.210243586,28.5414945840001,0 77.209462052,28.5428834690001,0 77.2088332310001,28.543498991,0 77.2090398430001,28.545771659,0 77.21133953,28.5523842110001,0 77.2119503850001,28.5533784250001,0 77.212687003,28.5541595870001,0 77.214411769,28.5532521760001,0 77.2157412750001,28.55374928,0 77.2196848790001,28.5547671530001,0 77.2205292960001,28.555193236,0 77.221580325,28.5553431540001,0 77.2223259260001,28.5552879210001,0 77.2282997230001,28.5540412290001,0</coordinates></LinearRing></outerBoundaryIs></Polygon>
  </Placemark>
  <Placemark>
	<Style><LineStyle><color>ff0000ff</color></LineStyle><PolyStyle><fill>0</fill></PolyStyle></Style>
	<ExtendedData><SchemaData schemaUrl="#Final_zoning_delhi">
		<SimpleData name="tessellate">-1</SimpleData>
		<SimpleData name="extrude">0</SimpleData>
		<SimpleData name="visibility">-1</SimpleData>
		<SimpleData name="Ward_Name">GREATER KAILASH-I</SimpleData>
		<SimpleData name="Ward_No">192</SimpleData>
		<SimpleData name="internal">1</SimpleData>
		<SimpleData name="Zone_no">9</SimpleData>
		<SimpleData name="ycoord">3160486.406</SimpleData>
	</SchemaData></ExtendedData>
      <Polygon><outerBoundaryIs><LinearRing><coordinates>77.248763345,28.5592251620001,0 77.2486375810001,28.558791205,0 77.2488172440001,28.5579232850001,0 77.248700463,28.5570316870001,0 77.2488172440001,28.55656616,0 77.249473014,28.556013836,0 77.2518355830001,28.556021727,0 77.252796781,28.5563373410001,0 77.254889855,28.55740253,0 77.256354109,28.5592961730001,0 77.259022106,28.557718139,0 77.2597407580001,28.5586412920001,0 77.260917551,28.557970626,0 77.2595431290001,28.5557771260001,0 77.2590670220001,28.5553273730001,0 77.2560486820001,28.553757171,0 77.2573153070001,28.5531890520001,0 77.2584831170001,28.5513663150001,0 77.258105824,28.551405769,0 77.2573512390001,28.5518160840001,0 77.255563592,28.5520449140001,0 77.2521050780001,28.550790292,0 77.2524913540001,28.550135359,0 77.2537849280001,28.550600914,0 77.254216119,28.549709255,0 77.2548629060001,28.54995387,0 77.255123417,28.549401512,0 77.254512563,28.5491647860001,0 77.2551413840001,28.54790224,0 77.244936522,28.543980359,0 77.243858544,28.545913699,0 77.243041077,28.545613836,0 77.242951245,28.545842679,0 77.241900216,28.5454244490001,0 77.24219666,28.5449115230001,0 77.2409390190001,28.5444932890001,0 77.240166468,28.5469079740001,0 77.239286119,28.5467422620001,0 77.2379116970001,28.547373544,0 77.237354741,28.546797499,0 77.235594043,28.546268798,0 77.2349382730001,28.546237234,0 77.2336806320001,28.546600223,0 77.2308778880001,28.548012713,0 77.230078387,28.5488175880001,0 77.229647196,28.5482178780001,0 77.228964476,28.547689184,0 77.2284793860001,28.5491332230001,0 77.2281739590001,28.5536309230001,0 77.2307790730001,28.559667007,0 77.231327046,28.560605922,0 77.2323690910001,28.5600299500001,0 77.2366360890001,28.55909103,0 77.2393310350001,28.558191552,0 77.2402922320001,28.5589253370001,0 77.2459606020001,28.5603455520001,0 77.2464816240001,28.5592961730001,0 77.247649434,28.559667007,0 77.2483770700001,28.5591936010001,0 77.248763345,28.5592251620001,0</coordinates></LinearRing></outerBoundaryIs></Polygon>
  </Placemark>
  <Placemark>
	<Style><LineStyle><color>ff0000ff</color></LineStyle><PolyStyle><fill>0</fill></PolyStyle></Style>
	<ExtendedData><SchemaData schemaUrl="#Final_zoning_delhi">
		<SimpleData name="tessellate">-1</SimpleData>
		<SimpleData name="extrude">0</SimpleData>
		<SimpleData name="visibility">-1</SimpleData>
		<SimpleData name="Ward_Name">SRI NIWASPURI</SimpleData>
		<SimpleData name="Ward_No">193</SimpleData>
		<SimpleData name="internal">0</SimpleData>
		<SimpleData name="Zone_no">266</SimpleData>
		<SimpleData name="ycoord">3161321.486</SimpleData>
	</SchemaData></ExtendedData>
      <Polygon><outerBoundaryIs><LinearRing><coordinates>77.263289103,28.5756984290001,0 77.2654989590001,28.5731345130001,0 77.266603887,28.570996553,0 77.2694245970001,28.566988747,0 77.2719937780001,28.5626020760001,0 77.2702690130001,28.5616789580001,0 77.2703318950001,28.5609294120001,0 77.2803301440001,28.5610004220001,0 77.2803301440001,28.5593119530001,0 77.2811745610001,28.559319843,0 77.2815159200001,28.557962736,0 77.2799887840001,28.556992236,0 77.2785335140001,28.5579311750001,0 77.277976558,28.5574498710001,0 77.2801235320001,28.555840249,0 77.2789916550001,28.554972305,0 77.2802672620001,28.5517608500001,0 77.2801953970001,28.55142155,0 77.2810757460001,28.54938573,0 77.2836808600001,28.5504509900001,0 77.2847947710001,28.54840726,0 77.2834113660001,28.544390703,0 77.2830071240001,28.5442092050001,0 77.279827088,28.5488570420001,0 77.2769165460001,28.5476260560001,0 77.276377557,28.5472393970001,0 77.274652792,28.5491568950001,0 77.2720027620001,28.547389326,0 77.2694515460001,28.546110976,0 77.268661029,28.5460557390001,0 77.268364585,28.545913699,0 77.2660020160001,28.549914416,0 77.2658403190001,28.5517371780001,0 77.2660379480001,28.5517371780001,0 77.2659391330001,28.5536467040001,0 77.265454043,28.5545620010001,0 77.265723538,28.554972305,0 77.2651037,28.5559664940001,0 77.261079248,28.5604323420001,0 77.260405511,28.560976752,0 77.2579531110001,28.5619866650001,0 77.2551054510001,28.5619472160001,0 77.2550785020001,28.562854551,0 77.2546652770001,28.5631622550001,0 77.2521320280001,28.566073557,0 77.252931528,28.5668940730001,0 77.2541891700001,28.569387137,0 77.2548359570001,28.5701760690001,0 77.2562193620001,28.5709728850001,0 77.259767707,28.573481631,0 77.263289103,28.5756984290001,0</coordinates></LinearRing></outerBoundaryIs></Polygon>
  </Placemark>
  <Placemark>
	<Style><LineStyle><color>ff0000ff</color></LineStyle><PolyStyle><fill>0</fill></PolyStyle></Style>
	<ExtendedData><SchemaData schemaUrl="#Final_zoning_delhi">
		<SimpleData name="tessellate">-1</SimpleData>
		<SimpleData name="extrude">0</SimpleData>
		<SimpleData name="visibility">-1</SimpleData>
		<SimpleData name="Ward_Name">EAST OF KAILASH</SimpleData>
		<SimpleData name="Ward_No">194</SimpleData>
		<SimpleData name="internal">1</SimpleData>
		<SimpleData name="Zone_no">10</SimpleData>
		<SimpleData name="ycoord">3160224.790</SimpleData>
	</SchemaData></ExtendedData>
      <Polygon><outerBoundaryIs><LinearRing><coordinates>77.2551054510001,28.5619472160001,0 77.2579531110001,28.5619866650001,0 77.260405511,28.560976752,0 77.261079248,28.5604323420001,0 77.2651037,28.5559664940001,0 77.265723538,28.554972305,0 77.265454043,28.5545620010001,0 77.2659391330001,28.5536467040001,0 77.2660379480001,28.5517371780001,0 77.2658403190001,28.5517371780001,0 77.2660020160001,28.549914416,0 77.268364585,28.545913699,0 77.2680322080001,28.545684856,0 77.2680322080001,28.5450377820001,0 77.2687418770001,28.545282408,0 77.270053417,28.5450377820001,0 77.2696940910001,28.543506882,0 77.2709876650001,28.5428203380001,0 77.271167328,28.541076337,0 77.270825969,28.5408395920001,0 77.2686520460001,28.5401372470001,0 77.267304573,28.5402240540001,0 77.2664871060001,28.540626522,0 77.265552858,28.5412972980001,0 77.2642143680001,28.5446826780001,0 77.2624267210001,28.5451166940001,0 77.2617440010001,28.5451245850001,0 77.2606570400001,28.544785264,0 77.261151113,28.5434832080001,0 77.260504326,28.5422916160001,0 77.256282244,28.5442013140001,0 77.2560217330001,28.5438462070001,0 77.2560846150001,28.543546339,0 77.2550156200001,28.5415577150001,0 77.253066275,28.5424257700001,0 77.252787798,28.542362639,0 77.2523027070001,28.5415182580001,0 77.2519613480001,28.5414551270001,0 77.2512157460001,28.5401530300001,0 77.248017744,28.5415971730001,0 77.2472362090001,28.5421732460001,0 77.2466433210001,28.542851903,0 77.245825854,28.544327573,0 77.2551413840001,28.54790224,0 77.254512563,28.5491647860001,0 77.255123417,28.549401512,0 77.2548629060001,28.54995387,0 77.254216119,28.549709255,0 77.2537849280001,28.550600914,0 77.2524913540001,28.550135359,0 77.2521050780001,28.550790292,0 77.255563592,28.5520449140001,0 77.2573512390001,28.5518160840001,0 77.258105824,28.551405769,0 77.2584831170001,28.5513663150001,0 77.2573153070001,28.5531890520001,0 77.2560486820001,28.553757171,0 77.2588604090001,28.555185346,0 77.2595431290001,28.5557771260001,0 77.260917551,28.557970626,0 77.2600641510001,28.558467708,0 77.2597407580001,28.5586412920001,0 77.259022106,28.557718139,0 77.256354109,28.5592961730001,0 77.254889855,28.55740253,0 77.252284741,28.5561085210001,0 77.2493562330001,28.556029617,0 77.2488172440001,28.55656616,0 77.24869148,28.5571500410001,0 77.2488172440001,28.5579232850001,0 77.2486375810001,28.558791205,0 77.248763345,28.5592251620001,0 77.2492214860001,28.559903709,0 77.251772701,28.5610872120001,0 77.2516828700001,28.561828867,0 77.2517816850001,28.562152353,0 77.2536501800001,28.5619235460001,0 77.2551054510001,28.5619472160001,0</coordinates></LinearRing></outerBoundaryIs></Polygon>
  </Placemark>
  <Placemark>
	<Style><LineStyle><color>ff0000ff</color></LineStyle><PolyStyle><fill>0</fill></PolyStyle></Style>
	<ExtendedData><SchemaData schemaUrl="#Final_zoning_delhi">
		<SimpleData name="tessellate">-1</SimpleData>
		<SimpleData name="extrude">0</SimpleData>
		<SimpleData name="visibility">-1</SimpleData>
		<SimpleData name="Ward_Name">GOVIND PURI</SimpleData>
		<SimpleData name="Ward_No">195</SimpleData>
		<SimpleData name="internal">1</SimpleData>
		<SimpleData name="Zone_no">17</SimpleData>
		<SimpleData name="ycoord">3158130.985</SimpleData>
	</SchemaData></ExtendedData>
      <Polygon><outerBoundaryIs><LinearRing><coordinates>77.2676369490001,28.5309826590001,0 77.2678345790001,28.530690646,0 77.267412371,28.530588046,0 77.2676279660001,28.529940879,0 77.2670889770001,28.5298540640001,0 77.2668643980001,28.53046177,0 77.2662804930001,28.5303512780001,0 77.26575947,28.5321349180001,0 77.264573694,28.5318350160001,0 77.262678249,28.5323164370001,0 77.2617979,28.530209217,0 77.263351985,28.5263813880001,0 77.2613397590001,28.5271864280001,0 77.2608726350001,28.527233783,0 77.2596509260001,28.527217998,0 77.2598575390001,28.526215644,0 77.2597497410001,28.525749981,0 77.257054795,28.526436636,0 77.259390415,28.5324821720001,0 77.2574770030001,28.5331451070001,0 77.2578453130001,28.5338632830001,0 77.2574770030001,28.534005339,0 77.2569020820001,28.535086538,0 77.2584831170001,28.5351023220001,0 77.260171949,28.53460513,0 77.2605851740001,28.5356784300001,0 77.2634687660001,28.5346919410001,0 77.262911811,28.533729119,0 77.2642413180001,28.5331451070001,0 77.264663526,28.5336817670001,0 77.264807256,28.534218423,0 77.265346245,28.5340447990001,0 77.2665769370001,28.5334844660001,0 77.266729651,28.533381869,0 77.266702701,28.5331687830001,0 77.266936263,28.533239812,0 77.2672327070001,28.532616337,0 77.2676369490001,28.5309826590001,0</coordinates></LinearRing></outerBoundaryIs></Polygon>
  </Placemark>
  <Placemark>
	<Style><LineStyle><color>ff0000ff</color></LineStyle><PolyStyle><fill>0</fill></PolyStyle></Style>
	<ExtendedData><SchemaData schemaUrl="#Final_zoning_delhi">
		<SimpleData name="tessellate">-1</SimpleData>
		<SimpleData name="extrude">0</SimpleData>
		<SimpleData name="visibility">-1</SimpleData>
		<SimpleData name="Ward_Name">KALKAJI</SimpleData>
		<SimpleData name="Ward_No">196</SimpleData>
		<SimpleData name="internal">1</SimpleData>
		<SimpleData name="Zone_no">12</SimpleData>
		<SimpleData name="ycoord">3158990.859</SimpleData>
	</SchemaData></ExtendedData>
      <Polygon><outerBoundaryIs><LinearRing><coordinates>77.265552858,28.5412972980001,0 77.269550361,28.53174031,0 77.2688856080001,28.5312273170001,0 77.2676369490001,28.5309826590001,0 77.2672327070001,28.532616337,0 77.266936263,28.533239812,0 77.266702701,28.5331687830001,0 77.266729651,28.533381869,0 77.2665769370001,28.5334844660001,0 77.265346245,28.5340447990001,0 77.264807256,28.534218423,0 77.264663526,28.5336817670001,0 77.2642413180001,28.5331451070001,0 77.262911811,28.533729119,0 77.2634687660001,28.5346919410001,0 77.2608636520001,28.535599512,0 77.2605851740001,28.5356784300001,0 77.260171949,28.53460513,0 77.2584831170001,28.5351023220001,0 77.2575219190001,28.5367359370001,0 77.2566595370001,28.5375882480001,0 77.2512157460001,28.5401530300001,0 77.2519613480001,28.5414551270001,0 77.2523027070001,28.5415182580001,0 77.252787798,28.542362639,0 77.253066275,28.5424257700001,0 77.2550156200001,28.5415577150001,0 77.2560846150001,28.543546339,0 77.2560217330001,28.5438462070001,0 77.256282244,28.5442013140001,0 77.260504326,28.5422916160001,0 77.261151113,28.5434832080001,0 77.2606570400001,28.544785264,0 77.2617440010001,28.5451245850001,0 77.262642316,28.545085129,0 77.2642143680001,28.5446826780001,0 77.265552858,28.5412972980001,0</coordinates></LinearRing></outerBoundaryIs></Polygon>
  </Placemark>
  <Placemark>
	<Style><LineStyle><color>ff0000ff</color></LineStyle><PolyStyle><fill>0</fill></PolyStyle></Style>
	<ExtendedData><SchemaData schemaUrl="#Final_zoning_delhi">
		<SimpleData name="tessellate">-1</SimpleData>
		<SimpleData name="extrude">0</SimpleData>
		<SimpleData name="visibility">-1</SimpleData>
		<SimpleData name="Ward_Name">TUGHLAKABAD</SimpleData>
		<SimpleData name="Ward_No">197</SimpleData>
		<SimpleData name="internal">0</SimpleData>
		<SimpleData name="Zone_no">281</SimpleData>
		<SimpleData name="ycoord">3156282.530</SimpleData>
	</SchemaData></ExtendedData>
      <Polygon><outerBoundaryIs><LinearRing><coordinates>77.2678345790001,28.530690646,0 77.2697030740001,28.5282203420001,0 77.2714188570001,28.528993798,0 77.2798630200001,28.51704406,0 77.2810308300001,28.51511019,0 77.2827376290001,28.515560114,0 77.283177804,28.5158284890001,0 77.28484867,28.5182596170001,0 77.2848217210001,28.5188752830001,0 77.2863937720001,28.519451481,0 77.2868788630001,28.51841748,0 77.2879029420001,28.518662168,0 77.287956841,28.518977894,0 77.2884688810001,28.518930535,0 77.2887293920001,28.5187253140001,0 77.2890258360001,28.518796352,0 77.2900768650001,28.514976002,0 77.2916579,28.511984351,0 77.291612984,28.5114633680001,0 77.2925831650001,28.507192795,0 77.295673369,28.508132178,0 77.2965627010001,28.508092708,0 77.2975957640001,28.5047929890001,0 77.297775427,28.5038930470001,0 77.2975059330001,28.503672008,0 77.2983952650001,28.5009721320001,0 77.298745608,28.5008773980001,0 77.2990869670001,28.4993221730001,0 77.297910174,28.4989906,0 77.297227455,28.500190576,0 77.295870999,28.5010194980001,0 77.2920980750001,28.501319488,0 77.285118165,28.5023378670001,0 77.2825310170001,28.502511543,0 77.2760002650001,28.5058034400001,0 77.270933766,28.507690117,0 77.2696222260001,28.50781642,0 77.264367082,28.509339944,0 77.260809753,28.5116291360001,0 77.2596688930001,28.512039606,0 77.2591748190001,28.5120159250001,0 77.254584428,28.514707625,0 77.2546742600001,28.5150233630001,0 77.2549437540001,28.5152206980001,0 77.2556444400001,28.516404703,0 77.256246312,28.517075633,0 77.2574141210001,28.517943889,0 77.258537016,28.519214688,0 77.260100084,28.520643331,0 77.261187046,28.521385271,0 77.262471636,28.5220324900001,0 77.2625255350001,28.522371885,0 77.262839946,28.5225297420001,0 77.2631363900001,28.5224902780001,0 77.2635765640001,28.5227191700001,0 77.263549615,28.5228533490001,0 77.2638191090001,28.5228533490001,0 77.2645467450001,28.5233032400001,0 77.2637023280001,28.525197496,0 77.263082491,28.5251264620001,0 77.2597497410001,28.525749981,0 77.2598575390001,28.526215644,0 77.2596509260001,28.527217998,0 77.2612589110001,28.5272101050001,0 77.263351985,28.5263813880001,0 77.2617979,28.530209217,0 77.262678249,28.5323164370001,0 77.264573694,28.5318350160001,0 77.26575947,28.5321349180001,0 77.2662804930001,28.5303512780001,0 77.2668643980001,28.53046177,0 77.2670889770001,28.5298540640001,0 77.2676279660001,28.529940879,0 77.267412371,28.530588046,0 77.2678345790001,28.530690646,0</coordinates></LinearRing></outerBoundaryIs></Polygon>
  </Placemark>
  <Placemark>
	<Style><LineStyle><color>ff0000ff</color></LineStyle><PolyStyle><fill>0</fill></PolyStyle></Style>
	<ExtendedData><SchemaData schemaUrl="#Final_zoning_delhi">
		<SimpleData name="tessellate">-1</SimpleData>
		<SimpleData name="extrude">0</SimpleData>
		<SimpleData name="visibility">-1</SimpleData>
		<SimpleData name="Ward_Name">PUL PEHLAD</SimpleData>
		<SimpleData name="Ward_No">198</SimpleData>
		<SimpleData name="internal">0</SimpleData>
		<SimpleData name="Zone_no">287</SimpleData>
		<SimpleData name="ycoord">3154364.683</SimpleData>
	</SchemaData></ExtendedData>
      <Polygon><outerBoundaryIs><LinearRing><coordinates>77.280581673,28.503466756,0 77.2825310170001,28.502511543,0 77.2850013840001,28.502353656,0 77.2920980750001,28.501319488,0 77.296014729,28.5009721320001,0 77.297227455,28.500190576,0 77.297910174,28.4989906,0 77.2984222140001,28.4991484920001,0 77.2994732430001,28.4956669110001,0 77.2997517210001,28.4941510840001,0 77.2987995070001,28.4941037140001,0 77.298745608,28.4942931940001,0 77.2983054330001,28.494348459,0 77.2978922080001,28.4946642570001,0 77.297667629,28.4944116180001,0 77.2956194700001,28.4943958280001,0 77.2952781110001,28.495011634,0 77.2944067450001,28.4952642710001,0 77.294011486,28.494522148,0 77.293840806,28.4945458330001,0 77.2940294520001,28.4955879620001,0 77.2937330080001,28.495643226,0 77.2937869070001,28.49600639,0 77.2898433030001,28.4964485,0 77.2877771780001,28.4959748100001,0 77.2873729360001,28.496030074,0 77.285791901,28.4958169130001,0 77.2853696930001,28.4955563820001,0 77.2851720640001,28.49489321,0 77.2849025690001,28.4946721520001,0 77.2843456140001,28.4946958370001,0 77.2829532250001,28.494308984,0 77.282746612,28.494435303,0 77.282099825,28.4942852990001,0 77.2811655780001,28.4937089640001,0 77.280042683,28.493961604,0 77.278919789,28.4936694890001,0 77.2778867270001,28.4936221190001,0 77.277401636,28.4932984220001,0 77.277087226,28.4932905270001,0 77.275982298,28.4927852430001,0 77.2758834840001,28.492856299,0 77.2739610890001,28.491735191,0 77.273601763,28.491348327,0 77.2727034480001,28.491008833,0 77.2719758120001,28.486911134,0 77.2665140550001,28.4858294410001,0 77.263855042,28.485624155,0 77.2679333930001,28.4927852430001,0 77.2703768110001,28.4976721890001,0 77.2701073160001,28.498351133,0 77.270628339,28.499985318,0 77.272047677,28.499835321,0 77.2725956500001,28.5003089940001,0 77.2740958360001,28.5038851530001,0 77.274491095,28.5053297920001,0 77.2751199160001,28.5060955220001,0 77.2760002650001,28.5058034400001,0 77.280581673,28.503466756,0</coordinates></LinearRing></outerBoundaryIs></Polygon>
  </Placemark>
  <Placemark>
	<Style><LineStyle><color>ff0000ff</color></LineStyle><PolyStyle><fill>0</fill></PolyStyle></Style>
	<ExtendedData><SchemaData schemaUrl="#Final_zoning_delhi">
		<SimpleData name="tessellate">-1</SimpleData>
		<SimpleData name="extrude">0</SimpleData>
		<SimpleData name="visibility">-1</SimpleData>
		<SimpleData name="Ward_Name">TEKHAND</SimpleData>
		<SimpleData name="Ward_No">199</SimpleData>
		<SimpleData name="internal">0</SimpleData>
		<SimpleData name="Zone_no">279</SimpleData>
		<SimpleData name="ycoord">3156837.236</SimpleData>
	</SchemaData></ExtendedData>
      <Polygon><outerBoundaryIs><LinearRing><coordinates>77.2836089950001,28.534826104,0 77.2863937720001,28.529498909,0 77.28866651,28.5254974160001,0 77.288971937,28.5255526650001,0 77.2898073710001,28.5252685300001,0 77.291136877,28.5257026250001,0 77.2918734960001,28.524692364,0 77.292259771,28.5248186470001,0 77.295601504,28.5181333260001,0 77.3005691880001,28.506079734,0 77.3006590190001,28.5054482040001,0 77.3001200300001,28.5035378050001,0 77.3001918950001,28.5018563090001,0 77.300416474,28.501406327,0 77.30128784,28.500640563,0 77.3016741150001,28.5000326850001,0 77.303318032,28.494174769,0 77.304342112,28.489335033,0 77.3029946390001,28.4895876840001,0 77.300407491,28.48961137,0 77.300506306,28.494127399,0 77.2997517210001,28.4941510840001,0 77.2994732430001,28.4956669110001,0 77.2984222140001,28.4991484920001,0 77.2990869670001,28.4993221730001,0 77.298745608,28.5008773980001,0 77.2983952650001,28.5009721320001,0 77.2975059330001,28.503672008,0 77.297775427,28.5038930470001,0 77.2975957640001,28.5047929890001,0 77.2965627010001,28.508092708,0 77.295673369,28.508132178,0 77.2925831650001,28.507192795,0 77.291612984,28.5114633680001,0 77.2916579,28.511984351,0 77.2900768650001,28.514976002,0 77.2890258360001,28.518796352,0 77.2887293920001,28.5187253140001,0 77.2884688810001,28.518930535,0 77.287956841,28.518977894,0 77.2879029420001,28.518662168,0 77.2868788630001,28.51841748,0 77.2863937720001,28.519451481,0 77.2848217210001,28.5188752830001,0 77.28484867,28.5182596170001,0 77.283177804,28.5158284890001,0 77.2827376290001,28.515560114,0 77.2810308300001,28.51511019,0 77.2798630200001,28.51704406,0 77.2714188570001,28.528993798,0 77.2697030740001,28.5282203420001,0 77.2676369490001,28.5309826590001,0 77.2688856080001,28.5312273170001,0 77.269550361,28.53174031,0 77.269110186,28.5326873660001,0 77.27222734,28.534218423,0 77.2739880380001,28.531582466,0 77.275982298,28.532616337,0 77.276656035,28.5316929570001,0 77.2811745610001,28.5339816630001,0 77.2836089950001,28.534826104,0</coordinates></LinearRing></outerBoundaryIs></Polygon>
  </Placemark>
  <Placemark>
	<Style><LineStyle><color>ff0000ff</color></LineStyle><PolyStyle><fill>0</fill></PolyStyle></Style>
	<ExtendedData><SchemaData schemaUrl="#Final_zoning_delhi">
		<SimpleData name="tessellate">-1</SimpleData>
		<SimpleData name="extrude">0</SimpleData>
		<SimpleData name="visibility">-1</SimpleData>
		<SimpleData name="Ward_Name">HARKESH NAGAR</SimpleData>
		<SimpleData name="Ward_No">200</SimpleData>
		<SimpleData name="internal">0</SimpleData>
		<SimpleData name="Zone_no">272</SimpleData>
		<SimpleData name="ycoord">3159156.314</SimpleData>
	</SchemaData></ExtendedData>
      <Polygon><outerBoundaryIs><LinearRing><coordinates>77.2830071240001,28.5442092050001,0 77.283564079,28.5437830770001,0 77.284165951,28.544059271,0 77.284606125,28.5432306870001,0 77.2852349460001,28.541391995,0 77.284839687,28.5407291110001,0 77.2828993260001,28.5398373680001,0 77.2824142360001,28.5394506810001,0 77.281084729,28.5393323070001,0 77.2836089950001,28.534826104,0 77.2811745610001,28.5339816630001,0 77.276656035,28.5316929570001,0 77.275982298,28.532616337,0 77.2739880380001,28.531582466,0 77.27222734,28.534218423,0 77.269110186,28.5326873660001,0 77.265552858,28.5412972980001,0 77.2664871060001,28.540626522,0 77.267304573,28.5402240540001,0 77.2679064440001,28.5401293560001,0 77.269235951,28.5402714030001,0 77.271167328,28.541076337,0 77.2709876650001,28.5428203380001,0 77.2696940910001,28.543506882,0 77.270053417,28.5450377820001,0 77.2687418770001,28.545282408,0 77.2680322080001,28.5450377820001,0 77.2680501740001,28.5457164210001,0 77.2686250960001,28.5460478480001,0 77.2694515460001,28.546110976,0 77.2720027620001,28.547389326,0 77.274652792,28.5491568950001,0 77.276377557,28.5472393970001,0 77.2769165460001,28.5476260560001,0 77.279827088,28.5488570420001,0 77.2830071240001,28.5442092050001,0</coordinates></LinearRing></outerBoundaryIs></Polygon>
  </Placemark>
  <Placemark>
	<Style><LineStyle><color>ff0000ff</color></LineStyle><PolyStyle><fill>0</fill></PolyStyle></Style>
	<ExtendedData><SchemaData schemaUrl="#Final_zoning_delhi">
		<SimpleData name="tessellate">-1</SimpleData>
		<SimpleData name="extrude">0</SimpleData>
		<SimpleData name="visibility">-1</SimpleData>
		<SimpleData name="Ward_Name">JAITPUR</SimpleData>
		<SimpleData name="Ward_No">201</SimpleData>
		<SimpleData name="internal">0</SimpleData>
		<SimpleData name="Zone_no">282</SimpleData>
		<SimpleData name="ycoord">3155957.612</SimpleData>
	</SchemaData></ExtendedData>
      <Polygon><outerBoundaryIs><LinearRing><coordinates>77.343697304,28.5161994760001,0 77.3456376650001,28.5145023950001,0 77.3454490190001,28.5132394340001,0 77.3451256260001,28.5132236470001,0 77.344577653,28.5129315840001,0 77.3440566310001,28.512118543,0 77.3424037300001,28.5106108460001,0 77.3422689830001,28.510097751,0 77.3418647410001,28.5098846180001,0 77.3409394770001,28.508716328,0 77.339906414,28.507879572,0 77.33929556,28.5069401870001,0 77.337409097,28.5053376860001,0 77.3367533270001,28.504564057,0 77.336214338,28.5042403940001,0 77.3360256920001,28.503624642,0 77.33547772,28.502827317,0 77.3344087240001,28.502858894,0 77.33445364,28.504050932,0 77.3330792180001,28.5040667210001,0 77.3330882010001,28.5049350840001,0 77.3319383570001,28.504942978,0 77.3319383570001,28.50562977,0 77.3293422260001,28.5056376640001,0 77.3293332430001,28.50511665,0 77.3284528940001,28.5051403320001,0 77.327761191,28.505787652,0 77.3275366120001,28.50562977,0 77.325147094,28.5056613460001,0 77.3220838390001,28.5049982370001,0 77.3195775390001,28.504145663,0 77.316684964,28.5006168800001,0 77.3164603850001,28.5004747790001,0 77.314933249,28.50037215,0 77.31439426,28.50511665,0 77.3133791640001,28.50833742,0 77.3120047410001,28.5077848440001,0 77.3105045550001,28.50785589,0 77.3108099820001,28.511202876,0 77.3121394890001,28.5111634080001,0 77.3139720520001,28.511731753,0 77.314726637,28.511779115,0 77.314924266,28.5119606700001,0 77.316083093,28.512173798,0 77.317331751,28.512584266,0 77.3177539590001,28.5126000540001,0 77.318140235,28.512386926,0 77.318445662,28.512852649,0 77.3183019310001,28.5133104760001,0 77.3184366790001,28.51506283,0 77.318751089,28.5150865100001,0 77.3198829660001,28.515757449,0 77.321014844,28.516854621,0 77.321230439,28.5168151550001,0 77.3216436640001,28.516436276,0 77.3268988090001,28.5163968100001,0 77.333034302,28.516081076,0 77.337373165,28.516033716,0 77.337642659,28.51606529,0 77.3363670520001,28.518038608,0 77.340616083,28.518157006,0 77.343697304,28.5161994760001,0</coordinates></LinearRing></outerBoundaryIs></Polygon>
  </Placemark>
  <Placemark>
	<Style><LineStyle><color>ff0000ff</color></LineStyle><PolyStyle><fill>0</fill></PolyStyle></Style>
	<ExtendedData><SchemaData schemaUrl="#Final_zoning_delhi">
		<SimpleData name="tessellate">-1</SimpleData>
		<SimpleData name="extrude">0</SimpleData>
		<SimpleData name="visibility">-1</SimpleData>
		<SimpleData name="Ward_Name">MEETHEYPUR</SimpleData>
		<SimpleData name="Ward_No">202</SimpleData>
		<SimpleData name="internal">0</SimpleData>
		<SimpleData name="Zone_no">286</SimpleData>
		<SimpleData name="ycoord">3154499.820</SimpleData>
	</SchemaData></ExtendedData>
      <Polygon><outerBoundaryIs><LinearRing><coordinates>77.327895939,28.5056613460001,0 77.3284528940001,28.5051403320001,0 77.3293332430001,28.50511665,0 77.3293422260001,28.5056376640001,0 77.3319383570001,28.50562977,0 77.3319383570001,28.504942978,0 77.3330882010001,28.5049350840001,0 77.3330792180001,28.5040667210001,0 77.33445364,28.504050932,0 77.3344087240001,28.502858894,0 77.33547772,28.502827317,0 77.3352261910001,28.502416811,0 77.3353160230001,28.5021878740001,0 77.334121264,28.500814242,0 77.3343009270001,28.5006721410001,0 77.3341302470001,28.5003010990001,0 77.332962437,28.499124808,0 77.3311837730001,28.496740608,0 77.329378159,28.4949642650001,0 77.3292344280001,28.4942852990001,0 77.3284439110001,28.4926668160001,0 77.3277701740001,28.491845723,0 77.326916775,28.4912062130001,0 77.3268179600001,28.489808753,0 77.3254794700001,28.4897219040001,0 77.325218959,28.489287661,0 77.323089952,28.4886007630001,0 77.3221557040001,28.488134933,0 77.3201255110001,28.488000711,0 77.3193170280001,28.487819116,0 77.319299061,28.48747961,0 77.31872414,28.48747961,0 77.3176192120001,28.48663479,0 77.316316655,28.48642161,0 77.314933249,28.50037215,0 77.3166400480001,28.500585302,0 77.3192900780001,28.503924624,0 77.3198470340001,28.5042640770001,0 77.3219760410001,28.504966661,0 77.324572172,28.5055745110001,0 77.325551336,28.5056850280001,0 77.327545596,28.50562977,0 77.327761191,28.505787652,0 77.327895939,28.5056613460001,0</coordinates></LinearRing></outerBoundaryIs></Polygon>
  </Placemark>
  <Placemark>
	<Style><LineStyle><color>ff0000ff</color></LineStyle><PolyStyle><fill>0</fill></PolyStyle></Style>
	<ExtendedData><SchemaData schemaUrl="#Final_zoning_delhi">
		<SimpleData name="tessellate">-1</SimpleData>
		<SimpleData name="extrude">0</SimpleData>
		<SimpleData name="visibility">-1</SimpleData>
		<SimpleData name="Ward_Name">BADAR PUR</SimpleData>
		<SimpleData name="Ward_No">203</SimpleData>
		<SimpleData name="internal">0</SimpleData>
		<SimpleData name="Zone_no">284</SimpleData>
		<SimpleData name="ycoord">3155189.456</SimpleData>
	</SchemaData></ExtendedData>
      <Polygon><outerBoundaryIs><LinearRing><coordinates>77.308770806,28.4937879140001,0 77.3091570820001,28.4935273780001,0 77.311277106,28.493558959,0 77.3112860890001,28.4927378720001,0 77.3111333750001,28.4927378720001,0 77.311106426,28.48927187,0 77.3098757340001,28.489413986,0 77.3098308180001,28.4885928680001,0 77.3091480990001,28.487645415,0 77.308330632,28.48807177,0 77.307513165,28.4878506970001,0 77.3075311310001,28.488458646,0 77.306569934,28.488924474,0 77.3065879,28.489263975,0 77.304342112,28.489335033,0 77.303318032,28.494174769,0 77.3016741150001,28.5000326850001,0 77.30128784,28.500640563,0 77.300416474,28.501406327,0 77.3001918950001,28.5018563090001,0 77.3001200300001,28.5035378050001,0 77.3006590190001,28.5054482040001,0 77.3005691880001,28.506079734,0 77.297191522,28.514273485,0 77.3029587060001,28.5161205430001,0 77.3043600780001,28.5160889700001,0 77.3056806020001,28.5155206470001,0 77.308869621,28.513263114,0 77.3104506560001,28.511952776,0 77.3107920160001,28.5113133880001,0 77.310387774,28.50686914,0 77.3096421720001,28.5019984090001,0 77.3091660650001,28.500987921,0 77.308195884,28.5000326850001,0 77.3073604510001,28.496180076,0 77.3076658780001,28.4957379640001,0 77.3075401140001,28.4941589790001,0 77.308770806,28.4937879140001,0</coordinates></LinearRing></outerBoundaryIs></Polygon>
  </Placemark>
  <Placemark>
	<Style><LineStyle><color>ff0000ff</color></LineStyle><PolyStyle><fill>0</fill></PolyStyle></Style>
	<ExtendedData><SchemaData schemaUrl="#Final_zoning_delhi">
		<SimpleData name="tessellate">-1</SimpleData>
		<SimpleData name="extrude">0</SimpleData>
		<SimpleData name="visibility">-1</SimpleData>
		<SimpleData name="Ward_Name">MOLARBAND</SimpleData>
		<SimpleData name="Ward_No">204</SimpleData>
		<SimpleData name="internal">0</SimpleData>
		<SimpleData name="Zone_no">288</SimpleData>
		<SimpleData name="ycoord">3154298.449</SimpleData>
	</SchemaData></ExtendedData>
      <Polygon><outerBoundaryIs><LinearRing><coordinates>77.3133791640001,28.50833742,0 77.31439426,28.50511665,0 77.314591889,28.503648325,0 77.3164783510001,28.4845898230001,0 77.315508171,28.4843608480001,0 77.3138912030001,28.4835712730001,0 77.3106752350001,28.4865637300001,0 77.3097769190001,28.487313805,0 77.3091480990001,28.487645415,0 77.3098308180001,28.4885928680001,0 77.3098757340001,28.489413986,0 77.311106426,28.48927187,0 77.3111333750001,28.4927378720001,0 77.3112860890001,28.4927378720001,0 77.311277106,28.493558959,0 77.3091570820001,28.4935273780001,0 77.3089325030001,28.493606329,0 77.308905553,28.4937958090001,0 77.3075401140001,28.4941589790001,0 77.3076658780001,28.4957379640001,0 77.3073604510001,28.496180076,0 77.308195884,28.5000326850001,0 77.3091660650001,28.500987921,0 77.3096421720001,28.5019984090001,0 77.3105045550001,28.50785589,0 77.3120047410001,28.5077848440001,0 77.3133791640001,28.50833742,0</coordinates></LinearRing></outerBoundaryIs></Polygon>
  </Placemark>
  <Placemark>
	<Style><LineStyle><color>ff0000ff</color></LineStyle><PolyStyle><fill>0</fill></PolyStyle></Style>
	<ExtendedData><SchemaData schemaUrl="#Final_zoning_delhi">
		<SimpleData name="tessellate">-1</SimpleData>
		<SimpleData name="extrude">0</SimpleData>
		<SimpleData name="visibility">-1</SimpleData>
		<SimpleData name="Ward_Name">OKHLA</SimpleData>
		<SimpleData name="Ward_No">206</SimpleData>
		<SimpleData name="internal">0</SimpleData>
		<SimpleData name="Zone_no">268</SimpleData>
		<SimpleData name="ycoord">3161308.042</SimpleData>
	</SchemaData></ExtendedData>
      <Polygon><outerBoundaryIs><LinearRing><coordinates>77.2927897770001,28.5683772950001,0 77.2939845370001,28.5678329240001,0 77.294595391,28.5668940730001,0 77.2940384360001,28.5666100490001,0 77.293400632,28.565994661,0 77.2935623280001,28.5657421940001,0 77.29516133,28.564898,0 77.2953589590001,28.5646376400001,0 77.2959877800001,28.5597064570001,0 77.2964728700001,28.5580968690001,0 77.2974161010001,28.5562978890001,0 77.3007308840001,28.5512874080001,0 77.2985300120001,28.550285284,0 77.298107804,28.5512321730001,0 77.295844049,28.5503799730001,0 77.2964099880001,28.54937784,0 77.2964010050001,28.5491332230001,0 77.2960506620001,28.5491647860001,0 77.2949726830001,28.5487386790001,0 77.293409615,28.551397878,0 77.2932119850001,28.55141366,0 77.290903315,28.550324737,0 77.2902116120001,28.55141366,0 77.2879388750001,28.550324737,0 77.2876603970001,28.5504825530001,0 77.28686988,28.550056451,0 77.2866183510001,28.5506719310001,0 77.2855763060001,28.5501827030001,0 77.2855134230001,28.5498276170001,0 77.285252912,28.549559329,0 77.2856930870001,28.5487544600001,0 77.2847947710001,28.54840726,0 77.2836808600001,28.5504509900001,0 77.2810757460001,28.54938573,0 77.2801953970001,28.55142155,0 77.2802672620001,28.5517608500001,0 77.2789916550001,28.554972305,0 77.2801235320001,28.555840249,0 77.277976558,28.5574498710001,0 77.2785335140001,28.5579311750001,0 77.2799887840001,28.556992236,0 77.2815159200001,28.557962736,0 77.2811745610001,28.559319843,0 77.2803301440001,28.5593119530001,0 77.2803301440001,28.5610004220001,0 77.2703318950001,28.5609294120001,0 77.2702690130001,28.5616789580001,0 77.2719937780001,28.5626020760001,0 77.2694245970001,28.566988747,0 77.2675022020001,28.5697184900001,0 77.2724070030001,28.5722193760001,0 77.2744731290001,28.570641537,0 77.277266889,28.5671307580001,0 77.278003508,28.5663891410001,0 77.2781562210001,28.563398949,0 77.2787041940001,28.563525186,0 77.2787311430001,28.563880226,0 77.2818123650001,28.5639591230001,0 77.2825938990001,28.5646928680001,0 77.2827286460001,28.5645903020001,0 77.283078989,28.564858552,0 77.2840761190001,28.5636987610001,0 77.2845612090001,28.5639038950001,0 77.2844893440001,28.564140588,0 77.285450541,28.5644640670001,0 77.2858458,28.5639433440001,0 77.2861422440001,28.564022241,0 77.2861781770001,28.563817108,0 77.2866542840001,28.563454178,0 77.2884688810001,28.5648348830001,0 77.2887563420001,28.5657421940001,0 77.289753472,28.566625828,0 77.2919902770001,28.5677461390001,0 77.2927897770001,28.5683772950001,0</coordinates></LinearRing></outerBoundaryIs></Polygon>
  </Placemark>
  <Placemark>
	<Style><LineStyle><color>ff0000ff</color></LineStyle><PolyStyle><fill>0</fill></PolyStyle></Style>
	<ExtendedData><SchemaData schemaUrl="#Final_zoning_delhi">
		<SimpleData name="tessellate">-1</SimpleData>
		<SimpleData name="extrude">0</SimpleData>
		<SimpleData name="visibility">-1</SimpleData>
		<SimpleData name="Ward_Name">TURKMAN GATE</SimpleData>
		<SimpleData name="Ward_No">84</SimpleData>
		<SimpleData name="internal">0</SimpleData>
		<SimpleData name="Zone_no">181</SimpleData>
		<SimpleData name="ycoord">3170523.270</SimpleData>
	</SchemaData></ExtendedData>
      <Polygon><outerBoundaryIs><LinearRing><coordinates>77.239861041,28.6411715,0 77.2356209930001,28.6414789740001,0 77.233024861,28.6422752490001,0 77.232728417,28.6419756610001,0 77.232548754,28.6420387320001,0 77.2323960410001,28.642180642,0 77.2326116360001,28.6426379070001,0 77.2314977250001,28.6448217110001,0 77.231812136,28.6449320830001,0 77.232018748,28.6454129860001,0 77.2321894280001,28.645483939,0 77.2326385860001,28.6453420340001,0 77.2325667210001,28.64449848,0 77.2330338450001,28.644419643,0 77.233294356,28.644545782,0 77.234004025,28.646130396,0 77.234084873,28.6467768480001,0 77.2378937300001,28.6435524300001,0 77.239861041,28.6411715,0</coordinates></LinearRing></outerBoundaryIs></Polygon>
  </Placemark>
  <Placemark>
	<Style><LineStyle><color>ff0000ff</color></LineStyle><PolyStyle><fill>0</fill></PolyStyle></Style>
	<ExtendedData><SchemaData schemaUrl="#Final_zoning_delhi">
		<SimpleData name="tessellate">-1</SimpleData>
		<SimpleData name="extrude">0</SimpleData>
		<SimpleData name="visibility">-1</SimpleData>
		<SimpleData name="Ward_Name">BALLIMARAN</SimpleData>
		<SimpleData name="Ward_No">86</SimpleData>
		<SimpleData name="internal">0</SimpleData>
		<SimpleData name="Zone_no">162</SimpleData>
		<SimpleData name="ycoord">3171597.274</SimpleData>
	</SchemaData></ExtendedData>
      <Polygon><outerBoundaryIs><LinearRing><coordinates>77.2311922980001,28.6521375200001,0 77.230994669,28.65087621,0 77.231093484,28.6508683270001,0 77.231093484,28.6505372300001,0 77.230285,28.6504741640001,0 77.226763604,28.649244368,0 77.2243471360001,28.651506867,0 77.224023742,28.650939276,0 77.2241135740001,28.6503874480001,0 77.2233679720001,28.6501667160001,0 77.2234039050001,28.6498356180001,0 77.2223438930001,28.6499459840001,0 77.2225505050001,28.650482047,0 77.2222181290001,28.650505697,0 77.2223528760001,28.6519089080001,0 77.2213647290001,28.652216351,0 77.2217060890001,28.6526262730001,0 77.2213018470001,28.652697221,0 77.2212030320001,28.652878532,0 77.221355746,28.6535564750001,0 77.222128297,28.6541319350001,0 77.220574212,28.655984421,0 77.2200891210001,28.6567096410001,0 77.2200082730001,28.6570880140001,0 77.2229816970001,28.6572456690001,0 77.2232242420001,28.657143193,0 77.2232601740001,28.656630813,0 77.2274463240001,28.6564573910001,0 77.2274912390001,28.6550148260001,0 77.2298627920001,28.651278254,0 77.2299616060001,28.6517275960001,0 77.2304377130001,28.6516881800001,0 77.230527545,28.6520113890001,0 77.2311922980001,28.6521375200001,0</coordinates></LinearRing></outerBoundaryIs></Polygon>
  </Placemark>
  <Placemark>
	<Style><LineStyle><color>ff0000ff</color></LineStyle><PolyStyle><fill>0</fill></PolyStyle></Style>
	<ExtendedData><SchemaData schemaUrl="#Final_zoning_delhi">
		<SimpleData name="tessellate">-1</SimpleData>
		<SimpleData name="extrude">0</SimpleData>
		<SimpleData name="visibility">-1</SimpleData>
		<SimpleData name="Ward_Name">RAM NAGAR</SimpleData>
		<SimpleData name="Ward_No">87</SimpleData>
		<SimpleData name="internal">0</SimpleData>
		<SimpleData name="Zone_no">174</SimpleData>
		<SimpleData name="ycoord">3171135.795</SimpleData>
	</SchemaData></ExtendedData>
      <Polygon><outerBoundaryIs><LinearRing><coordinates>77.2186518170001,28.645728332,0 77.218606901,28.644403875,0 77.218067912,28.644325038,0 77.217924182,28.645602194,0 77.2137559990001,28.646177697,0 77.2130373460001,28.6467216630001,0 77.213163111,28.647241976,0 77.2126959870001,28.6473050440001,0 77.2126959870001,28.647462714,0 77.2115551260001,28.647659801,0 77.2117976710001,28.6487871320001,0 77.212282762,28.6487161810001,0 77.2135134530001,28.6503874480001,0 77.2141153250001,28.6509708090001,0 77.214546516,28.6511363560001,0 77.2139626110001,28.6513334360001,0 77.2134505710001,28.6513334360001,0 77.21301938,28.6515383990001,0 77.213693117,28.6527524030001,0 77.2146273640001,28.653509177,0 77.214690246,28.653832381,0 77.216441961,28.653895445,0 77.216639591,28.653115024,0 77.217187563,28.6532411530001,0 77.218436221,28.6488896160001,0 77.2186518170001,28.645728332,0</coordinates></LinearRing></outerBoundaryIs></Polygon>
  </Placemark>
  <Placemark>
	<Style><LineStyle><color>ff0000ff</color></LineStyle><PolyStyle><fill>0</fill></PolyStyle></Style>
	<ExtendedData><SchemaData schemaUrl="#Final_zoning_delhi">
		<SimpleData name="tessellate">-1</SimpleData>
		<SimpleData name="extrude">0</SimpleData>
		<SimpleData name="visibility">-1</SimpleData>
		<SimpleData name="Ward_Name">QASABPURA</SimpleData>
		<SimpleData name="Ward_No">88</SimpleData>
		<SimpleData name="internal">0</SimpleData>
		<SimpleData name="Zone_no">159</SimpleData>
		<SimpleData name="ycoord">3171683.397</SimpleData>
	</SchemaData></ExtendedData>
      <Polygon><outerBoundaryIs><LinearRing><coordinates>77.2107825750001,28.657545214,0 77.20905781,28.653737785,0 77.2110790190001,28.653635305,0 77.214690246,28.653832381,0 77.2146273640001,28.653509177,0 77.213693117,28.6527524030001,0 77.21301938,28.6515383990001,0 77.2134505710001,28.6513334360001,0 77.2139626110001,28.6513334360001,0 77.214546516,28.6511363560001,0 77.2141153250001,28.6509708090001,0 77.2135134530001,28.6503874480001,0 77.212282762,28.6487161810001,0 77.211770722,28.648755598,0 77.2115551260001,28.647659801,0 77.2126959870001,28.647462714,0 77.2126959870001,28.6473050440001,0 77.213163111,28.647241976,0 77.2130373460001,28.6467216630001,0 77.211159867,28.6470764220001,0 77.2111059690001,28.6468556840001,0 77.209983074,28.6470764220001,0 77.2102885020001,28.6484481460001,0 77.2100998550001,28.6502770820001,0 77.209066793,28.6503243820001,0 77.208626618,28.6505214640001,0 77.2089050960001,28.6517906610001,0 77.20723423,28.6522242340001,0 77.2063089650001,28.6520981040001,0 77.2050962390001,28.650592413,0 77.203712834,28.657064366,0 77.203039097,28.6587433820001,0 77.2030840130001,28.6593424610001,0 77.2036319850001,28.660438136,0 77.204287756,28.6610529710001,0 77.206461678,28.660406606,0 77.2062011670001,28.659334578,0 77.207342027,28.6590823350001,0 77.2095429,28.6579945280001,0 77.2107825750001,28.657545214,0</coordinates></LinearRing></outerBoundaryIs></Polygon>
  </Placemark>
  <Placemark>
	<Style><LineStyle><color>ff0000ff</color></LineStyle><PolyStyle><fill>0</fill></PolyStyle></Style>
	<ExtendedData><SchemaData schemaUrl="#Final_zoning_delhi">
		<SimpleData name="tessellate">-1</SimpleData>
		<SimpleData name="extrude">0</SimpleData>
		<SimpleData name="visibility">-1</SimpleData>
		<SimpleData name="Ward_Name">PAHAR GANJ</SimpleData>
		<SimpleData name="Ward_No">89</SimpleData>
		<SimpleData name="internal">0</SimpleData>
		<SimpleData name="Zone_no">184</SimpleData>
		<SimpleData name="ycoord">3170368.921</SimpleData>
	</SchemaData></ExtendedData>
      <Polygon><outerBoundaryIs><LinearRing><coordinates>77.2102346030001,28.649102467,0 77.2102885020001,28.6484481460001,0 77.209983074,28.6470764220001,0 77.2111059690001,28.6468556840001,0 77.211159867,28.6470764220001,0 77.2131361610001,28.6467216630001,0 77.2137829480001,28.6461698140001,0 77.217924182,28.645602194,0 77.2184631710001,28.641928358,0 77.218229609,28.6418731700001,0 77.216172467,28.639421246,0 77.2138817630001,28.6361492950001,0 77.204835728,28.6412897590001,0 77.2033624910001,28.6426773260001,0 77.203721817,28.642882306,0 77.203721817,28.642764049,0 77.2047189470001,28.6429138410001,0 77.2048806440001,28.6430794020001,0 77.2061293020001,28.642354088,0 77.2069377860001,28.643481476,0 77.207512707,28.646177697,0 77.2086086520001,28.645996375,0 77.2094261190001,28.6486767650001,0 77.2088511970001,28.648826549,0 77.2087074670001,28.6491576510001,0 77.2097135800001,28.649244368,0 77.2102346030001,28.649102467,0</coordinates></LinearRing></outerBoundaryIs></Polygon>
  </Placemark>
  <Placemark>
	<Style><LineStyle><color>ff0000ff</color></LineStyle><PolyStyle><fill>0</fill></PolyStyle></Style>
	<ExtendedData><SchemaData schemaUrl="#Final_zoning_delhi">
		<SimpleData name="tessellate">-1</SimpleData>
		<SimpleData name="extrude">0</SimpleData>
		<SimpleData name="visibility">-1</SimpleData>
		<SimpleData name="Ward_Name">SADH NAGAR</SimpleData>
		<SimpleData name="Ward_No">146</SimpleData>
		<SimpleData name="internal">0</SimpleData>
		<SimpleData name="Zone_no">248</SimpleData>
		<SimpleData name="ycoord">3164830.264</SimpleData>
	</SchemaData></ExtendedData>
      <Polygon><outerBoundaryIs><LinearRing><coordinates>77.0963731400001,28.6002694150001,0 77.0968851800001,28.600127448,0 77.097037894,28.6003403980001,0 77.100900649,28.5977455330001,0 77.1008198010001,28.5975799010001,0 77.1024367690001,28.596649203,0 77.0967234830001,28.5899763300001,0 77.091189861,28.5900473200001,0 77.0910910470001,28.5891165560001,0 77.0888722080001,28.5891717710001,0 77.088917124,28.590118311,0 77.0888272920001,28.5912778100001,0 77.0887015280001,28.5913803500001,0 77.0890788200001,28.5925082860001,0 77.089222551,28.59265815,0 77.090004085,28.5923663090001,0 77.090641889,28.593659872,0 77.091450373,28.59337592,0 77.091621053,28.5936914220001,0 77.0918815640001,28.593596771,0 77.0920342780001,28.5938964970001,0 77.092806829,28.593628321,0 77.0930942900001,28.59423566,0 77.0938848070001,28.593943822,0 77.0943788800001,28.595221591,0 77.0933997170001,28.595686948,0 77.095115499,28.598076796,0 77.0947292230001,28.5982976380001,0 77.094971769,28.5986525600001,0 77.0947471900001,28.5987314320001,0 77.0950975330001,28.59939395,0 77.095986865,28.6004587030001,0 77.0963731400001,28.6002694150001,0</coordinates></LinearRing></outerBoundaryIs></Polygon>
  </Placemark>
  <Placemark>
	<Style><LineStyle><color>ff0000ff</color></LineStyle><PolyStyle><fill>0</fill></PolyStyle></Style>
	<ExtendedData><SchemaData schemaUrl="#Final_zoning_delhi">
		<SimpleData name="tessellate">-1</SimpleData>
		<SimpleData name="extrude">0</SimpleData>
		<SimpleData name="visibility">-1</SimpleData>
		<SimpleData name="Ward_Name">PUSA</SimpleData>
		<SimpleData name="Ward_No">150</SimpleData>
		<SimpleData name="internal">0</SimpleData>
		<SimpleData name="Zone_no">201</SimpleData>
		<SimpleData name="ycoord">3168928.692</SimpleData>
	</SchemaData></ExtendedData>
      <Polygon><outerBoundaryIs><LinearRing><coordinates>77.1544222740001,28.653895445,0 77.1571262030001,28.6522872990001,0 77.155185842,28.6509471590001,0 77.153353279,28.650001167,0 77.1534341270001,28.6497331350001,0 77.159919964,28.6445694330001,0 77.165309855,28.643181891,0 77.166666311,28.644474829,0 77.1671783510001,28.6443171540001,0 77.1673400480001,28.6446167350001,0 77.1672412330001,28.6446798050001,0 77.1681036160001,28.6457440990001,0 77.174275042,28.642062384,0 77.1727928220001,28.63968142,0 77.1720472200001,28.6392399110001,0 77.1706907640001,28.6388614730001,0 77.164456456,28.6353056670001,0 77.166181221,28.6328772430001,0 77.1668459740001,28.633239933,0 77.166657328,28.6334922390001,0 77.1693073580001,28.6350375970001,0 77.16990923,28.63428069,0 77.169702617,28.634067809,0 77.1709063600001,28.63244359,0 77.1699271960001,28.6319783960001,0 77.170654831,28.630937617,0 77.17372707,28.633500123,0 77.174266059,28.6332162800001,0 77.1741582610001,28.6320414730001,0 77.1751014920001,28.631678779,0 77.1754069190001,28.6311583890001,0 77.1759009930001,28.6283277380001,0 77.176538796,28.627184417,0 77.1777425390001,28.625749335,0 77.1788205170001,28.625157949,0 77.1807429120001,28.623699183,0 77.1790271300001,28.6224296460001,0 77.1765926950001,28.6195514460001,0 77.1762513350001,28.617122657,0 77.1748230140001,28.6143468290001,0 77.1747331830001,28.6117286520001,0 77.171607045,28.607990538,0 77.170825511,28.6058769470001,0 77.169325325,28.6031402560001,0 77.168849218,28.6034872760001,0 77.167160385,28.603960482,0 77.1661363050001,28.6040866700001,0 77.1644025570001,28.60352671,0 77.1638006860001,28.604181311,0 77.1639983150001,28.606208184,0 77.163809669,28.6112239350001,0 77.1625520270001,28.6155928060001,0 77.157584344,28.618967911,0 77.155859579,28.620489827,0 77.1550061790001,28.622279824,0 77.1542875270001,28.62335223,0 77.1553744880001,28.6243615440001,0 77.1502540910001,28.6298179790001,0 77.147056089,28.635289899,0 77.146418285,28.638916662,0 77.1461218410001,28.639571043,0 77.1446755530001,28.640611737,0 77.1412978880001,28.6364015940001,0 77.140561269,28.6393975930001,0 77.1409116120001,28.6417549120001,0 77.1412260230001,28.6421727590001,0 77.1523920820001,28.65513307,0 77.1544222740001,28.653895445,0</coordinates></LinearRing></outerBoundaryIs></Polygon>
  </Placemark>
  <Placemark>
	<Style><LineStyle><color>ff0000ff</color></LineStyle><PolyStyle><fill>0</fill></PolyStyle></Style>
	<ExtendedData><SchemaData schemaUrl="#Final_zoning_delhi">
		<SimpleData name="tessellate">-1</SimpleData>
		<SimpleData name="extrude">0</SimpleData>
		<SimpleData name="visibility">-1</SimpleData>
		<SimpleData name="Ward_Name">INDER PURI</SimpleData>
		<SimpleData name="Ward_No">151</SimpleData>
		<SimpleData name="internal">0</SimpleData>
		<SimpleData name="Zone_no">202</SimpleData>
		<SimpleData name="ycoord">3168910.871</SimpleData>
	</SchemaData></ExtendedData>
      <Polygon><outerBoundaryIs><LinearRing><coordinates>77.1542875270001,28.62335223,0 77.153290397,28.6245429040001,0 77.1509637600001,28.6249292790001,0 77.149930698,28.6242117250001,0 77.1489156010001,28.6226425510001,0 77.14666083,28.623912085,0 77.146894392,28.6242511510001,0 77.1458882790001,28.6247873450001,0 77.145681666,28.6248267710001,0 77.14435216,28.623856888,0 77.1442713110001,28.6246611820001,0 77.1421962030001,28.633042819,0 77.1439569010001,28.6333582020001,0 77.143642491,28.6345881840001,0 77.1436963900001,28.635108557,0 77.1415583990001,28.6366775450001,0 77.1446755530001,28.640611737,0 77.1459242110001,28.6397681450001,0 77.1462925210001,28.6392872160001,0 77.147056089,28.635289899,0 77.1502540910001,28.6298179790001,0 77.1553744880001,28.6243615440001,0 77.1542875270001,28.62335223,0</coordinates></LinearRing></outerBoundaryIs></Polygon>
  </Placemark>
  <Placemark>
	<Style><LineStyle><color>ff0000ff</color></LineStyle><PolyStyle><fill>0</fill></PolyStyle></Style>
	<ExtendedData><SchemaData schemaUrl="#Final_zoning_delhi">
		<SimpleData name="tessellate">-1</SimpleData>
		<SimpleData name="extrude">0</SimpleData>
		<SimpleData name="visibility">-1</SimpleData>
		<SimpleData name="Ward_Name">NARAINA</SimpleData>
		<SimpleData name="Ward_No">152</SimpleData>
		<SimpleData name="internal">0</SimpleData>
		<SimpleData name="Zone_no">204</SimpleData>
		<SimpleData name="ycoord">3168665.605</SimpleData>
	</SchemaData></ExtendedData>
      <Polygon><outerBoundaryIs><LinearRing><coordinates>77.1415583990001,28.6366775450001,0 77.1436963900001,28.635108557,0 77.143642491,28.6345881840001,0 77.1439569010001,28.6333582020001,0 77.1421962030001,28.633042819,0 77.1442713110001,28.6246611820001,0 77.14435216,28.6233758860001,0 77.144217412,28.622555812,0 77.1437682550001,28.62144397,0 77.141747045,28.618849626,0 77.1410283930001,28.6175011730001,0 77.140399572,28.6175721450001,0 77.1403726230001,28.617438087,0 77.1398246510001,28.6175484880001,0 77.1390521,28.6167835680001,0 77.1387466720001,28.616980713,0 77.1383873460001,28.617769288,0 77.1374441150001,28.617201515,0 77.136429019,28.617130543,0 77.136438002,28.62062388,0 77.132278802,28.631544739,0 77.1409116120001,28.6417549120001,0 77.140561269,28.6393975930001,0 77.1413158540001,28.6363621720001,0 77.1415583990001,28.6366775450001,0</coordinates></LinearRing></outerBoundaryIs></Polygon>
  </Placemark>
  <Placemark>
	<Style><LineStyle><color>ff0000ff</color></LineStyle><PolyStyle><fill>0</fill></PolyStyle></Style>
	<ExtendedData><SchemaData schemaUrl="#Final_zoning_delhi">
		<SimpleData name="tessellate">-1</SimpleData>
		<SimpleData name="extrude">0</SimpleData>
		<SimpleData name="visibility">-1</SimpleData>
		<SimpleData name="Ward_Name">DEOLI</SimpleData>
		<SimpleData name="Ward_No">173</SimpleData>
		<SimpleData name="internal">1</SimpleData>
		<SimpleData name="Zone_no">26</SimpleData>
		<SimpleData name="ycoord">3154291.118</SimpleData>
	</SchemaData></ExtendedData>
      <Polygon><outerBoundaryIs><LinearRing><coordinates>77.2147261790001,28.5160573960001,0 77.215022623,28.515441713,0 77.2146632970001,28.5143445260001,0 77.214007527,28.5131999660001,0 77.2124624250001,28.5110607890001,0 77.2122558120001,28.5111555140001,0 77.2114563110001,28.5097741050001,0 77.212615138,28.509616228,0 77.2123007280001,28.5092925810001,0 77.212309711,28.508653177,0 77.2121659810001,28.508511087,0 77.212148014,28.5063481330001,0 77.214169224,28.5063165560001,0 77.2141512570001,28.505164015,0 77.2161545,28.5051403320001,0 77.216208399,28.5040430380001,0 77.217564855,28.504050932,0 77.217394175,28.5029773090001,0 77.218544019,28.5029694150001,0 77.2184631710001,28.501895781,0 77.2192716540001,28.5018878870001,0 77.2192626710001,28.50128791,0 77.219927425,28.5013036990001,0 77.219927425,28.5005300400001,0 77.220915571,28.500545829,0 77.220942521,28.500403728,0 77.2215713420001,28.5003879390001,0 77.2215713420001,28.499716903,0 77.221149133,28.4995748,0 77.2202598010001,28.498903759,0 77.2202777680001,28.4974274530001,0 77.2219486340001,28.497403768,0 77.221921685,28.4964248160001,0 77.22131083,28.496409026,0 77.2212928640001,28.495872177,0 77.221589308,28.495840598,0 77.221517443,28.494206349,0 77.2229008480001,28.494182664,0 77.2228559320001,28.490385109,0 77.2219666,28.4903930040001,0 77.2219666,28.489058695,0 77.2216791390001,28.489066591,0 77.221786937,28.4877796380001,0 77.218229609,28.484953025,0 77.2181128280001,28.4840529140001,0 77.2169989170001,28.484273995,0 77.2154358480001,28.4840213310001,0 77.2151394040001,28.4836660220001,0 77.2150765220001,28.482236878,0 77.2144926170001,28.4819131470001,0 77.214169224,28.481478871,0 77.2131451440001,28.481044594,0 77.2129025990001,28.480799819,0 77.2126331040001,28.480712963,0 77.2112766480001,28.481676269,0 77.2109981710001,28.4811156580001,0 77.2100998550001,28.480531355,0 77.2095788330001,28.480768235,0 77.2084020400001,28.478699466,0 77.207342027,28.478881077,0 77.207135415,28.4771123300001,0 77.2043775870001,28.4754462060001,0 77.2045033510001,28.4766069680001,0 77.2038385980001,28.478391516,0 77.2025090910001,28.4797180630001,0 77.20091009,28.479891777,0 77.199787196,28.4802076180001,0 77.1994727860001,28.4801207620001,0 77.1987900660001,28.480365539,0 77.1958885080001,28.480483979,0 77.195259687,28.480657691,0 77.193939163,28.480341851,0 77.1933462750001,28.479954945,0 77.192510842,28.480010217,0 77.1918191390001,28.4797259590001,0 77.191873038,28.483247546,0 77.18845944,28.483318608,0 77.18831571,28.485845232,0 77.1877497710001,28.4865558340001,0 77.188549272,28.48663479,0 77.1886121540001,28.487929652,0 77.1899596270001,28.487905966,0 77.1899686100001,28.488687613,0 77.1911543860001,28.4887270890001,0 77.1911813360001,28.4908825090001,0 77.192519825,28.4908746140001,0 77.1926725390001,28.491143052,0 77.1931037300001,28.4909772520001,0 77.193364242,28.4921299480001,0 77.193085764,28.492201005,0 77.193328309,28.493606329,0 77.1924389770001,28.4940168690001,0 77.193561871,28.496069548,0 77.193561871,28.4963458670001,0 77.1929061010001,28.496764292,0 77.1939481470001,28.498122187,0 77.1934810230001,28.4985011320001,0 77.193121697,28.4985721840001,0 77.1932025450001,28.498674814,0 77.1918640550001,28.499598484,0 77.1928342360001,28.500174787,0 77.192043718,28.50068793,0 77.192385078,28.501011604,0 77.1921515160001,28.50114581,0 77.1922682970001,28.501295805,0 77.1924210110001,28.5012721210001,0 77.1926276230001,28.501516849,0 77.1922323640001,28.5019431480001,0 77.192241348,28.5025352260001,0 77.192349145,28.502756268,0 77.193831366,28.502227346,0 77.1942356070001,28.502732585,0 77.1949003610001,28.5027957400001,0 77.1952327370001,28.503703585,0 77.19495426,28.503798316,0 77.195762743,28.506490226,0 77.1950351080001,28.5066796830001,0 77.1949632430001,28.50690861,0 77.1938403490001,28.506884928,0 77.1931127130001,28.508384784,0 77.192753387,28.5095530780001,0 77.191199302,28.510050388,0 77.192546775,28.5107213590001,0 77.1942176410001,28.5122132660001,0 77.19444222,28.512497437,0 77.1956818950001,28.5157811290001,0 77.1965532610001,28.5157021950001,0 77.1966520760001,28.515789022,0 77.1971371660001,28.516530996,0 77.197694121,28.5168861940001,0 77.1994458360001,28.518748993,0 77.1998141450001,28.519719846,0 77.2002183870001,28.5202171080001,0 77.201215517,28.520872228,0 77.2085278040001,28.5192383670001,0 77.2080966120001,28.51765184,0 77.2147261790001,28.5160573960001,0</coordinates></LinearRing></outerBoundaryIs></Polygon>
  </Placemark>
  <Placemark>
	<Style><LineStyle><color>ff0000ff</color></LineStyle><PolyStyle><fill>0</fill></PolyStyle></Style>
	<ExtendedData><SchemaData schemaUrl="#Final_zoning_delhi">
		<SimpleData name="tessellate">-1</SimpleData>
		<SimpleData name="extrude">0</SimpleData>
		<SimpleData name="visibility">-1</SimpleData>
		<SimpleData name="Ward_Name">CHHATARPUR</SimpleData>
		<SimpleData name="Ward_No">174</SimpleData>
		<SimpleData name="internal">0</SimpleData>
		<SimpleData name="Zone_no">290</SimpleData>
		<SimpleData name="ycoord">3153851.676</SimpleData>
	</SchemaData></ExtendedData>
      <Polygon><outerBoundaryIs><LinearRing><coordinates>77.120726468,28.495769544,0 77.121741564,28.496180076,0 77.1221637720001,28.495959021,0 77.122693778,28.4960142840001,0 77.123026155,28.4965274480001,0 77.123987352,28.4963537620001,0 77.124481426,28.4966458700001,0 77.1245353250001,28.4972458730001,0 77.125667202,28.497687979,0 77.126987725,28.4976958730001,0 77.1276794280001,28.498880075,0 77.128074687,28.499898477,0 77.128514861,28.4998590050001,0 77.128478929,28.4994563810001,0 77.1291436820001,28.4994563810001,0 77.1291796150001,28.4999142670001,0 77.1305270880001,28.499890583,0 77.1305899700001,28.501201071,0 77.132503381,28.500174787,0 77.13324,28.5001826810001,0 77.133257966,28.500403728,0 77.1353330740001,28.500403728,0 77.1353420570001,28.5009642370001,0 77.1387826050001,28.500869503,0 77.138800571,28.5004195170001,0 77.1394383750001,28.500427411,0 77.139447358,28.5003089940001,0 77.1401480440001,28.5002142590001,0 77.1414865340001,28.5002063650001,0 77.1427531590001,28.4989274430001,0 77.1433190970001,28.4981379770001,0 77.143301131,28.497822189,0 77.1435526590001,28.497648505,0 77.1435526590001,28.4974906100001,0 77.1433550300001,28.4974906100001,0 77.1433460470001,28.49702482,0 77.1441365640001,28.4964248160001,0 77.144118598,28.4947511010001,0 77.145609801,28.4936694890001,0 77.146553032,28.4926273410001,0 77.158536558,28.4980037670001,0 77.163315595,28.499961634,0 77.1664776650001,28.5014694820001,0 77.1727389230001,28.5041377690001,0 77.1767004930001,28.5075953890001,0 77.1777335560001,28.5091899610001,0 77.179817647,28.509497821,0 77.1815603790001,28.5110686830001,0 77.1841115940001,28.5116607100001,0 77.1854500840001,28.5130973500001,0 77.1876599400001,28.5111634080001,0 77.18814503,28.511416006,0 77.1902021720001,28.510295096,0 77.192753387,28.5095530780001,0 77.1931127130001,28.508384784,0 77.1938403490001,28.506884928,0 77.1949632430001,28.50690861,0 77.1950351080001,28.5066796830001,0 77.195762743,28.506490226,0 77.19495426,28.503798316,0 77.1952327370001,28.503703585,0 77.1949003610001,28.5027957400001,0 77.1942356070001,28.502732585,0 77.193831366,28.502227346,0 77.192349145,28.502756268,0 77.1921694820001,28.5022826060001,0 77.1922323640001,28.5019431480001,0 77.1926276230001,28.501516849,0 77.1924210110001,28.5012721210001,0 77.1922682970001,28.501295805,0 77.1921515160001,28.50114581,0 77.192385078,28.501011604,0 77.192043718,28.50068793,0 77.1928342360001,28.500174787,0 77.1918640550001,28.499598484,0 77.1932025450001,28.498674814,0 77.193121697,28.4985721840001,0 77.1934810230001,28.4985011320001,0 77.1939481470001,28.498122187,0 77.1929061010001,28.496764292,0 77.193561871,28.4963458670001,0 77.193561871,28.496069548,0 77.1924389770001,28.4940168690001,0 77.193328309,28.493606329,0 77.1931037300001,28.4928168230001,0 77.193085764,28.492201005,0 77.193364242,28.4921299480001,0 77.1931037300001,28.4909772520001,0 77.1926725390001,28.491143052,0 77.192519825,28.4908746140001,0 77.1911813360001,28.4908825090001,0 77.1911543860001,28.4887270890001,0 77.1899686100001,28.488687613,0 77.1899596270001,28.487905966,0 77.1886121540001,28.487929652,0 77.1885133390001,28.4866032080001,0 77.1877497710001,28.4865558340001,0 77.186959254,28.4870927310001,0 77.1865729780001,28.4875348790001,0 77.1858633090001,28.4871479990001,0 77.185369236,28.4860031440001,0 77.184659567,28.484953025,0 77.176161504,28.485079356,0 77.1762243860001,28.4872822230001,0 77.1752452220001,28.48739276,0 77.1750745420001,28.487755952,0 77.1729635020001,28.48781122,0 77.172954518,28.4883560050001,0 77.1713645,28.4877954290001,0 77.170753646,28.4878822790001,0 77.1708614440001,28.4904008990001,0 77.1695049880001,28.4904640610001,0 77.1694870210001,28.4917272960001,0 77.167807172,28.4917588760001,0 77.167771239,28.4907009190001,0 77.163638989,28.4907719760001,0 77.163135932,28.4894455680001,0 77.161887274,28.4872585360001,0 77.160369121,28.4873295960001,0 77.1603331890001,28.486911134,0 77.1580784170001,28.487021671,0 77.1580424850001,28.48507146,0 77.1557068650001,28.486429506,0 77.1556439830001,28.485355703,0 77.1549971960001,28.485347808,0 77.1549971960001,28.4848582770001,0 77.152544795,28.484921442,0 77.1524639470001,28.48374498,0 77.15013731,28.4838160420001,0 77.1500834110001,28.482963296,0 77.1488976350001,28.482915921,0 77.148888652,28.482260566,0 77.1480352520001,28.482260566,0 77.147936438,28.480491875,0 77.1473076170001,28.480531355,0 77.1473166,28.480373435,0 77.145771498,28.4802707860001,0 77.1447384350001,28.480357643,0 77.1440916480001,28.4811235540001,0 77.1404804210001,28.4825053380001,0 77.1404444880001,28.480902466,0 77.1390610830001,28.48093405,0 77.1384232790001,28.4811235540001,0 77.1379471720001,28.481068282,0 77.137929205,28.479962841,0 77.1366535980001,28.479994425,0 77.1366446150001,28.480728755,0 77.135018664,28.480807715,0 77.1348210350001,28.481660478,0 77.13338373,28.4824105870001,0 77.1329705050001,28.4825369210001,0 77.131632015,28.4821263360001,0 77.1310391270001,28.482584296,0 77.130994211,28.4828922340001,0 77.131012178,28.4832001710001,0 77.1316499820001,28.4838239370001,0 77.1308235320001,28.484471388,0 77.1290718170001,28.4831212130001,0 77.1280836700001,28.4830896290001,0 77.1267451800001,28.4834291490001,0 77.1267990790001,28.4844398050001,0 77.1240951500001,28.4841792460001,0 77.1241221,28.4847003630001,0 77.1179416900001,28.48693482,0 77.1187861070001,28.4885770770001,0 77.1195676410001,28.4918299330001,0 77.1195945910001,28.4924852290001,0 77.1201335800001,28.4939694990001,0 77.1205737540001,28.4947511010001,0 77.120726468,28.495769544,0</coordinates></LinearRing></outerBoundaryIs></Polygon>
  </Placemark>
  <Placemark>
	<Style><LineStyle><color>ff0000ff</color></LineStyle><PolyStyle><fill>0</fill></PolyStyle></Style>
	<ExtendedData><SchemaData schemaUrl="#Final_zoning_delhi">
		<SimpleData name="tessellate">-1</SimpleData>
		<SimpleData name="extrude">0</SimpleData>
		<SimpleData name="visibility">-1</SimpleData>
		<SimpleData name="Ward_Name">AYA NAGAR</SimpleData>
		<SimpleData name="Ward_No">175</SimpleData>
		<SimpleData name="internal">0</SimpleData>
		<SimpleData name="Zone_no">294</SimpleData>
		<SimpleData name="ycoord">3149105.777</SimpleData>
	</SchemaData></ExtendedData>
      <Polygon><outerBoundaryIs><LinearRing><coordinates>77.163710854,28.4907561860001,0 77.167771239,28.4907009190001,0 77.1677173400001,28.489058695,0 77.1670166540001,28.489066591,0 77.166962755,28.4884902270001,0 77.166315968,28.488466541,0 77.166289019,28.4873217,0 77.1645822200001,28.4873453870001,0 77.1645552700001,28.4858057540001,0 77.1659296930001,28.485774172,0 77.1659386760001,28.4846924670001,0 77.164528321,28.4847161540001,0 77.1644115400001,28.48089457,0 77.1651840910001,28.4808866750001,0 77.1650852770001,28.476038433,0 77.1657679960001,28.4758568170001,0 77.1656242660001,28.470447676,0 77.165947659,28.4704318820001,0 77.165812912,28.46784961,0 77.1649505290001,28.4678180230001,0 77.164824765,28.4645091470001,0 77.1664956320001,28.4644696610001,0 77.165911727,28.4634193270001,0 77.166387834,28.4631824090001,0 77.1659566420001,28.462132062,0 77.167196317,28.461855654,0 77.167160385,28.460702627,0 77.167304115,28.4606868320001,0 77.167160385,28.4595811780001,0 77.1664327490001,28.4590599370001,0 77.166118339,28.459052039,0 77.1660913900001,28.4585228980001,0 77.1664327490001,28.45848341,0 77.166585463,28.4580016520001,0 77.1663429180001,28.4571013120001,0 77.165642232,28.456035109,0 77.164429506,28.4549294070001,0 77.164833748,28.453610446,0 77.1643396750001,28.453097074,0 77.16290237,28.452251979,0 77.1628484710001,28.4520861180001,0 77.1634233930001,28.451383182,0 77.1633964440001,28.4508934940001,0 77.1619681220001,28.450696038,0 77.1616986280001,28.4499141100001,0 77.160396071,28.449922008,0 77.1603331890001,28.448310744,0 77.1609979420001,28.448239659,0 77.161006925,28.4469759040001,0 77.1589497830001,28.447031194,0 77.1589138510001,28.4461939490001,0 77.1582131650001,28.4461860500001,0 77.158195198,28.445688439,0 77.1575753610001,28.445704236,0 77.1575484110001,28.4445589320001,0 77.1595067390001,28.4445747290001,0 77.1595336880001,28.4450723460001,0 77.1643127250001,28.4449617650001,0 77.164294759,28.4443140720001,0 77.1722538320001,28.4398749040001,0 77.1745625030001,28.4387611330001,0 77.174679284,28.438713738,0 77.1750296270001,28.439242978,0 77.1762243860001,28.439266676,0 77.176646594,28.4398354080001,0 77.1802039230001,28.4349062900001,0 77.1804554510001,28.4324416440001,0 77.1845068530001,28.430506225,0 77.1860429720001,28.428784067,0 77.1877138390001,28.428705069,0 77.188926564,28.4280019770001,0 77.1893757220001,28.425616172,0 77.1885313050001,28.422945902,0 77.1889085980001,28.4224323810001,0 77.1901033570001,28.4217687500001,0 77.190786077,28.4205836840001,0 77.1910465880001,28.419643523,0 77.191019639,28.4174313450001,0 77.194370355,28.4155035530001,0 77.1944512030001,28.415163815,0 77.195259687,28.4145633460001,0 77.197828869,28.411039472,0 77.1988888810001,28.408534764,0 77.1947386640001,28.4086611860001,0 77.1946578160001,28.408392539,0 77.191738291,28.4079737640001,0 77.1912711670001,28.4076340020001,0 77.191298116,28.406891264,0 77.190247088,28.406654218,0 77.188450457,28.4073337470001,0 77.1858992420001,28.407760426,0 77.1859621240001,28.407855243,0 77.1857914440001,28.407918454,0 77.1855938140001,28.4085979750001,0 77.1852794040001,28.4090325500001,0 77.182494627,28.4093565040001,0 77.180904609,28.408534764,0 77.1796829,28.4081633980001,0 77.177787455,28.4072547320001,0 77.1756494640001,28.405492688,0 77.1745355530001,28.404378556,0 77.1741941930001,28.404252129,0 77.173771985,28.4049790830001,0 77.171598062,28.406188028,0 77.1713375510001,28.408558468,0 77.170915343,28.409585642,0 77.170241606,28.4101071270001,0 77.1686426050001,28.412185139,0 77.165372737,28.414152497,0 77.165004428,28.4148319770001,0 77.1650852770001,28.416743981,0 77.1657590130001,28.4202360630001,0 77.1657590130001,28.4222506730001,0 77.1660374910001,28.4256556720001,0 77.1647708660001,28.4264693800001,0 77.1646720510001,28.426809081,0 77.163540174,28.4283653730001,0 77.1630191510001,28.428776167,0 77.162453213,28.428784067,0 77.1598031830001,28.430237633,0 77.1565243320001,28.4313751930001,0 77.1557427980001,28.432015065,0 77.1549612630001,28.431967667,0 77.154646853,28.4324179450001,0 77.153425144,28.4330736100001,0 77.1529400540001,28.4336107780001,0 77.1523920820001,28.4338003660001,0 77.151871059,28.434171642,0 77.1517902100001,28.434740402,0 77.15099071,28.4354039510001,0 77.1503529060001,28.4357041270001,0 77.1492839110001,28.436557254,0 77.147666943,28.4373076840001,0 77.144828267,28.4375051650001,0 77.144190463,28.4372997850001,0 77.1423129840001,28.4370391100001,0 77.141684163,28.436675743,0 77.1414146690001,28.436683643,0 77.139815668,28.437133901,0 77.14002228,28.437473568,0 77.138737689,28.437813234,0 77.138737689,28.4379001250001,0 77.137785475,28.4379633180001,0 77.1362583390001,28.438460966,0 77.134839001,28.4386268480001,0 77.132817791,28.4394799510001,0 77.1315691330001,28.4404199360001,0 77.13173083,28.4406885020001,0 77.1316140490001,28.440917572,0 77.1287304570001,28.442821205,0 77.1266014500001,28.443295134,0 77.123232767,28.4434373120001,0 77.1223973340001,28.443674275,0 77.1218763110001,28.458507103,0 77.1171871060001,28.4625269310001,0 77.1166571,28.4635772730001,0 77.1146628400001,28.466428149,0 77.1141777490001,28.4667203400001,0 77.1125338320001,28.4686472,0 77.1107282190001,28.4711583820001,0 77.1108988990001,28.4713242120001,0 77.1113390730001,28.4713715930001,0 77.1130099390001,28.471292626,0 77.1141508,28.4780914610001,0 77.1149682670001,28.4794101160001,0 77.115219795,28.481226201,0 77.1149862330001,28.481376224,0 77.1153275930001,28.482307941,0 77.1153725090001,28.4828448590001,0 77.1176272800001,28.4858215450001,0 77.1179416900001,28.48693482,0 77.1241221,28.4847003630001,0 77.1240951500001,28.4841792460001,0 77.1267990790001,28.4844398050001,0 77.1267451800001,28.4834291490001,0 77.1280836700001,28.4830896290001,0 77.1290718170001,28.4831212130001,0 77.1308235320001,28.484471388,0 77.1316499820001,28.4838239370001,0 77.131012178,28.4832001710001,0 77.130994211,28.4828922340001,0 77.1310391270001,28.482584296,0 77.131632015,28.4821263360001,0 77.1329705050001,28.4825369210001,0 77.13338373,28.4824105870001,0 77.1348210350001,28.481660478,0 77.135018664,28.480807715,0 77.1366446150001,28.480728755,0 77.1366535980001,28.479994425,0 77.137929205,28.479962841,0 77.1379471720001,28.481068282,0 77.1384232790001,28.4811235540001,0 77.1390610830001,28.48093405,0 77.1404444880001,28.480902466,0 77.1404804210001,28.4825053380001,0 77.1440916480001,28.4811235540001,0 77.1447384350001,28.480357643,0 77.145771498,28.4802707860001,0 77.1473166,28.480373435,0 77.1473076170001,28.480531355,0 77.147981353,28.480547147,0 77.1480352520001,28.482260566,0 77.148888652,28.482260566,0 77.1488976350001,28.482915921,0 77.1500834110001,28.482963296,0 77.15013731,28.4838160420001,0 77.1524639470001,28.48374498,0 77.152544795,28.484921442,0 77.1549971960001,28.4848582770001,0 77.1549971960001,28.485347808,0 77.1556439830001,28.485355703,0 77.1557068650001,28.486429506,0 77.1580424850001,28.48507146,0 77.1580784170001,28.487021671,0 77.1603331890001,28.486911134,0 77.160369121,28.4873295960001,0 77.161887274,28.4872585360001,0 77.163135932,28.4894455680001,0 77.163710854,28.4907561860001,0</coordinates></LinearRing></outerBoundaryIs></Polygon>
  </Placemark>
  <Placemark>
	<Style><LineStyle><color>ff0000ff</color></LineStyle><PolyStyle><fill>0</fill></PolyStyle></Style>
	<ExtendedData><SchemaData schemaUrl="#Final_zoning_delhi">
		<SimpleData name="tessellate">-1</SimpleData>
		<SimpleData name="extrude">0</SimpleData>
		<SimpleData name="visibility">-1</SimpleData>
		<SimpleData name="Ward_Name">BHATI</SimpleData>
		<SimpleData name="Ward_No">176</SimpleData>
		<SimpleData name="internal">0</SimpleData>
		<SimpleData name="Zone_no">295</SimpleData>
		<SimpleData name="ycoord">3148622.679</SimpleData>
	</SchemaData></ExtendedData>
      <Polygon><outerBoundaryIs><LinearRing><coordinates>77.170753646,28.4878822790001,0 77.1713645,28.4877954290001,0 77.172954518,28.4883560050001,0 77.1729635020001,28.48781122,0 77.1750745420001,28.487755952,0 77.1752452220001,28.48739276,0 77.1762243860001,28.4872822230001,0 77.176161504,28.485079356,0 77.1763591330001,28.485079356,0 77.1847134650001,28.484960921,0 77.185369236,28.4860031440001,0 77.1858633090001,28.4871479990001,0 77.1865729780001,28.4875348790001,0 77.186959254,28.4870927310001,0 77.1879653670001,28.4863742370001,0 77.18831571,28.485845232,0 77.18845944,28.483318608,0 77.191873038,28.483247546,0 77.1918191390001,28.4797259590001,0 77.192510842,28.480010217,0 77.1933462750001,28.479954945,0 77.193939163,28.480341851,0 77.195259687,28.480657691,0 77.1958885080001,28.480483979,0 77.1987900660001,28.480365539,0 77.1994727860001,28.4801207620001,0 77.199787196,28.4802076180001,0 77.20091009,28.479891777,0 77.2025090910001,28.4797180630001,0 77.2038385980001,28.478391516,0 77.204117076,28.4777440290001,0 77.2045033510001,28.4766069680001,0 77.2043775870001,28.4754462060001,0 77.204799795,28.4756830970001,0 77.204799795,28.473819538,0 77.2056981100001,28.4737800550001,0 77.2056531950001,28.4732588840001,0 77.2059316720001,28.473243091,0 77.205778959,28.472098085,0 77.20558133,28.4721217750001,0 77.2055543800001,28.4715927,0 77.205311835,28.4715769060001,0 77.20541065,28.470471366,0 77.2095159500001,28.4704239860001,0 77.2094800180001,28.469350021,0 77.2107825750001,28.469286846,0 77.2108813900001,28.468244457,0 77.21153716,28.468228664,0 77.2122647950001,28.4669019720001,0 77.212615138,28.4667045460001,0 77.21319006,28.4656779260001,0 77.214618381,28.4647539600001,0 77.2173672260001,28.4634035330001,0 77.21783435,28.4626532880001,0 77.218615884,28.4620214990001,0 77.2190650420001,28.46116068,0 77.220502346,28.459699641,0 77.222496606,28.4583965360001,0 77.2237362810001,28.457843698,0 77.226898351,28.4572908580001,0 77.2298178760001,28.457267164,0 77.230554494,28.456880174,0 77.2308689050001,28.456864379,0 77.2310485680001,28.4568959700001,0 77.2314887420001,28.4573698350001,0 77.2324409570001,28.457401426,0 77.2331506260001,28.456998641,0 77.233977076,28.456793299,0 77.23427352,28.456414205,0 77.2345609810001,28.4545424080001,0 77.236312695,28.4542422860001,0 77.2373816910001,28.4542264900001,0 77.23775,28.4536973240001,0 77.239456799,28.4537447120001,0 77.2397442600001,28.4539895500001,0 77.2402203670001,28.453918468,0 77.240974952,28.4533261170001,0 77.2415319070001,28.452180895,0 77.2423493740001,28.4512015240001,0 77.2428344640001,28.4509961700001,0 77.245277882,28.4504669890001,0 77.2454575450001,28.4501747530001,0 77.2464187420001,28.449945703,0 77.247909946,28.4474261180001,0 77.2492304690001,28.446138659,0 77.2494999640001,28.4462176440001,0 77.250218616,28.4454751760001,0 77.2502994640001,28.445214521,0 77.2504162450001,28.443658477,0 77.2501916670001,28.4423946680001,0 77.2502365820001,28.441375711,0 77.2503803130001,28.441375711,0 77.2503803130001,28.4410439550001,0 77.2510091330001,28.440917572,0 77.2509103190001,28.4403962390001,0 77.2510091330001,28.4400170860001,0 77.2504072620001,28.4390612990001,0 77.2501287840001,28.436557254,0 77.2498952220001,28.436557254,0 77.2498053910001,28.434519218,0 77.249976071,28.4309960080001,0 77.2533627190001,28.431106604,0 77.2529494940001,28.4297004480001,0 77.2523655900001,28.428436472,0 77.249580812,28.42408354,0 77.2447119430001,28.421958359,0 77.2384686520001,28.420054351,0 77.234884374,28.417462948,0 77.2339501260001,28.4158669920001,0 77.232854182,28.4158353880001,0 77.230895854,28.414713464,0 77.227581071,28.4136310320001,0 77.226934284,28.4136152300001,0 77.2260000360001,28.4127777200001,0 77.2249130740001,28.4124774800001,0 77.221894735,28.4124853810001,0 77.2176996030001,28.411766379,0 77.2178702830001,28.410352066,0 77.2158939890001,28.4105179920001,0 77.2122288630001,28.4091826750001,0 77.210351384,28.4089614370001,0 77.2079079660001,28.4093565040001,0 77.2051591210001,28.4091747740001,0 77.2023204450001,28.407863144,0 77.2010628040001,28.408447849,0 77.1988888810001,28.408534764,0 77.197828869,28.411039472,0 77.195259687,28.4145633460001,0 77.1944512030001,28.415163815,0 77.194370355,28.4155035530001,0 77.191019639,28.4174313450001,0 77.1910465880001,28.419643523,0 77.190786077,28.4205836840001,0 77.1901033570001,28.4217687500001,0 77.1889085980001,28.4224323810001,0 77.1885313050001,28.422945902,0 77.1893757220001,28.425616172,0 77.188926564,28.4280019770001,0 77.1877138390001,28.428705069,0 77.1860429720001,28.428784067,0 77.1845068530001,28.430506225,0 77.1804554510001,28.4324416440001,0 77.1802039230001,28.4349062900001,0 77.176646594,28.4398354080001,0 77.1762243860001,28.439266676,0 77.1750296270001,28.439242978,0 77.174679284,28.438713738,0 77.1745625030001,28.4387611330001,0 77.1722538320001,28.4398749040001,0 77.164294759,28.4443140720001,0 77.1643127250001,28.4449617650001,0 77.1595336880001,28.4450723460001,0 77.1595067390001,28.4445747290001,0 77.1575484110001,28.4445589320001,0 77.1575753610001,28.445704236,0 77.158195198,28.445688439,0 77.1582131650001,28.4461860500001,0 77.1589138510001,28.4461939490001,0 77.1589497830001,28.447031194,0 77.161006925,28.4469759040001,0 77.1609979420001,28.448239659,0 77.1603331890001,28.448310744,0 77.160396071,28.449922008,0 77.1616986280001,28.4499141100001,0 77.1619681220001,28.450696038,0 77.1633964440001,28.4508934940001,0 77.1634233930001,28.451383182,0 77.1628484710001,28.4520861180001,0 77.16290237,28.452251979,0 77.1643396750001,28.453097074,0 77.164833748,28.453610446,0 77.164429506,28.4549294070001,0 77.165642232,28.456035109,0 77.1663429180001,28.4571013120001,0 77.166585463,28.4580016520001,0 77.1664327490001,28.45848341,0 77.1660913900001,28.4585228980001,0 77.166118339,28.459052039,0 77.1664327490001,28.4590599370001,0 77.167160385,28.4595811780001,0 77.167304115,28.4606868320001,0 77.167160385,28.460702627,0 77.167196317,28.461855654,0 77.1659566420001,28.462132062,0 77.166387834,28.4631824090001,0 77.165911727,28.4634193270001,0 77.1664956320001,28.4644696610001,0 77.164824765,28.4645091470001,0 77.1649505290001,28.4678180230001,0 77.165812912,28.46784961,0 77.165947659,28.4704318820001,0 77.1656242660001,28.470447676,0 77.1657679960001,28.4758568170001,0 77.1650852770001,28.476038433,0 77.1651840910001,28.4808866750001,0 77.1644115400001,28.48089457,0 77.164528321,28.4847161540001,0 77.1659386760001,28.4846924670001,0 77.1659296930001,28.485774172,0 77.1645552700001,28.4858057540001,0 77.1645822200001,28.4873453870001,0 77.166289019,28.4873217,0 77.166315968,28.488466541,0 77.166962755,28.4884902270001,0 77.1670166540001,28.489066591,0 77.1677173400001,28.489058695,0 77.167807172,28.4917588760001,0 77.1694870210001,28.4917272960001,0 77.1695049880001,28.4904640610001,0 77.1708614440001,28.4904008990001,0 77.170753646,28.4878822790001,0</coordinates></LinearRing></outerBoundaryIs></Polygon>
  </Placemark>
  <Placemark>
	<Style><LineStyle><color>ff0000ff</color></LineStyle><PolyStyle><fill>0</fill></PolyStyle></Style>
	<ExtendedData><SchemaData schemaUrl="#Final_zoning_delhi">
		<SimpleData name="tessellate">-1</SimpleData>
		<SimpleData name="extrude">0</SimpleData>
		<SimpleData name="visibility">-1</SimpleData>
		<SimpleData name="Ward_Name">MADANPUR KHADAR</SimpleData>
		<SimpleData name="Ward_No">207</SimpleData>
		<SimpleData name="internal">0</SimpleData>
		<SimpleData name="Zone_no">278</SimpleData>
		<SimpleData name="ycoord">3157409.657</SimpleData>
	</SchemaData></ExtendedData>
      <Polygon><outerBoundaryIs><LinearRing><coordinates>77.3315071660001,28.5336265220001,0 77.3330882010001,28.5324821720001,0 77.334157196,28.529522586,0 77.3343817750001,28.527525805,0 77.3361065400001,28.524510832,0 77.3363580690001,28.5245029390001,0 77.3373013,28.523255883,0 77.3383433450001,28.5228375630001,0 77.341640162,28.521953561,0 77.346643779,28.521014301,0 77.3474702290001,28.5204933640001,0 77.3472366670001,28.518125433,0 77.3470659870001,28.517880744,0 77.3466617450001,28.517778132,0 77.3461137730001,28.517280858,0 77.3466168290001,28.5169098740001,0 77.3465988630001,28.5167993680001,0 77.3460059750001,28.515757449,0 77.3456376650001,28.5145023950001,0 77.343697304,28.5161994760001,0 77.340616083,28.518157006,0 77.3363670520001,28.518038608,0 77.337642659,28.51606529,0 77.337373165,28.516033716,0 77.333034302,28.516081076,0 77.3268988090001,28.5163968100001,0 77.3216436640001,28.516436276,0 77.321230439,28.5168151550001,0 77.321014844,28.516854621,0 77.3198829660001,28.515757449,0 77.318751089,28.5150865100001,0 77.3184366790001,28.51506283,0 77.3183019310001,28.5133104760001,0 77.318445662,28.512852649,0 77.318140235,28.512386926,0 77.3177539590001,28.5126000540001,0 77.317331751,28.512584266,0 77.316083093,28.512173798,0 77.314924266,28.5119606700001,0 77.314726637,28.511779115,0 77.3139720520001,28.511731753,0 77.3121394890001,28.5111634080001,0 77.3108099820001,28.511202876,0 77.3104506560001,28.511952776,0 77.308869621,28.513263114,0 77.3056806020001,28.5155206470001,0 77.3043600780001,28.5160889700001,0 77.3029587060001,28.5161205430001,0 77.297191522,28.514273485,0 77.295601504,28.5181333260001,0 77.2934185980001,28.522561313,0 77.29516133,28.522537635,0 77.295367942,28.5215431300001,0 77.2963381230001,28.52173256,0 77.296724398,28.5219772400001,0 77.298817473,28.522600778,0 77.2978113600001,28.5235163450001,0 77.2986378100001,28.5240451610001,0 77.299230698,28.523761021,0 77.3002547770001,28.5245029390001,0 77.2998505350001,28.52482654,0 77.3001918950001,28.525055428,0 77.3000661310001,28.5252053880001,0 77.3009374970001,28.5259946520001,0 77.300820716,28.526136718,0 77.3014136040001,28.526389281,0 77.301494452,28.526839157,0 77.301907677,28.526760231,0 77.3020873400001,28.5262708920001,0 77.302401751,28.5263340330001,0 77.302716161,28.525465846,0 77.3039199040001,28.5263813880001,0 77.3042971960001,28.527107503,0 77.30379414,28.5279677840001,0 77.303291083,28.530509124,0 77.3031653190001,28.5308563830001,0 77.302069374,28.5311641800001,0 77.301997509,28.5322138390001,0 77.302302936,28.5322611920001,0 77.3034707460001,28.5317482020001,0 77.304369061,28.531977075,0 77.3056356860001,28.532063888,0 77.307351468,28.533034618,0 77.3091211490001,28.5338080390001,0 77.3096062390001,28.5338711750001,0 77.310836931,28.5336817670001,0 77.3111872740001,28.532805748,0 77.311411853,28.532640014,0 77.314016967,28.5327110430001,0 77.314924266,28.5326005530001,0 77.3151937600001,28.5332792720001,0 77.3170173410001,28.533729119,0 77.3173856500001,28.5340526910001,0 77.322236552,28.5361203750001,0 77.32701559,28.538819351,0 77.3305190190001,28.5354574580001,0 77.331273604,28.5338001470001,0 77.3315071660001,28.5336265220001,0</coordinates></LinearRing></outerBoundaryIs></Polygon>
  </Placemark>
  <Placemark>
	<Style><LineStyle><color>ff0000ff</color></LineStyle><PolyStyle><fill>0</fill></PolyStyle></Style>
	<ExtendedData><SchemaData schemaUrl="#Final_zoning_delhi">
		<SimpleData name="tessellate">-1</SimpleData>
		<SimpleData name="extrude">0</SimpleData>
		<SimpleData name="visibility">-1</SimpleData>
		<SimpleData name="Ward_Name">SARITA VIHAR</SimpleData>
		<SimpleData name="Ward_No">208</SimpleData>
		<SimpleData name="internal">0</SimpleData>
		<SimpleData name="Zone_no">273</SimpleData>
		<SimpleData name="ycoord">3158935.844</SimpleData>
	</SchemaData></ExtendedData>
      <Polygon><outerBoundaryIs><LinearRing><coordinates>77.293409615,28.551397878,0 77.2949726830001,28.5487386790001,0 77.2960506620001,28.5491647860001,0 77.2964010050001,28.5491332230001,0 77.2964099880001,28.54937784,0 77.295844049,28.5503799730001,0 77.298107804,28.5512321730001,0 77.299769687,28.5481863140001,0 77.29929358,28.548359915,0 77.2989342540001,28.5480916230001,0 77.2982156020001,28.5479653680001,0 77.2968142300001,28.5474051080001,0 77.2999763,28.5418023500001,0 77.3008656320001,28.5421258970001,0 77.3011351260001,28.54158139,0 77.304072617,28.5425599230001,0 77.3052943260001,28.5424967920001,0 77.305321276,28.5429387080001,0 77.3066956980001,28.5433569480001,0 77.3071718050001,28.542907143,0 77.307917407,28.5426704020001,0 77.3091570820001,28.544193422,0 77.3102530260001,28.5435305560001,0 77.3113938870001,28.545156149,0 77.3126874610001,28.546268798,0 77.3175832790001,28.5496776910001,0 77.3182929480001,28.54865977,0 77.3190834660001,28.5470184480001,0 77.3198111010001,28.544232879,0 77.3197572020001,28.543759403,0 77.3201614440001,28.542694076,0 77.320826197,28.5420706580001,0 77.3235480930001,28.54114736,0 77.324644037,28.540531824,0 77.3260454090001,28.53964797,0 77.32701559,28.538819351,0 77.322236552,28.5361203750001,0 77.3173856500001,28.5340526910001,0 77.3170173410001,28.533729119,0 77.3151937600001,28.5332792720001,0 77.314924266,28.5326005530001,0 77.314016967,28.5327110430001,0 77.311411853,28.532640014,0 77.3111872740001,28.532805748,0 77.310836931,28.5336817670001,0 77.3096062390001,28.5338711750001,0 77.3091211490001,28.5338080390001,0 77.307351468,28.533034618,0 77.3056356860001,28.532063888,0 77.304369061,28.531977075,0 77.3034707460001,28.5317482020001,0 77.302302936,28.5322611920001,0 77.301997509,28.5322138390001,0 77.302069374,28.5311641800001,0 77.3031653190001,28.5308563830001,0 77.303291083,28.530509124,0 77.30379414,28.5279677840001,0 77.3042971960001,28.527107503,0 77.304063634,28.5265550250001,0 77.303668375,28.5261209330001,0 77.302716161,28.525465846,0 77.302401751,28.5263340330001,0 77.3020873400001,28.5262708920001,0 77.301907677,28.526760231,0 77.3015393680001,28.5268786190001,0 77.3014136040001,28.526389281,0 77.300820716,28.526136718,0 77.3009374970001,28.5259946520001,0 77.3000661310001,28.5252053880001,0 77.3001918950001,28.525055428,0 77.2998505350001,28.52482654,0 77.3002547770001,28.5245029390001,0 77.299230698,28.523761021,0 77.2986378100001,28.5240451610001,0 77.2978113600001,28.5235163450001,0 77.298817473,28.522600778,0 77.296724398,28.5219772400001,0 77.2963381230001,28.52173256,0 77.295367942,28.5215431300001,0 77.29516133,28.522537635,0 77.2934185980001,28.522561313,0 77.292259771,28.5248186470001,0 77.2918734960001,28.524692364,0 77.2911817930001,28.5256789470001,0 77.2898073710001,28.5252685300001,0 77.288971937,28.5255526650001,0 77.28866651,28.5254974160001,0 77.281084729,28.5393323070001,0 77.2824142360001,28.5394506810001,0 77.2828993260001,28.5398373680001,0 77.284839687,28.5407291110001,0 77.2850642660001,28.5409816390001,0 77.2852349460001,28.541391995,0 77.2851271480001,28.5418654810001,0 77.284165951,28.544059271,0 77.283564079,28.5437830770001,0 77.2830071240001,28.5442092050001,0 77.2834113660001,28.544390703,0 77.2847139230001,28.548281005,0 77.28484867,28.548501951,0 77.2856930870001,28.5487544600001,0 77.285252912,28.549559329,0 77.2855134230001,28.5498276170001,0 77.2855763060001,28.5501827030001,0 77.2866183510001,28.5506719310001,0 77.28686988,28.550056451,0 77.2876603970001,28.5504825530001,0 77.2879388750001,28.550324737,0 77.2902116120001,28.55141366,0 77.290903315,28.550324737,0 77.2932119850001,28.55141366,0 77.293409615,28.551397878,0</coordinates></LinearRing></outerBoundaryIs></Polygon>
  </Placemark>
  <Placemark>
	<Style><LineStyle><color>ff0000ff</color></LineStyle><PolyStyle><fill>0</fill></PolyStyle></Style>
	<ExtendedData><SchemaData schemaUrl="#Final_zoning_delhi">
		<SimpleData name="tessellate">-1</SimpleData>
		<SimpleData name="extrude">0</SimpleData>
		<SimpleData name="visibility">-1</SimpleData>
		<SimpleData name="Ward_Name">GHONDLI</SimpleData>
		<SimpleData name="Ward_No">231</SimpleData>
		<SimpleData name="internal">0</SimpleData>
		<SimpleData name="Zone_no">171</SimpleData>
		<SimpleData name="ycoord">3171296.938</SimpleData>
	</SchemaData></ExtendedData>
      <Polygon><outerBoundaryIs><LinearRing><coordinates>77.2853247770001,28.6552513130001,0 77.284130018,28.6530046610001,0 77.2838425570001,28.652996778,0 77.2839144220001,28.652681455,0 77.2842827320001,28.6525789740001,0 77.2841929,28.6524449620001,0 77.2843456140001,28.6523661300001,0 77.284776805,28.6530283110001,0 77.285082232,28.652910064,0 77.2853068110001,28.652799701,0 77.2852259630001,28.6522794160001,0 77.285387659,28.652271533,0 77.2853607100001,28.6510181080001,0 77.2841839170001,28.651199422,0 77.2841569670001,28.650135183,0 77.2843456140001,28.6501036500001,0 77.2842917150001,28.647510015,0 77.284058153,28.6468083820001,0 77.2882532850001,28.64673743,0 77.2910111130001,28.6439702700001,0 77.2909482310001,28.643781059,0 77.2814620220001,28.643300148,0 77.2808242180001,28.6441358280001,0 77.2793060650001,28.645239546,0 77.2790455530001,28.645570659,0 77.278955722,28.64596484,0 77.2793060650001,28.647880538,0 77.279261149,28.6483535450001,0 77.2783808,28.6509471590001,0 77.276143995,28.6559923040001,0 77.2772758720001,28.6565125700001,0 77.277760963,28.6565519850001,0 77.279359964,28.657135311,0 77.2796743740001,28.6565125700001,0 77.2802492960001,28.656268203,0 77.2805906560001,28.6564022110001,0 77.281183544,28.655448386,0 77.281524904,28.6554878,0 77.2817854150001,28.655881944,0 77.2823962690001,28.6558740610001,0 77.2824232190001,28.6555429800001,0 77.283186787,28.655448386,0 77.2834472980001,28.6555823950001,0 77.2853247770001,28.6552513130001,0</coordinates></LinearRing></outerBoundaryIs></Polygon>
  </Placemark>
  <Placemark>
	<Style><LineStyle><color>ff0000ff</color></LineStyle><PolyStyle><fill>0</fill></PolyStyle></Style>
	<ExtendedData><SchemaData schemaUrl="#Final_zoning_delhi">
		<SimpleData name="tessellate">-1</SimpleData>
		<SimpleData name="extrude">0</SimpleData>
		<SimpleData name="visibility">-1</SimpleData>
		<SimpleData name="Ward_Name">ANARKALI</SimpleData>
		<SimpleData name="Ward_No">232</SimpleData>
		<SimpleData name="internal">0</SimpleData>
		<SimpleData name="Zone_no">168</SimpleData>
		<SimpleData name="ycoord">3171379.987</SimpleData>
	</SchemaData></ExtendedData>
      <Polygon><outerBoundaryIs><LinearRing><coordinates>77.292556215,28.653075609,0 77.2932479180001,28.65089986,0 77.293706059,28.6499459840001,0 77.2963021900001,28.6468872180001,0 77.2956643860001,28.6465245740001,0 77.2924484170001,28.64638267,0 77.2922687540001,28.6460042580001,0 77.291370439,28.64596484,0 77.2900319490001,28.644939967,0 77.2882532850001,28.64673743,0 77.284058153,28.6468083820001,0 77.2842917150001,28.647510015,0 77.2843456140001,28.6501036500001,0 77.2841569670001,28.650135183,0 77.2841839170001,28.651199422,0 77.2853607100001,28.6510181080001,0 77.285387659,28.652271533,0 77.2852259630001,28.6522794160001,0 77.2853068110001,28.652799701,0 77.285082232,28.652910064,0 77.284776805,28.6530283110001,0 77.2843456140001,28.6523661300001,0 77.2841929,28.6524449620001,0 77.2842827320001,28.6525789740001,0 77.2839144220001,28.652681455,0 77.2838425570001,28.652996778,0 77.284130018,28.6530046610001,0 77.2853247770001,28.6552513130001,0 77.285558339,28.655204016,0 77.285648171,28.655519332,0 77.286609368,28.655077889,0 77.2884868470001,28.6545260840001,0 77.2884868470001,28.654738923,0 77.2906068710001,28.6550305920001,0 77.2917297650001,28.6556533410001,0 77.292556215,28.653075609,0</coordinates></LinearRing></outerBoundaryIs></Polygon>
  </Placemark>
  <Placemark>
	<Style><LineStyle><color>ff0000ff</color></LineStyle><PolyStyle><fill>0</fill></PolyStyle></Style>
	<ExtendedData><SchemaData schemaUrl="#Final_zoning_delhi">
		<SimpleData name="tessellate">-1</SimpleData>
		<SimpleData name="extrude">0</SimpleData>
		<SimpleData name="visibility">-1</SimpleData>
		<SimpleData name="Ward_Name">GANDHI NAGAR</SimpleData>
		<SimpleData name="Ward_No">234</SimpleData>
		<SimpleData name="internal">0</SimpleData>
		<SimpleData name="Zone_no">149</SimpleData>
		<SimpleData name="ycoord">3172640.677</SimpleData>
	</SchemaData></ExtendedData>
      <Polygon><outerBoundaryIs><LinearRing><coordinates>77.26778068,28.6593109310001,0 77.2639179240001,28.65690671,0 77.26347775,28.656433742,0 77.261663153,28.6552513130001,0 77.2607378880001,28.656835765,0 77.2586987120001,28.6595237610001,0 77.2577105650001,28.660296251,0 77.2557252890001,28.6612421500001,0 77.25498867,28.6612263850001,0 77.2545395120001,28.661896391,0 77.2523745730001,28.6624954530001,0 77.253102208,28.665112363,0 77.2528776290001,28.6653251820001,0 77.257962094,28.667366638,0 77.258240571,28.666862189,0 77.2601809320001,28.667500632,0 77.260540259,28.6664050300001,0 77.2607917870001,28.6664680870001,0 77.260513309,28.6653961210001,0 77.2631363900001,28.665411885,0 77.2630914740001,28.665498589,0 77.2635136820001,28.665648349,0 77.2637023280001,28.6653251820001,0 77.2646545430001,28.665553764,0 77.264906071,28.6654907070001,0 77.2648252230001,28.665151774,0 77.2650677680001,28.665080835,0 77.2650228520001,28.664931074,0 77.2653911610001,28.6649389560001,0 77.2649599700001,28.6637645050001,0 77.2646904750001,28.6637487400001,0 77.264645559,28.66159686,0 77.2642503010001,28.6609268510001,0 77.26778068,28.6593109310001,0</coordinates></LinearRing></outerBoundaryIs></Polygon>
  </Placemark>
  <Placemark>
	<Style><LineStyle><color>ff0000ff</color></LineStyle><PolyStyle><fill>0</fill></PolyStyle></Style>
	<ExtendedData><SchemaData schemaUrl="#Final_zoning_delhi">
		<SimpleData name="tessellate">-1</SimpleData>
		<SimpleData name="extrude">0</SimpleData>
		<SimpleData name="visibility">-1</SimpleData>
		<SimpleData name="Ward_Name">AZAD NAGAR</SimpleData>
		<SimpleData name="Ward_No">235</SimpleData>
		<SimpleData name="internal">0</SimpleData>
		<SimpleData name="Zone_no">142</SimpleData>
		<SimpleData name="ycoord">3173055.460</SimpleData>
	</SchemaData></ExtendedData>
      <Polygon><outerBoundaryIs><LinearRing><coordinates>77.280985914,28.669573573,0 77.2812104930001,28.668919379,0 77.2816506680001,28.6682730630001,0 77.2839144220001,28.665979398,0 77.285315794,28.6641192060001,0 77.2846151080001,28.663693564,0 77.2843096810001,28.6633309790001,0 77.284130018,28.6635043900001,0 77.283662894,28.6632679210001,0 77.283725776,28.662984158,0 77.2828903430001,28.662440276,0 77.2766021360001,28.6602095430001,0 77.27607213,28.6614234460001,0 77.2752816120001,28.6611160300001,0 77.275066017,28.6616362720001,0 77.2744641450001,28.661415564,0 77.274176685,28.6618806270001,0 77.274311432,28.661975216,0 77.2740868530001,28.6626136880001,0 77.274284482,28.662605806,0 77.2743383810001,28.6632600390001,0 77.275811618,28.6633152150001,0 77.275667888,28.6649389560001,0 77.2745988930001,28.664765548,0 77.2734490490001,28.664395084,0 77.272901077,28.6654749420001,0 77.2724070030001,28.665932105,0 77.27242497,28.667484868,0 77.272119543,28.667697681,0 77.2722363240001,28.6691794810001,0 77.2720925930001,28.669983427,0 77.275362461,28.6706060870001,0 77.275667888,28.6704326890001,0 77.276485355,28.6689272610001,0 77.277159091,28.668698686,0 77.280985914,28.669573573,0</coordinates></LinearRing></outerBoundaryIs></Polygon>
  </Placemark>
  <Placemark>
	<Style><LineStyle><color>ff0000ff</color></LineStyle><PolyStyle><fill>0</fill></PolyStyle></Style>
	<ExtendedData><SchemaData schemaUrl="#Final_zoning_delhi">
		<SimpleData name="tessellate">-1</SimpleData>
		<SimpleData name="extrude">0</SimpleData>
		<SimpleData name="visibility">-1</SimpleData>
		<SimpleData name="Ward_Name">RAGHUBAR PURA</SimpleData>
		<SimpleData name="Ward_No">236</SimpleData>
		<SimpleData name="internal">0</SimpleData>
		<SimpleData name="Zone_no">139</SimpleData>
		<SimpleData name="ycoord">3173246.132</SimpleData>
	</SchemaData></ExtendedData>
      <Polygon><outerBoundaryIs><LinearRing><coordinates>77.2700983330001,28.6729075330001,0 77.270691221,28.672765665,0 77.2713829240001,28.672797191,0 77.2752097470001,28.673506531,0 77.2755511070001,28.6722060700001,0 77.2789826710001,28.6727893090001,0 77.2802492960001,28.6728838880001,0 77.280985914,28.669573573,0 77.277159091,28.668698686,0 77.276485355,28.6689272610001,0 77.275667888,28.6704326890001,0 77.275362461,28.6706060870001,0 77.2720925930001,28.669983427,0 77.2722363240001,28.6691794810001,0 77.272119543,28.667697681,0 77.27242497,28.667484868,0 77.2724070030001,28.665932105,0 77.272901077,28.6654749420001,0 77.2734490490001,28.664395084,0 77.2745988930001,28.664765548,0 77.275667888,28.6649389560001,0 77.275811618,28.6633152150001,0 77.2743383810001,28.6632600390001,0 77.274284482,28.662605806,0 77.2740868530001,28.6626136880001,0 77.274311432,28.661975216,0 77.274176685,28.6618806270001,0 77.2744641450001,28.661415564,0 77.275066017,28.6616362720001,0 77.2752816120001,28.6611160300001,0 77.27607213,28.6614234460001,0 77.2766021360001,28.6602095430001,0 77.2721375090001,28.658830091,0 77.2718230990001,28.6588931520001,0 77.271508688,28.659176926,0 77.2710056320001,28.6615101530001,0 77.2705115580001,28.660982028,0 77.2683825510001,28.6596892950001,0 77.267996275,28.6602410730001,0 77.266091847,28.661029323,0 77.266397274,28.661549565,0 77.266639819,28.663480743,0 77.269343748,28.6635753300001,0 77.2687239110001,28.66546706,0 77.2681669550001,28.666263153,0 77.267008129,28.665404003,0 77.2660469310001,28.665553764,0 77.266666769,28.666972538,0 77.2670260950001,28.666862189,0 77.2670799940001,28.667067122,0 77.2671338930001,28.667579452,0 77.2669452470001,28.6676109790001,0 77.2670889770001,28.66838341,0 77.267008129,28.6696051,0 77.2626962150001,28.668801151,0 77.2630914740001,28.670093772,0 77.2642233510001,28.67017259,0 77.265112683,28.670503625,0 77.2644119970001,28.6723794660001,0 77.265139633,28.672458282,0 77.2651306500001,28.6728523620001,0 77.2654270940001,28.6733646640001,0 77.2661726950001,28.673065165,0 77.2663433750001,28.6733646640001,0 77.2666847350001,28.6732227960001,0 77.266810499,28.673427716,0 77.267241691,28.6732937300001,0 77.2674662690001,28.673735095,0 77.2697659570001,28.67284448,0 77.269846805,28.673009994,0 77.2700983330001,28.6729075330001,0</coordinates></LinearRing></outerBoundaryIs></Polygon>
  </Placemark>
  <Placemark>
	<Style><LineStyle><color>ff0000ff</color></LineStyle><PolyStyle><fill>0</fill></PolyStyle></Style>
	<ExtendedData><SchemaData schemaUrl="#Final_zoning_delhi">
		<SimpleData name="tessellate">-1</SimpleData>
		<SimpleData name="extrude">0</SimpleData>
		<SimpleData name="visibility">-1</SimpleData>
		<SimpleData name="Ward_Name">SHAHDARA</SimpleData>
		<SimpleData name="Ward_No">237</SimpleData>
		<SimpleData name="internal">0</SimpleData>
		<SimpleData name="Zone_no">135</SimpleData>
		<SimpleData name="ycoord">3173420.360</SimpleData>
	</SchemaData></ExtendedData>
      <Polygon><outerBoundaryIs><LinearRing><coordinates>77.2934814800001,28.6664838510001,0 77.2861871600001,28.662984158,0 77.2839144220001,28.665979398,0 77.2814081230001,28.6685804580001,0 77.281021847,28.669408054,0 77.2804559080001,28.671890805,0 77.2847229060001,28.6726080330001,0 77.2868519130001,28.672820836,0 77.29279876,28.672939059,0 77.292726895,28.672237597,0 77.291882479,28.6722533600001,0 77.291235692,28.672048438,0 77.2915950180001,28.6713863780001,0 77.2903463600001,28.6706297330001,0 77.290049916,28.6703381070001,0 77.290283478,28.6700622450001,0 77.289960084,28.669888846,0 77.2904451740001,28.669345,0 77.2910829780001,28.6692661810001,0 77.291235692,28.6687223320001,0 77.2926101140001,28.6687617420001,0 77.292735878,28.667697681,0 77.2934814800001,28.6664838510001,0</coordinates></LinearRing></outerBoundaryIs></Polygon>
  </Placemark>
  <Placemark>
	<Style><LineStyle><color>ff0000ff</color></LineStyle><PolyStyle><fill>0</fill></PolyStyle></Style>
	<ExtendedData><SchemaData schemaUrl="#Final_zoning_delhi">
		<SimpleData name="tessellate">-1</SimpleData>
		<SimpleData name="extrude">0</SimpleData>
		<SimpleData name="visibility">-1</SimpleData>
		<SimpleData name="Ward_Name">JHILMIL</SimpleData>
		<SimpleData name="Ward_No">238</SimpleData>
		<SimpleData name="internal">0</SimpleData>
		<SimpleData name="Zone_no">134</SimpleData>
		<SimpleData name="ycoord">3173582.216</SimpleData>
	</SchemaData></ExtendedData>
      <Polygon><outerBoundaryIs><LinearRing><coordinates>77.315409356,28.666247389,0 77.3151757940001,28.6652700070001,0 77.308195884,28.666649374,0 77.30342583,28.6666809020001,0 77.303318032,28.669612982,0 77.3019885260001,28.6701410630001,0 77.3005871540001,28.670204117,0 77.300335626,28.670156827,0 77.3002996930001,28.6697312090001,0 77.2934814800001,28.6664838510001,0 77.292735878,28.667697681,0 77.2926101140001,28.6687617420001,0 77.291235692,28.6687223320001,0 77.2910829780001,28.6692661810001,0 77.2904451740001,28.669345,0 77.289960084,28.669888846,0 77.290283478,28.6700622450001,0 77.290049916,28.6703381070001,0 77.2903463600001,28.6706297330001,0 77.2915950180001,28.6713863780001,0 77.291235692,28.672048438,0 77.291882479,28.6722533600001,0 77.292726895,28.672237597,0 77.29279876,28.672939059,0 77.312840174,28.673262203,0 77.312831191,28.672529217,0 77.3102081110001,28.6724898090001,0 77.310226077,28.6715282480001,0 77.3066238330001,28.6714415500001,0 77.306668748,28.6696051,0 77.314313412,28.6697312090001,0 77.3141427320001,28.668856324,0 77.315409356,28.666247389,0</coordinates></LinearRing></outerBoundaryIs></Polygon>
  </Placemark>
  <Placemark>
	<Style><LineStyle><color>ff0000ff</color></LineStyle><PolyStyle><fill>0</fill></PolyStyle></Style>
	<ExtendedData><SchemaData schemaUrl="#Final_zoning_delhi">
		<SimpleData name="tessellate">-1</SimpleData>
		<SimpleData name="extrude">0</SimpleData>
		<SimpleData name="visibility">-1</SimpleData>
		<SimpleData name="Ward_Name">VIVEK VIHAR</SimpleData>
		<SimpleData name="Ward_No">239</SimpleData>
		<SimpleData name="internal">0</SimpleData>
		<SimpleData name="Zone_no">127</SimpleData>
		<SimpleData name="ycoord">3174141.580</SimpleData>
	</SchemaData></ExtendedData>
      <Polygon><outerBoundaryIs><LinearRing><coordinates>77.322038923,28.677825522,0 77.3220838390001,28.676280794,0 77.323215716,28.676312319,0 77.323970301,28.676194099,0 77.3240421660001,28.6753902,0 77.323898436,28.674405022,0 77.3240780990001,28.6740582370001,0 77.324096065,28.6734671240001,0 77.3239074190001,28.6734671240001,0 77.3230989350001,28.670834658,0 77.323260632,28.6707873670001,0 77.323485211,28.6701252990001,0 77.323458261,28.669620864,0 77.3238175870001,28.66884056,0 77.3236738570001,28.6686592770001,0 77.3233414800001,28.6686198670001,0 77.3233145310001,28.6677686190001,0 77.3230360530001,28.6677686190001,0 77.3230450360001,28.667603097,0 77.320610602,28.6680129590001,0 77.3197841520001,28.667942022,0 77.3154273220001,28.666207978,0 77.3141427320001,28.668856324,0 77.314313412,28.6697312090001,0 77.306668748,28.6696051,0 77.3066238330001,28.6714415500001,0 77.310226077,28.6715282480001,0 77.3102081110001,28.6724898090001,0 77.312831191,28.672529217,0 77.312840174,28.673262203,0 77.29712864,28.6730021120001,0 77.2985030630001,28.673538057,0 77.2992756140001,28.674144933,0 77.2998146030001,28.675004012,0 77.2999493500001,28.675666049,0 77.3032461670001,28.6756502860001,0 77.3031743020001,28.6776915410001,0 77.3076299460001,28.677817641,0 77.3077826590001,28.6780304330001,0 77.319299061,28.684122417,0 77.3212753550001,28.68124591,0 77.32017941,28.6806705990001,0 77.3216077320001,28.678653045,0 77.3221646870001,28.678361442,0 77.322038923,28.677825522,0</coordinates></LinearRing></outerBoundaryIs></Polygon>
  </Placemark>
  <Placemark>
	<Style><LineStyle><color>ff0000ff</color></LineStyle><PolyStyle><fill>0</fill></PolyStyle></Style>
	<ExtendedData><SchemaData schemaUrl="#Final_zoning_delhi">
		<SimpleData name="tessellate">-1</SimpleData>
		<SimpleData name="extrude">0</SimpleData>
		<SimpleData name="visibility">-1</SimpleData>
		<SimpleData name="Ward_Name">DILSHAD COLONY</SimpleData>
		<SimpleData name="Ward_No">240</SimpleData>
		<SimpleData name="internal">0</SimpleData>
		<SimpleData name="Zone_no">114</SimpleData>
		<SimpleData name="ycoord">3174923.452</SimpleData>
	</SchemaData></ExtendedData>
      <Polygon><outerBoundaryIs><LinearRing><coordinates>77.3256321840001,28.6851784300001,0 77.3258837120001,28.6848316800001,0 77.3288840850001,28.686407805,0 77.3315071660001,28.6825935430001,0 77.3321359870001,28.6829718230001,0 77.3326480260001,28.682309833,0 77.33245938,28.682112811,0 77.3331421,28.6816478370001,0 77.3306178340001,28.678653045,0 77.330024946,28.678266868,0 77.3294769730001,28.678203819,0 77.3294769730001,28.67794374,0 77.3277971240001,28.677124092,0 77.3254974370001,28.676919179,0 77.324751835,28.67794374,0 77.3236109750001,28.677368411,0 77.3238265700001,28.676335963,0 77.323970301,28.676335963,0 77.323970301,28.676194099,0 77.323215716,28.676312319,0 77.3220838390001,28.676280794,0 77.322038923,28.6781250070001,0 77.3221646870001,28.678361442,0 77.3216077320001,28.678653045,0 77.32017941,28.6806705990001,0 77.3212753550001,28.68124591,0 77.319299061,28.684122417,0 77.32450929,28.6868097120001,0 77.3256321840001,28.6851784300001,0</coordinates></LinearRing></outerBoundaryIs></Polygon>
  </Placemark>
  <Placemark>
	<Style><LineStyle><color>ff0000ff</color></LineStyle><PolyStyle><fill>0</fill></PolyStyle></Style>
	<ExtendedData><SchemaData schemaUrl="#Final_zoning_delhi">
		<SimpleData name="tessellate">-1</SimpleData>
		<SimpleData name="extrude">0</SimpleData>
		<SimpleData name="visibility">-1</SimpleData>
		<SimpleData name="Ward_Name">PUNJABI BAGH</SimpleData>
		<SimpleData name="Ward_No">103</SimpleData>
		<SimpleData name="internal">0</SimpleData>
		<SimpleData name="Zone_no">141</SimpleData>
		<SimpleData name="ycoord">3173078.977</SimpleData>
	</SchemaData></ExtendedData>
      <Polygon><outerBoundaryIs><LinearRing><coordinates>77.1401031280001,28.67375874,0 77.1386298910001,28.67039328,0 77.1380100540001,28.669589337,0 77.1364469850001,28.6682336540001,0 77.1375968290001,28.6676188610001,0 77.1380459860001,28.667232644,0 77.13785734,28.6672168800001,0 77.1304911550001,28.661628389,0 77.128613676,28.660390841,0 77.1277063780001,28.660091305,0 77.1264936520001,28.6593503440001,0 77.1251821120001,28.658932565,0 77.1238975210001,28.6588931520001,0 77.1225680140001,28.659303048,0 77.1215529180001,28.6597996510001,0 77.120187479,28.6608795560001,0 77.118426781,28.661912156,0 77.1176362630001,28.6620303920001,0 77.1163696390001,28.661912156,0 77.1167199820001,28.6632994500001,0 77.1150940310001,28.663520154,0 77.1153275930001,28.6649783670001,0 77.115722852,28.664915309,0 77.115920481,28.666034573,0 77.1161360770001,28.6660109260001,0 77.1163516720001,28.667145942,0 77.1160462450001,28.6672011160001,0 77.116639133,28.6705587970001,0 77.117959657,28.670369635,0 77.117959657,28.6721587810001,0 77.118804073,28.6764699450001,0 77.1401031280001,28.67375874,0</coordinates></LinearRing></outerBoundaryIs></Polygon>
  </Placemark>
  <Placemark>
	<Style><LineStyle><color>ff0000ff</color></LineStyle><PolyStyle><fill>0</fill></PolyStyle></Style>
	<ExtendedData><SchemaData schemaUrl="#Final_zoning_delhi">
		<SimpleData name="tessellate">-1</SimpleData>
		<SimpleData name="extrude">0</SimpleData>
		<SimpleData name="visibility">-1</SimpleData>
		<SimpleData name="Ward_Name">NEW RANJIT NAGAR</SimpleData>
		<SimpleData name="Ward_No">96</SimpleData>
		<SimpleData name="internal">0</SimpleData>
		<SimpleData name="Zone_no">176</SimpleData>
		<SimpleData name="ycoord">3170919.241</SimpleData>
	</SchemaData></ExtendedData>
      <Polygon><outerBoundaryIs><LinearRing><coordinates>77.1647349340001,28.6523030650001,0 77.166450716,28.6512861370001,0 77.1640432310001,28.6481801090001,0 77.1681036160001,28.6457440990001,0 77.1672412330001,28.6446798050001,0 77.1673400480001,28.6446167350001,0 77.1671783510001,28.6443171540001,0 77.166666311,28.644474829,0 77.165309855,28.643181891,0 77.159919964,28.6445694330001,0 77.1534341270001,28.6497331350001,0 77.153353279,28.650001167,0 77.155185842,28.6509471590001,0 77.1571262030001,28.6522872990001,0 77.1595247050001,28.6508210270001,0 77.1600367450001,28.651506867,0 77.16110574,28.6508604430001,0 77.163037118,28.6533199840001,0 77.1647349340001,28.6523030650001,0</coordinates></LinearRing></outerBoundaryIs></Polygon>
  </Placemark>
  <Placemark>
	<Style><LineStyle><color>ff0000ff</color></LineStyle><PolyStyle><fill>0</fill></PolyStyle></Style>
	<ExtendedData><SchemaData schemaUrl="#Final_zoning_delhi">
		<SimpleData name="tessellate">-1</SimpleData>
		<SimpleData name="extrude">0</SimpleData>
		<SimpleData name="visibility">-1</SimpleData>
		<SimpleData name="Ward_Name">KIRTI NAGAR</SimpleData>
		<SimpleData name="Ward_No">97</SimpleData>
		<SimpleData name="internal">0</SimpleData>
		<SimpleData name="Zone_no">160</SimpleData>
		<SimpleData name="ycoord">3171620.923</SimpleData>
	</SchemaData></ExtendedData>
      <Polygon><outerBoundaryIs><LinearRing><coordinates>77.1564165340001,28.660706142,0 77.1523920820001,28.65513307,0 77.142250102,28.643339568,0 77.1398965160001,28.645893888,0 77.138396329,28.6444827120001,0 77.1380459860001,28.644829595,0 77.137048856,28.644837479,0 77.136941059,28.6452631970001,0 77.1366895300001,28.6454681720001,0 77.1360696930001,28.6458229350001,0 77.1346503550001,28.646248649,0 77.1315691330001,28.6464930400001,0 77.129628772,28.6522478840001,0 77.1344167930001,28.6534934110001,0 77.1343808600001,28.6539033280001,0 77.1356744340001,28.6551803670001,0 77.137785475,28.658404428,0 77.136976991,28.6588064430001,0 77.1367613960001,28.658782795,0 77.135854097,28.6593818740001,0 77.1337879720001,28.660375076,0 77.1334376290001,28.658554198,0 77.1332310170001,28.658365014,0 77.1319194760001,28.6578920530001,0 77.1320452400001,28.6581127690001,0 77.13173083,28.658467489,0 77.1324584650001,28.6591375130001,0 77.131227773,28.6603671940001,0 77.129934199,28.6612736800001,0 77.13785734,28.6672168800001,0 77.1380459860001,28.667232644,0 77.1384592110001,28.6667912510001,0 77.1422411190001,28.661399799,0 77.1435706250001,28.660296251,0 77.1454121720001,28.6593582260001,0 77.147604061,28.6605563740001,0 77.1507032490001,28.6614392110001,0 77.1516734290001,28.6598311810001,0 77.1553924550001,28.6619358040001,0 77.1564165340001,28.660706142,0</coordinates></LinearRing></outerBoundaryIs></Polygon>
  </Placemark>
  <Placemark>
	<Style><LineStyle><color>ff0000ff</color></LineStyle><PolyStyle><fill>0</fill></PolyStyle></Style>
	<ExtendedData><SchemaData schemaUrl="#Final_zoning_delhi">
		<SimpleData name="tessellate">-1</SimpleData>
		<SimpleData name="extrude">0</SimpleData>
		<SimpleData name="visibility">-1</SimpleData>
		<SimpleData name="Ward_Name">MANSAROWER GARDEN</SimpleData>
		<SimpleData name="Ward_No">98</SimpleData>
		<SimpleData name="internal">0</SimpleData>
		<SimpleData name="Zone_no">187</SimpleData>
		<SimpleData name="ycoord">3170227.348</SimpleData>
	</SchemaData></ExtendedData>
      <Polygon><outerBoundaryIs><LinearRing><coordinates>77.1422141690001,28.6433789870001,0 77.132278802,28.631544739,0 77.1250383810001,28.6502534320001,0 77.1272212870001,28.6515226330001,0 77.129628772,28.6522478840001,0 77.1315691330001,28.6464930400001,0 77.1346503550001,28.646248649,0 77.1360696930001,28.6458229350001,0 77.1366895300001,28.6454681720001,0 77.136941059,28.6452631970001,0 77.137048856,28.644837479,0 77.1380459860001,28.644829595,0 77.138396329,28.6444827120001,0 77.1398965160001,28.645893888,0 77.1422141690001,28.6433789870001,0</coordinates></LinearRing></outerBoundaryIs></Polygon>
  </Placemark>
  <Placemark>
	<Style><LineStyle><color>ff0000ff</color></LineStyle><PolyStyle><fill>0</fill></PolyStyle></Style>
	<ExtendedData><SchemaData schemaUrl="#Final_zoning_delhi">
		<SimpleData name="tessellate">-1</SimpleData>
		<SimpleData name="extrude">0</SimpleData>
		<SimpleData name="visibility">-1</SimpleData>
		<SimpleData name="Ward_Name">HASTSAL</SimpleData>
		<SimpleData name="Ward_No">122</SimpleData>
		<SimpleData name="internal">0</SimpleData>
		<SimpleData name="Zone_no">186</SimpleData>
		<SimpleData name="ycoord">3170327.249</SimpleData>
	</SchemaData></ExtendedData>
      <Polygon><outerBoundaryIs><LinearRing><coordinates>77.0307961250001,28.6606982590001,0 77.0301762870001,28.658830091,0 77.0297720450001,28.6559923040001,0 77.0304188320001,28.6560001870001,0 77.030400866,28.6511363560001,0 77.0273106610001,28.649575468,0 77.0213458480001,28.6460830940001,0 77.0213458480001,28.645625845,0 77.0227292530001,28.645617961,0 77.022684338,28.6446719210001,0 77.0240587600001,28.6446482700001,0 77.0240587600001,28.6444511770001,0 77.024175541,28.64443541,0 77.0250738560001,28.6444275260001,0 77.0251008060001,28.644553666,0 77.0289276290001,28.6425748360001,0 77.0308590070001,28.64384413,0 77.0343444700001,28.646839916,0 77.0363477130001,28.6482037590001,0 77.036383646,28.6470527720001,0 77.0387821480001,28.6470370050001,0 77.038755198,28.6459254220001,0 77.0403901320001,28.645893888,0 77.040417081,28.6468872180001,0 77.0401745360001,28.647021238,0 77.0401745360001,28.648069741,0 77.0396984290001,28.648069741,0 77.0397253790001,28.6495439350001,0 77.041405228,28.649977517,0 77.0415759080001,28.649599118,0 77.042608971,28.64857428,0 77.04348932,28.64713949,0 77.0456901920001,28.6471316070001,0 77.0456812090001,28.6466585950001,0 77.046840036,28.646642828,0 77.0468310530001,28.645815052,0 77.047522755,28.645815052,0 77.0475047890001,28.643631268,0 77.0477742840001,28.643631268,0 77.0477742840001,28.6431976590001,0 77.0468580020001,28.643213427,0 77.0466244400001,28.642882306,0 77.0480527610001,28.641463206,0 77.0478820810001,28.64147109,0 77.047864115,28.640335797,0 77.046345962,28.6403515650001,0 77.04631003,28.637678846,0 77.0449625570001,28.6377024990001,0 77.0449445900001,28.6368746520001,0 77.0442978030001,28.636890421,0 77.044279837,28.635928533,0 77.042186762,28.635952187,0 77.0421687960001,28.6350375970001,0 77.0406416600001,28.6350454820001,0 77.040614711,28.6339653100001,0 77.0396535130001,28.6339731950001,0 77.039608598,28.631284544,0 77.0381982430001,28.63127666,0 77.038180276,28.6305197250001,0 77.035584145,28.630488186,0 77.0349104090001,28.6290137240001,0 77.032161564,28.629762785,0 77.031613592,28.630086062,0 77.029655264,28.631592047,0 77.0269693020001,28.6343753040001,0 77.024274356,28.6343910730001,0 77.0244899510001,28.633571084,0 77.0242923220001,28.632577628,0 77.0218129720001,28.628856027,0 77.0214446630001,28.6267034300001,0 77.0195492170001,28.6268453610001,0 77.0178603850001,28.627200187,0 77.016324265,28.6271607620001,0 77.015300186,28.626537844,0 77.0151923880001,28.6282567740001,0 77.011410481,28.628311968,0 77.0116350600001,28.6397760290001,0 77.0068290730001,28.639831218,0 77.006909921,28.64248023,0 77.0082124780001,28.6424881140001,0 77.0084280740001,28.651506867,0 77.0043497230001,28.652957363,0 77.0036490370001,28.6525789740001,0 77.0037119190001,28.6567175230001,0 77.007314163,28.659421287,0 77.0164320630001,28.659334578,0 77.0160368050001,28.6608480260001,0 77.0166296930001,28.6608716740001,0 77.016665625,28.6619988630001,0 77.0181927610001,28.6620540390001,0 77.0182017440001,28.662511217,0 77.0194234530001,28.6625348640001,0 77.019432436,28.663031452,0 77.0215075450001,28.6630393340001,0 77.0215524600001,28.66568776,0 77.022280096,28.66568776,0 77.0222890790001,28.665853284,0 77.022585523,28.666003044,0 77.022612472,28.6662552710001,0 77.0252086040001,28.666231625,0 77.024507918,28.664576375,0 77.0270591330001,28.664576375,0 77.0270321840001,28.6640325020001,0 77.0283886400001,28.664000973,0 77.0283527070001,28.662408747,0 77.0303110340001,28.662392982,0 77.0301852700001,28.6612579150001,0 77.0306254450001,28.6612579150001,0 77.030607478,28.6608795560001,0 77.0307961250001,28.6606982590001,0</coordinates></LinearRing></outerBoundaryIs></Polygon>
  </Placemark>
  <Placemark>
	<Style><LineStyle><color>ff0000ff</color></LineStyle><PolyStyle><fill>0</fill></PolyStyle></Style>
	<ExtendedData><SchemaData schemaUrl="#Final_zoning_delhi">
		<SimpleData name="tessellate">-1</SimpleData>
		<SimpleData name="extrude">0</SimpleData>
		<SimpleData name="visibility">-1</SimpleData>
		<SimpleData name="Ward_Name">SANGAM PARK</SimpleData>
		<SimpleData name="Ward_No">71</SimpleData>
		<SimpleData name="internal">0</SimpleData>
		<SimpleData name="Zone_no">82</SimpleData>
		<SimpleData name="ycoord">3176555.308</SimpleData>
	</SchemaData></ExtendedData>
      <Polygon><outerBoundaryIs><LinearRing><coordinates>77.1920886340001,28.6906632210001,0 77.1904896330001,28.6903952930001,0 77.1904986160001,28.6900170390001,0 77.189878778,28.688921673,0 77.185512966,28.690820826,0 77.1815693620001,28.698488008,0 77.17555065,28.705051552,0 77.1756494640001,28.7055085420001,0 77.17555065,28.705634608,0 77.176574729,28.7070922340001,0 77.1767723580001,28.707005565,0 77.177625758,28.707801342,0 77.1780569490001,28.7079116470001,0 77.1819736040001,28.7029793130001,0 77.1828539530001,28.7036411730001,0 77.1821802160001,28.70439758,0 77.1844529540001,28.705941893,0 77.186519079,28.7034363120001,0 77.1861328040001,28.703333882,0 77.186761624,28.701765892,0 77.1837612510001,28.700702167,0 77.1920886340001,28.6906632210001,0</coordinates></LinearRing></outerBoundaryIs></Polygon>
  </Placemark>
  <Placemark>
	<Style><LineStyle><color>ff0000ff</color></LineStyle><PolyStyle><fill>0</fill></PolyStyle></Style>
	<ExtendedData><SchemaData schemaUrl="#Final_zoning_delhi">
		<SimpleData name="tessellate">-1</SimpleData>
		<SimpleData name="extrude">0</SimpleData>
		<SimpleData name="visibility">-1</SimpleData>
		<SimpleData name="Ward_Name">MODEL TOWN</SimpleData>
		<SimpleData name="Ward_No">72</SimpleData>
		<SimpleData name="internal">0</SimpleData>
		<SimpleData name="Zone_no">75</SimpleData>
		<SimpleData name="ycoord">3176929.712</SimpleData>
	</SchemaData></ExtendedData>
      <Polygon><outerBoundaryIs><LinearRing><coordinates>77.1955201980001,28.7094322720001,0 77.1952327370001,28.7022780520001,0 77.2046740310001,28.6988110730001,0 77.2040631770001,28.6949421050001,0 77.202769603,28.6953361,0 77.2016287420001,28.6931533480001,0 77.2011616180001,28.6928223850001,0 77.1947386640001,28.6952967,0 77.194307473,28.6937916300001,0 77.1922593140001,28.690434694,0 77.1837612510001,28.700702167,0 77.186761624,28.701765892,0 77.1861328040001,28.703333882,0 77.186519079,28.7034363120001,0 77.1856566970001,28.7045630430001,0 77.1844529540001,28.705941893,0 77.1821802160001,28.70439758,0 77.1828539530001,28.7036411730001,0 77.1819736040001,28.7029793130001,0 77.1781198310001,28.707801342,0 77.1781557640001,28.707998316,0 77.1777694880001,28.708313473,0 77.178604922,28.709101361,0 77.1791528940001,28.7089674200001,0 77.179413405,28.709274695,0 77.180401552,28.7096292430001,0 77.1809315580001,28.7096765150001,0 77.1834737900001,28.71146499,0 77.1843361730001,28.711717107,0 77.185270421,28.7116383210001,0 77.1853602520001,28.711827408,0 77.1862585680001,28.7115989270001,0 77.1865100960001,28.711898316,0 77.189744031,28.710645605,0 77.1955201980001,28.7094322720001,0</coordinates></LinearRing></outerBoundaryIs></Polygon>
  </Placemark>
  <Placemark>
	<Style><LineStyle><color>ff0000ff</color></LineStyle><PolyStyle><fill>0</fill></PolyStyle></Style>
	<ExtendedData><SchemaData schemaUrl="#Final_zoning_delhi">
		<SimpleData name="tessellate">-1</SimpleData>
		<SimpleData name="extrude">0</SimpleData>
		<SimpleData name="visibility">-1</SimpleData>
		<SimpleData name="Ward_Name">KAMLA NAGAR</SimpleData>
		<SimpleData name="Ward_No">69</SimpleData>
		<SimpleData name="internal">0</SimpleData>
		<SimpleData name="Zone_no">124</SimpleData>
		<SimpleData name="ycoord">3174278.748</SimpleData>
	</SchemaData></ExtendedData>
      <Polygon><outerBoundaryIs><LinearRing><coordinates>77.2078540670001,28.678258987,0 77.204934543,28.677644254,0 77.2025899400001,28.6764384200001,0 77.2026528220001,28.6762650310001,0 77.202464175,28.6762335060001,0 77.201655692,28.675145877,0 77.201781456,28.672623796,0 77.2006226290001,28.6715518930001,0 77.2006316120001,28.671283916,0 77.199616516,28.6696287460001,0 77.1954483330001,28.672308532,0 77.1947656130001,28.6720642010001,0 77.1942266240001,28.6729469410001,0 77.194037978,28.6728838880001,0 77.194037978,28.673333137,0 77.193705601,28.6738533180001,0 77.191801173,28.6744917180001,0 77.1914418470001,28.673608991,0 77.1897530140001,28.6742001040001,0 77.1886660530001,28.6717568170001,0 77.1877946870001,28.6721114910001,0 77.1875970580001,28.6733725450001,0 77.1871389170001,28.6738690810001,0 77.1861597530001,28.673987304,0 77.1855938140001,28.673790266,0 77.1852973700001,28.673837555,0 77.1853243200001,28.674176459,0 77.1844529540001,28.674483837,0 77.184596684,28.6748621460001,0 77.1824137780001,28.6757606250001,0 77.181614278,28.675918252,0 77.181749025,28.6763753700001,0 77.1799434110001,28.6768403660001,0 77.1803566360001,28.678400848,0 77.180087142,28.6790628640001,0 77.182530559,28.6797406380001,0 77.186528062,28.6811592190001,0 77.1905345490001,28.682309833,0 77.1910825210001,28.6822861900001,0 77.196508345,28.684075132,0 77.198206161,28.6818763840001,0 77.1987541330001,28.6817975750001,0 77.2027875690001,28.6844297650001,0 77.203146895,28.684445526,0 77.2065065940001,28.6825699010001,0 77.2085727190001,28.680142571,0 77.2080696630001,28.678519066,0 77.2078540670001,28.678258987,0</coordinates></LinearRing></outerBoundaryIs></Polygon>
  </Placemark>
  <Placemark>
	<Style><LineStyle><color>ff0000ff</color></LineStyle><PolyStyle><fill>0</fill></PolyStyle></Style>
	<ExtendedData><SchemaData schemaUrl="#Final_zoning_delhi">
		<SimpleData name="tessellate">-1</SimpleData>
		<SimpleData name="extrude">0</SimpleData>
		<SimpleData name="visibility">-1</SimpleData>
		<SimpleData name="Ward_Name">INDER LOK COLONY</SimpleData>
		<SimpleData name="Ward_No">74</SimpleData>
		<SimpleData name="internal">0</SimpleData>
		<SimpleData name="Zone_no">144</SimpleData>
		<SimpleData name="ycoord">3172947.509</SimpleData>
	</SchemaData></ExtendedData>
      <Polygon><outerBoundaryIs><LinearRing><coordinates>77.189034362,28.6693292360001,0 77.18845944,28.6672957,0 77.18845944,28.6670592400001,0 77.1887828340001,28.6670592400001,0 77.1888008,28.666917363,0 77.1884953730001,28.66502566,0 77.187839603,28.66513601,0 77.1873455290001,28.663449214,0 77.1853961850001,28.664000973,0 77.1849470270001,28.6628028640001,0 77.183006666,28.663709329,0 77.180769861,28.6644029660001,0 77.1805183330001,28.663567448,0 77.181210036,28.663338862,0 77.1805901980001,28.6630787460001,0 77.181210036,28.661060853,0 77.1811291870001,28.6603829590001,0 77.1807968110001,28.660217426,0 77.1798356130001,28.66010707,0 77.179718832,28.6589089170001,0 77.1794942540001,28.658703969,0 77.1789552640001,28.658601494,0 77.177185583,28.6586882030001,0 77.177113718,28.657490034,0 77.175999807,28.6574506210001,0 77.1759099760001,28.656890945,0 77.1751104750001,28.656433742,0 77.174984711,28.655716404,0 77.1745265700001,28.6547704550001,0 77.1740953790001,28.6544709030001,0 77.173664187,28.654478786,0 77.173161131,28.654612796,0 77.1728287540001,28.655022709,0 77.1728287540001,28.655550863,0 77.1731790970001,28.6560080690001,0 77.1732689290001,28.6572220210001,0 77.1730712990001,28.6574506210001,0 77.172981468,28.658097003,0 77.173161131,28.6585463160001,0 77.1698463480001,28.6596656470001,0 77.1703224550001,28.6603671940001,0 77.170250589,28.6605879040001,0 77.170609916,28.661092383,0 77.1706278820001,28.661691449,0 77.1708434770001,28.661959451,0 77.1706278820001,28.6624481580001,0 77.170178724,28.662645217,0 77.169801432,28.663827563,0 77.1696756680001,28.6638748570001,0 77.169936179,28.6649941310001,0 77.16956787,28.665514353,0 77.169639735,28.6665784360001,0 77.170017027,28.6667281950001,0 77.1716519610001,28.666901599,0 77.173161131,28.6667912510001,0 77.1735384230001,28.666649374,0 77.1735833390001,28.6667360770001,0 77.167160385,28.669021844,0 77.159488772,28.6721193720001,0 77.1610877730001,28.672765665,0 77.1640611970001,28.6735538200001,0 77.1653907040001,28.6742001040001,0 77.1679329360001,28.6758946080001,0 77.1692085440001,28.6733961900001,0 77.169729567,28.672820836,0 77.171463315,28.672458282,0 77.1734396090001,28.67163071,0 77.181551396,28.6700386,0 77.1865011130001,28.6698415550001,0 77.189034362,28.6693292360001,0</coordinates></LinearRing></outerBoundaryIs></Polygon>
  </Placemark>
  <Placemark>
	<Style><LineStyle><color>ff0000ff</color></LineStyle><PolyStyle><fill>0</fill></PolyStyle></Style>
	<ExtendedData><SchemaData schemaUrl="#Final_zoning_delhi">
		<SimpleData name="tessellate">-1</SimpleData>
		<SimpleData name="extrude">0</SimpleData>
		<SimpleData name="visibility">-1</SimpleData>
		<SimpleData name="Ward_Name">KISHAN GANJ</SimpleData>
		<SimpleData name="Ward_No">75</SimpleData>
		<SimpleData name="internal">0</SimpleData>
		<SimpleData name="Zone_no">143</SimpleData>
		<SimpleData name="ycoord">3172992.746</SimpleData>
	</SchemaData></ExtendedData>
      <Polygon><outerBoundaryIs><LinearRing><coordinates>77.2006316120001,28.671283916,0 77.2018443380001,28.6712760340001,0 77.2021767150001,28.6710080560001,0 77.202464175,28.6704326890001,0 77.20073941,28.667926258,0 77.201386197,28.6675558060001,0 77.2009370390001,28.666941009,0 77.200811275,28.6661449220001,0 77.204018261,28.665293653,0 77.1967239410001,28.662322041,0 77.1949362930001,28.6618175670001,0 77.1928791510001,28.6620146280001,0 77.192007786,28.662306276,0 77.191504729,28.661462858,0 77.1898158960001,28.66159686,0 77.1849470270001,28.6628028640001,0 77.1853961850001,28.664000973,0 77.1873455290001,28.663449214,0 77.187839603,28.66513601,0 77.1884953730001,28.66502566,0 77.1888008,28.666917363,0 77.1887828340001,28.6670592400001,0 77.18845944,28.6670592400001,0 77.18845944,28.6672957,0 77.189034362,28.6693292360001,0 77.1919988020001,28.66854893,0 77.194037978,28.6728838880001,0 77.1942266240001,28.6729469410001,0 77.1947656130001,28.6720642010001,0 77.1954483330001,28.672308532,0 77.199616516,28.6696287460001,0 77.2006316120001,28.671283916,0</coordinates></LinearRing></outerBoundaryIs></Polygon>
  </Placemark>
  <Placemark>
	<Style><LineStyle><color>ff0000ff</color></LineStyle><PolyStyle><fill>0</fill></PolyStyle></Style>
	<ExtendedData><SchemaData schemaUrl="#Final_zoning_delhi">
		<SimpleData name="tessellate">-1</SimpleData>
		<SimpleData name="extrude">0</SimpleData>
		<SimpleData name="visibility">-1</SimpleData>
		<SimpleData name="Ward_Name">DEPUTY GANJ</SimpleData>
		<SimpleData name="Ward_No">76</SimpleData>
		<SimpleData name="internal">0</SimpleData>
		<SimpleData name="Zone_no">150</SimpleData>
		<SimpleData name="ycoord">3172638.236</SimpleData>
	</SchemaData></ExtendedData>
      <Polygon><outerBoundaryIs><LinearRing><coordinates>77.20905781,28.666783369,0 77.2081415280001,28.664198029,0 77.2118875030001,28.6629447460001,0 77.2141512570001,28.662984158,0 77.2154807640001,28.6627870990001,0 77.216037719,28.661462858,0 77.2163341630001,28.6613603870001,0 77.216612641,28.6608716740001,0 77.2167204390001,28.6588695040001,0 77.2169629840001,28.6576398060001,0 77.2151124550001,28.6578605220001,0 77.212713953,28.6585147850001,0 77.2122647950001,28.656938241,0 77.2116808900001,28.6570722480001,0 77.207342027,28.6590823350001,0 77.2062011670001,28.659334578,0 77.206461678,28.660406606,0 77.204287756,28.6610529710001,0 77.204997425,28.661707214,0 77.2053567510001,28.6625506290001,0 77.1991583750001,28.662692511,0 77.1982510770001,28.6625663940001,0 77.1980803970001,28.6629289810001,0 77.204018261,28.665293653,0 77.200811275,28.6661449220001,0 77.2009370390001,28.666941009,0 77.201386197,28.6675558060001,0 77.20073941,28.667926258,0 77.202464175,28.6704326890001,0 77.202769603,28.669857318,0 77.2032906260001,28.6694317,0 77.2040092780001,28.669187363,0 77.2058238750001,28.66887997,0 77.2082403430001,28.667067122,0 77.20905781,28.666783369,0</coordinates></LinearRing></outerBoundaryIs></Polygon>
  </Placemark>
  <Placemark>
	<Style><LineStyle><color>ff0000ff</color></LineStyle><PolyStyle><fill>0</fill></PolyStyle></Style>
	<ExtendedData><SchemaData schemaUrl="#Final_zoning_delhi">
		<SimpleData name="tessellate">-1</SimpleData>
		<SimpleData name="extrude">0</SimpleData>
		<SimpleData name="visibility">-1</SimpleData>
		<SimpleData name="Ward_Name">KASHMERE GATE</SimpleData>
		<SimpleData name="Ward_No">77</SimpleData>
		<SimpleData name="internal">0</SimpleData>
		<SimpleData name="Zone_no">133</SimpleData>
		<SimpleData name="ycoord">3173724.140</SimpleData>
	</SchemaData></ExtendedData>
      <Polygon><outerBoundaryIs><LinearRing><coordinates>77.243858544,28.6616520370001,0 77.241280379,28.660706142,0 77.2403461310001,28.6606036690001,0 77.2381811910001,28.6607140240001,0 77.23806441,28.660233191,0 77.2378038990001,28.6600518920001,0 77.232117563,28.660296251,0 77.228901594,28.6601307180001,0 77.22615275,28.6602568380001,0 77.22398781,28.660501196,0 77.223511703,28.6607297890001,0 77.222200162,28.6609268510001,0 77.2208616720001,28.6614234460001,0 77.221274898,28.662999922,0 77.225146636,28.662794982,0 77.2249939230001,28.6634019200001,0 77.2256676590001,28.664127088,0 77.226089867,28.665569528,0 77.2201879360001,28.664576375,0 77.219388435,28.6632442740001,0 77.2164868770001,28.6641586170001,0 77.2149327920001,28.664466024,0 77.2155795790001,28.667051358,0 77.2176007880001,28.6666414920001,0 77.218741648,28.6666809020001,0 77.2236195,28.6677922650001,0 77.227069031,28.6687696230001,0 77.226026985,28.6718119880001,0 77.2255957940001,28.674428666,0 77.2244729,28.678613639,0 77.222775084,28.6812616720001,0 77.22413154,28.6820497640001,0 77.2251825690001,28.682317713,0 77.224940024,28.683523479,0 77.224535782,28.6842327470001,0 77.2241674730001,28.684461288,0 77.222155247,28.684366719,0 77.2220833810001,28.6847765160001,0 77.221355746,28.689252648,0 77.222370842,28.689418136,0 77.2234757700001,28.6893866140001,0 77.223179326,28.690946909,0 77.2248591760001,28.6910020710001,0 77.2253981650001,28.6907026220001,0 77.225550878,28.6921289360001,0 77.2274283570001,28.692097415,0 77.229377701,28.6922865380001,0 77.229503466,28.6902928490001,0 77.2306083930001,28.683555003,0 77.2308419550001,28.6812616720001,0 77.2319019670001,28.676146811,0 77.232351125,28.672915415,0 77.234084873,28.669045489,0 77.235090987,28.6671774700001,0 77.2389896750001,28.6649783670001,0 77.2405168110001,28.6639063860001,0 77.241558857,28.663496508,0 77.2465445060001,28.662731923,0 77.243858544,28.6616520370001,0</coordinates></LinearRing></outerBoundaryIs></Polygon>
  </Placemark>
  <Placemark>
	<Style><LineStyle><color>ff0000ff</color></LineStyle><PolyStyle><fill>0</fill></PolyStyle></Style>
	<ExtendedData><SchemaData schemaUrl="#Final_zoning_delhi">
		<SimpleData name="tessellate">-1</SimpleData>
		<SimpleData name="extrude">0</SimpleData>
		<SimpleData name="visibility">-1</SimpleData>
		<SimpleData name="Ward_Name">MAJNU KA TILA</SimpleData>
		<SimpleData name="Ward_No">78</SimpleData>
		<SimpleData name="internal">0</SimpleData>
		<SimpleData name="Zone_no">120</SimpleData>
		<SimpleData name="ycoord">3174452.289</SimpleData>
	</SchemaData></ExtendedData>
      <Polygon><outerBoundaryIs><LinearRing><coordinates>77.2296561790001,28.7040981700001,0 77.2302400840001,28.704058774,0 77.2303029660001,28.70345995,0 77.2292788870001,28.6993705250001,0 77.2289195610001,28.6965732350001,0 77.2289734600001,28.6956512950001,0 77.2292519370001,28.694650547,0 77.229377701,28.6922865380001,0 77.2274283570001,28.692097415,0 77.225550878,28.6921289360001,0 77.2253981650001,28.6907026220001,0 77.2248591760001,28.6910020710001,0 77.223179326,28.690946909,0 77.2234757700001,28.6893866140001,0 77.222370842,28.689418136,0 77.221355746,28.689252648,0 77.222155247,28.684366719,0 77.2241674730001,28.684461288,0 77.224535782,28.6842327470001,0 77.224940024,28.683523479,0 77.2251825690001,28.682317713,0 77.22413154,28.6820497640001,0 77.222775084,28.6812616720001,0 77.2244729,28.678613639,0 77.2255957940001,28.674428666,0 77.226026985,28.6718119880001,0 77.227069031,28.6687696230001,0 77.2236195,28.6677922650001,0 77.218741648,28.6666809020001,0 77.2176007880001,28.6666414920001,0 77.2155795790001,28.667051358,0 77.2149327920001,28.664466024,0 77.215633478,28.6643320260001,0 77.2154807640001,28.6627870990001,0 77.2141512570001,28.662984158,0 77.2118875030001,28.6629447460001,0 77.2081415280001,28.664198029,0 77.2100010410001,28.669447464,0 77.210243586,28.671000174,0 77.2105939290001,28.671654355,0 77.2111508840001,28.672245479,0 77.21170784,28.6738612,0 77.212013267,28.674294681,0 77.211429362,28.674877909,0 77.210324434,28.6750985890001,0 77.2105130800001,28.6759340150001,0 77.211465295,28.677179261,0 77.2119953010001,28.6774156980001,0 77.213288875,28.6774708670001,0 77.2139266790001,28.6777782340001,0 77.2151034720001,28.680181976,0 77.2151394040001,28.680457812,0 77.2147261790001,28.6817266470001,0 77.2154717810001,28.6820497640001,0 77.2165317930001,28.6843273160001,0 77.2160826350001,28.6861477460001,0 77.2192357220001,28.689008357,0 77.2196848790001,28.68978063,0 77.220035222,28.691206956,0 77.220807774,28.6923180590001,0 77.221014386,28.692113175,0 77.221921685,28.6924993010001,0 77.2222540610001,28.6928066250001,0 77.2250837540001,28.700599733,0 77.226727671,28.7019313590001,0 77.227617003,28.7024592770001,0 77.227715818,28.703696328,0 77.2290273580001,28.7041769620001,0 77.2296561790001,28.7040981700001,0</coordinates></LinearRing></outerBoundaryIs></Polygon>
  </Placemark>
  <Placemark>
	<Style><LineStyle><color>ff0000ff</color></LineStyle><PolyStyle><fill>0</fill></PolyStyle></Style>
	<ExtendedData><SchemaData schemaUrl="#Final_zoning_delhi">
		<SimpleData name="tessellate">-1</SimpleData>
		<SimpleData name="extrude">0</SimpleData>
		<SimpleData name="visibility">-1</SimpleData>
		<SimpleData name="Ward_Name">JAMA MASJID</SimpleData>
		<SimpleData name="Ward_No">79</SimpleData>
		<SimpleData name="internal">0</SimpleData>
		<SimpleData name="Zone_no">172</SimpleData>
		<SimpleData name="ycoord">3171209.916</SimpleData>
	</SchemaData></ExtendedData>
      <Polygon><outerBoundaryIs><LinearRing><coordinates>77.2390615400001,28.6498198510001,0 77.2401574850001,28.648329894,0 77.2405976590001,28.641163616,0 77.239861041,28.6411715,0 77.2378937300001,28.6435524300001,0 77.234111823,28.6467295470001,0 77.2335818170001,28.647486364,0 77.2336446990001,28.648195876,0 77.2334830020001,28.649764668,0 77.2324768890001,28.649788318,0 77.2324050240001,28.650616063,0 77.231093484,28.6505372300001,0 77.231093484,28.6508683270001,0 77.230994669,28.65087621,0 77.231201281,28.65251591,0 77.2309497530001,28.6525474420001,0 77.2310036520001,28.652681455,0 77.230356865,28.6529415970001,0 77.2298268590001,28.653422463,0 77.2301951680001,28.6539190940001,0 77.2303388990001,28.6536116560001,0 77.231030602,28.653075609,0 77.2312821300001,28.6531071410001,0 77.2312551800001,28.654344775,0 77.232036715,28.654194999,0 77.2319558660001,28.6539821580001,0 77.23242299,28.6538244980001,0 77.2324679060001,28.653950626,0 77.2333482550001,28.6538481470001,0 77.233536901,28.653926977,0 77.2337435140001,28.6535328260001,0 77.2342914860001,28.653737785,0 77.23475861,28.653737785,0 77.234722677,28.6560868980001,0 77.2353784470001,28.6560474840001,0 77.2351179360001,28.658286188,0 77.2352077680001,28.6586251420001,0 77.23675287,28.6588222080001,0 77.2368606680001,28.657734399,0 77.236483375,28.653816615,0 77.236546257,28.653312101,0 77.2390615400001,28.6498198510001,0</coordinates></LinearRing></outerBoundaryIs></Polygon>
  </Placemark>
  <Placemark>
	<Style><LineStyle><color>ff0000ff</color></LineStyle><PolyStyle><fill>0</fill></PolyStyle></Style>
	<ExtendedData><SchemaData schemaUrl="#Final_zoning_delhi">
		<SimpleData name="tessellate">-1</SimpleData>
		<SimpleData name="extrude">0</SimpleData>
		<SimpleData name="visibility">-1</SimpleData>
		<SimpleData name="Ward_Name">TILAK NAGAR</SimpleData>
		<SimpleData name="Ward_No">114</SimpleData>
		<SimpleData name="internal">0</SimpleData>
		<SimpleData name="Zone_no">194</SimpleData>
		<SimpleData name="ycoord">3169729.436</SimpleData>
	</SchemaData></ExtendedData>
      <Polygon><outerBoundaryIs><LinearRing><coordinates>77.0960317810001,28.6415893490001,0 77.0982326530001,28.640367333,0 77.0990950360001,28.6405250130001,0 77.10238287,28.641762796,0 77.1025804990001,28.641368599,0 77.1027781280001,28.641439554,0 77.1031374550001,28.6406669250001,0 77.1042693320001,28.64109266,0 77.1046645900001,28.6402727240001,0 77.1077547950001,28.6415893490001,0 77.107700896,28.637465972,0 77.1058144340001,28.637379245,0 77.1057964680001,28.635644696,0 77.1053383270001,28.63486414,0 77.1047993380001,28.6344304950001,0 77.097379254,28.6343910730001,0 77.096328225,28.6367721560001,0 77.093354801,28.635692002,0 77.0913066420001,28.634745873,0 77.0881176230001,28.6337918510001,0 77.087354055,28.6353608580001,0 77.086545571,28.6354081650001,0 77.0873001560001,28.636338519,0 77.0876055830001,28.6361177580001,0 77.088315252,28.636464668,0 77.0891686520001,28.6374028980001,0 77.0867611670001,28.6388930100001,0 77.086006582,28.6379153730001,0 77.0829163770001,28.640044087,0 77.085467593,28.64248023,0 77.085970649,28.6423067850001,0 77.0862670930001,28.6426773260001,0 77.0885667810001,28.641203036,0 77.0899861190001,28.6430794020001,0 77.0917737660001,28.641991429,0 77.0922049580001,28.6422042940001,0 77.0925553,28.6419835450001,0 77.0935434470001,28.6431661240001,0 77.0960317810001,28.6415893490001,0</coordinates></LinearRing></outerBoundaryIs></Polygon>
  </Placemark>
  <Placemark>
	<Style><LineStyle><color>ff0000ff</color></LineStyle><PolyStyle><fill>0</fill></PolyStyle></Style>
	<ExtendedData><SchemaData schemaUrl="#Final_zoning_delhi">
		<SimpleData name="tessellate">-1</SimpleData>
		<SimpleData name="extrude">0</SimpleData>
		<SimpleData name="visibility">-1</SimpleData>
		<SimpleData name="Ward_Name">MAJOR BHUPINDAR SINGH NAGAR</SimpleData>
		<SimpleData name="Ward_No">115</SimpleData>
		<SimpleData name="internal">0</SimpleData>
		<SimpleData name="Zone_no">170</SimpleData>
		<SimpleData name="ycoord">3171309.095</SimpleData>
	</SchemaData></ExtendedData>
      <Polygon><outerBoundaryIs><LinearRing><coordinates>77.0982146870001,28.6528075840001,0 77.0962653430001,28.652192702,0 77.0941093860001,28.6519167910001,0 77.093956672,28.648495446,0 77.090848501,28.64855063,0 77.0903184950001,28.646863567,0 77.0846680920001,28.6469345190001,0 77.0853867440001,28.6491891840001,0 77.0861592960001,28.6506475960001,0 77.088818309,28.6544157220001,0 77.0891057700001,28.654344775,0 77.09027358,28.654502435,0 77.0921780080001,28.655172484,0 77.0929685250001,28.655629692,0 77.0937770090001,28.6561420780001,0 77.0959060160001,28.6584596060001,0 77.098663844,28.6605879040001,0 77.099202834,28.6606982590001,0 77.099651991,28.658104886,0 77.0995980920001,28.6576161580001,0 77.099077069,28.6576240410001,0 77.0990591030001,28.656638695,0 77.0997328400001,28.6554405030001,0 77.0996879240001,28.6543999560001,0 77.0990231710001,28.6532017380001,0 77.098762659,28.6529810120001,0 77.0982146870001,28.6528075840001,0</coordinates></LinearRing></outerBoundaryIs></Polygon>
  </Placemark>
  <Placemark>
	<Style><LineStyle><color>ff0000ff</color></LineStyle><PolyStyle><fill>0</fill></PolyStyle></Style>
	<ExtendedData><SchemaData schemaUrl="#Final_zoning_delhi">
		<SimpleData name="tessellate">-1</SimpleData>
		<SimpleData name="extrude">0</SimpleData>
		<SimpleData name="visibility">-1</SimpleData>
		<SimpleData name="Ward_Name">VIKASPURI EAST</SimpleData>
		<SimpleData name="Ward_No">116</SimpleData>
		<SimpleData name="internal">0</SimpleData>
		<SimpleData name="Zone_no">179</SimpleData>
		<SimpleData name="ycoord">3170675.608</SimpleData>
	</SchemaData></ExtendedData>
      <Polygon><outerBoundaryIs><LinearRing><coordinates>77.088746444,28.6544551370001,0 77.0858269190001,28.6500405840001,0 77.0852699640001,28.6488896160001,0 77.0846680920001,28.6469345190001,0 77.0903184950001,28.646863567,0 77.090848501,28.64855063,0 77.093956672,28.648495446,0 77.0936422620001,28.647667685,0 77.092160042,28.6456652630001,0 77.094666341,28.6444590610001,0 77.0959329660001,28.644419643,0 77.095852118,28.643481476,0 77.0960766960001,28.6434578240001,0 77.0960317810001,28.6415893490001,0 77.0935434470001,28.6431661240001,0 77.0925553,28.6419835450001,0 77.0922049580001,28.6422042940001,0 77.0917737660001,28.641991429,0 77.0899861190001,28.6430794020001,0 77.0885667810001,28.641203036,0 77.0862670930001,28.6426773260001,0 77.085970649,28.6423067850001,0 77.085467593,28.64248023,0 77.0829433270001,28.6401465800001,0 77.082287557,28.640343681,0 77.0814251740001,28.638159783,0 77.0800238020001,28.6385382230001,0 77.0762418950001,28.6385855280001,0 77.076223929,28.640343681,0 77.073951191,28.640367333,0 77.0738433930001,28.6404619410001,0 77.0740140730001,28.644640386,0 77.0738703430001,28.644640386,0 77.0738793260001,28.6461382790001,0 77.073987124,28.64635902,0 77.073421185,28.6466822460001,0 77.0707981040001,28.6490472840001,0 77.073654747,28.651632998,0 77.074400349,28.652839117,0 77.0770144460001,28.654612796,0 77.0791793860001,28.6556848720001,0 77.0804819430001,28.65690671,0 77.0806166900001,28.656465274,0 77.0818922980001,28.656055366,0 77.0844255470001,28.656055366,0 77.087803213,28.6549517620001,0 77.088746444,28.6544551370001,0</coordinates></LinearRing></outerBoundaryIs></Polygon>
  </Placemark>
  <Placemark>
	<Style><LineStyle><color>ff0000ff</color></LineStyle><PolyStyle><fill>0</fill></PolyStyle></Style>
	<ExtendedData><SchemaData schemaUrl="#Final_zoning_delhi">
		<SimpleData name="tessellate">-1</SimpleData>
		<SimpleData name="extrude">0</SimpleData>
		<SimpleData name="visibility">-1</SimpleData>
		<SimpleData name="Ward_Name">MOHAN GARDEN</SimpleData>
		<SimpleData name="Ward_No">125</SimpleData>
		<SimpleData name="internal">0</SimpleData>
		<SimpleData name="Zone_no">209</SimpleData>
		<SimpleData name="ycoord">3168268.602</SimpleData>
	</SchemaData></ExtendedData>
      <Polygon><outerBoundaryIs><LinearRing><coordinates>77.0349104090001,28.6290137240001,0 77.0373268770001,28.6283198530001,0 77.0392941870001,28.6274919320001,0 77.0392762210001,28.626545729,0 77.038117394,28.626561499,0 77.0381084110001,28.625843956,0 77.039258255,28.625828186,0 77.039231305,28.6241249870001,0 77.044109157,28.6240619050001,0 77.0440911910001,28.623131442,0 77.039195373,28.621404543,0 77.0392043560001,28.6220748040001,0 77.0366531400001,28.622059033,0 77.0366351740001,28.6213178030001,0 77.0361770330001,28.6213256880001,0 77.0361770330001,28.6215543660001,0 77.0325208900001,28.621617449,0 77.032538856,28.622059033,0 77.029421702,28.6221063450001,0 77.0293947530001,28.6202690320001,0 77.028640168,28.6202690320001,0 77.0286491510001,28.621459741,0 77.028002364,28.6214833970001,0 77.0279754150001,28.6208052470001,0 77.0247235130001,28.620931415,0 77.02471453,28.621625335,0 77.0235018050001,28.621648991,0 77.0223968770001,28.621846127,0 77.022792135,28.623162983,0 77.022486708,28.6243694290001,0 77.0225945060001,28.6279177210001,0 77.022208231,28.62954201,0 77.0242923220001,28.632577628,0 77.0244899510001,28.633571084,0 77.024274356,28.6343910730001,0 77.0269693020001,28.6343753040001,0 77.029655264,28.631592047,0 77.031613592,28.630086062,0 77.032161564,28.629762785,0 77.0349104090001,28.6290137240001,0</coordinates></LinearRing></outerBoundaryIs></Polygon>
  </Placemark>
  <Placemark>
	<Style><LineStyle><color>ff0000ff</color></LineStyle><PolyStyle><fill>0</fill></PolyStyle></Style>
	<ExtendedData><SchemaData schemaUrl="#Final_zoning_delhi">
		<SimpleData name="tessellate">-1</SimpleData>
		<SimpleData name="extrude">0</SimpleData>
		<SimpleData name="visibility">-1</SimpleData>
		<SimpleData name="Ward_Name">NAWADA</SimpleData>
		<SimpleData name="Ward_No">126</SimpleData>
		<SimpleData name="internal">0</SimpleData>
		<SimpleData name="Zone_no">216</SimpleData>
		<SimpleData name="ycoord">3167873.578</SimpleData>
	</SchemaData></ExtendedData>
      <Polygon><outerBoundaryIs><LinearRing><coordinates>77.0480617440001,28.625197375,0 77.0479449630001,28.6249450490001,0 77.048645649,28.6245507890001,0 77.051214831,28.6248110010001,0 77.051142966,28.6209393,0 77.044243904,28.6201428630001,0 77.03967148,28.620182291,0 77.0311195180001,28.6189994530001,0 77.0305445960001,28.6203005740001,0 77.0293947530001,28.6202690320001,0 77.029421702,28.6221063450001,0 77.032538856,28.622059033,0 77.0325208900001,28.621617449,0 77.0361770330001,28.6215543660001,0 77.0361770330001,28.6213256880001,0 77.0366351740001,28.6213178030001,0 77.0366531400001,28.622059033,0 77.0392043560001,28.6220748040001,0 77.039195373,28.621404543,0 77.0440911910001,28.623131442,0 77.044109157,28.6240619050001,0 77.039231305,28.6241249870001,0 77.039258255,28.625828186,0 77.0381084110001,28.625843956,0 77.038117394,28.626561499,0 77.0392762210001,28.626545729,0 77.0392941870001,28.6274761620001,0 77.0395277490001,28.627468277,0 77.039536732,28.6273026920001,0 77.0397882610001,28.627215957,0 77.0402284350001,28.627215957,0 77.040282334,28.626955751,0 77.0408752220001,28.626955751,0 77.0408752220001,28.626774396,0 77.0421508300001,28.6263801430001,0 77.0464986760001,28.625891267,0 77.0472083450001,28.6257099090001,0 77.0480617440001,28.625197375,0</coordinates></LinearRing></outerBoundaryIs></Polygon>
  </Placemark>
  <Placemark>
	<Style><LineStyle><color>ff0000ff</color></LineStyle><PolyStyle><fill>0</fill></PolyStyle></Style>
	<ExtendedData><SchemaData schemaUrl="#Final_zoning_delhi">
		<SimpleData name="tessellate">-1</SimpleData>
		<SimpleData name="extrude">0</SimpleData>
		<SimpleData name="visibility">-1</SimpleData>
		<SimpleData name="Ward_Name">UTTAM NAGAR</SimpleData>
		<SimpleData name="Ward_No">127</SimpleData>
		<SimpleData name="internal">0</SimpleData>
		<SimpleData name="Zone_no">223</SimpleData>
		<SimpleData name="ycoord">3167307.096</SimpleData>
	</SchemaData></ExtendedData>
      <Polygon><outerBoundaryIs><LinearRing><coordinates>77.0560657340001,28.6168151110001,0 77.0560477670001,28.616247333,0 77.0562364140001,28.6162394470001,0 77.056290312,28.616010757,0 77.056218447,28.6146149520001,0 77.046840036,28.614756899,0 77.0468580020001,28.6153877730001,0 77.044755944,28.615411431,0 77.044746961,28.614370487,0 77.0441630560001,28.6143783730001,0 77.0436061010001,28.6146622680001,0 77.042285577,28.6157820670001,0 77.042141847,28.6160817300001,0 77.0421508300001,28.617051685,0 77.040012839,28.617067456,0 77.0400038560001,28.616807226,0 77.0373178940001,28.6168466550001,0 77.03730891,28.6164996790001,0 77.0340390430001,28.616491793,0 77.0322064800001,28.6176983170001,0 77.0318381700001,28.6176983170001,0 77.0315237600001,28.6190231100001,0 77.03967148,28.620182291,0 77.041198616,28.6202532610001,0 77.0438306790001,28.6201192070001,0 77.046920884,28.620458285,0 77.0468669850001,28.616752025,0 77.050774657,28.6167204820001,0 77.0507836400001,28.617217286,0 77.0521760280001,28.6171857430001,0 77.052167045,28.616957056,0 77.0560657340001,28.6168151110001,0</coordinates></LinearRing></outerBoundaryIs></Polygon>
  </Placemark>
  <Placemark>
	<Style><LineStyle><color>ff0000ff</color></LineStyle><PolyStyle><fill>0</fill></PolyStyle></Style>
	<ExtendedData><SchemaData schemaUrl="#Final_zoning_delhi">
		<SimpleData name="tessellate">-1</SimpleData>
		<SimpleData name="extrude">0</SimpleData>
		<SimpleData name="visibility">-1</SimpleData>
		<SimpleData name="Ward_Name">BINDAPUR</SimpleData>
		<SimpleData name="Ward_No">128</SimpleData>
		<SimpleData name="internal">0</SimpleData>
		<SimpleData name="Zone_no">227</SimpleData>
		<SimpleData name="ycoord">3166900.225</SimpleData>
	</SchemaData></ExtendedData>
      <Polygon><outerBoundaryIs><LinearRing><coordinates>77.077616317,28.6134320520001,0 77.077571402,28.6125566970001,0 77.079844139,28.612525152,0 77.0797992230001,28.6109952350001,0 77.0784158180001,28.611066211,0 77.078388868,28.6105220600001,0 77.0764125750001,28.610577264,0 77.076358676,28.609591477,0 77.0735738990001,28.609638795,0 77.0735649150001,28.6094652950001,0 77.0705286100001,28.609552045,0 77.0705465760001,28.6078959010001,0 77.0703309800001,28.6076593070001,0 77.0704118290001,28.6074305990001,0 77.070744205,28.6075646690001,0 77.0707172560001,28.6056324620001,0 77.068714013,28.6056640080001,0 77.0686511310001,28.6067365850001,0 77.0677168830001,28.6066261730001,0 77.0672138260001,28.606389576,0 77.06634246,28.6088343860001,0 77.0632522560001,28.608045744,0 77.0625605530001,28.6086293390001,0 77.0625964860001,28.6105536050001,0 77.0587516960001,28.6106324680001,0 77.0587786460001,28.611657676,0 77.0566226890001,28.611704993,0 77.0566406550001,28.612951002,0 77.0561735310001,28.6129746600001,0 77.056290312,28.616010757,0 77.0562364140001,28.6162394470001,0 77.0560477670001,28.616247333,0 77.0560657340001,28.6168151110001,0 77.0572335430001,28.6167993400001,0 77.0572335430001,28.6172567150001,0 77.05859,28.6173119150001,0 77.060620192,28.617690431,0 77.0634588680001,28.6209944980001,0 77.0655878760001,28.6198826400001,0 77.0688307940001,28.6185894,0 77.0688218110001,28.6179822020001,0 77.069729109,28.617942774,0 77.0697740250001,28.617682545,0 77.0715706550001,28.6176352310001,0 77.0715347230001,28.6157584100001,0 77.072972027,28.6156953230001,0 77.072945078,28.6146701540001,0 77.0762329120001,28.6146149520001,0 77.0761520630001,28.6132427860001,0 77.0765203730001,28.6132349,0 77.0765383390001,28.6134793680001,0 77.077616317,28.6134320520001,0</coordinates></LinearRing></outerBoundaryIs></Polygon>
  </Placemark>
  <Placemark>
	<Style><LineStyle><color>ff0000ff</color></LineStyle><PolyStyle><fill>0</fill></PolyStyle></Style>
	<ExtendedData><SchemaData schemaUrl="#Final_zoning_delhi">
		<SimpleData name="tessellate">-1</SimpleData>
		<SimpleData name="extrude">0</SimpleData>
		<SimpleData name="visibility">-1</SimpleData>
		<SimpleData name="Ward_Name">DABRI</SimpleData>
		<SimpleData name="Ward_No">129</SimpleData>
		<SimpleData name="internal">0</SimpleData>
		<SimpleData name="Zone_no">236</SimpleData>
		<SimpleData name="ycoord">3166284.229</SimpleData>
	</SchemaData></ExtendedData>
      <Polygon><outerBoundaryIs><LinearRing><coordinates>77.099310631,28.6092444770001,0 77.1001730140001,28.609323341,0 77.1007838680001,28.6092287050001,0 77.1098927850001,28.6053643160001,0 77.1086710770001,28.603960482,0 77.1017899820001,28.60794322,0 77.10004725,28.6082665640001,0 77.0941093860001,28.6083690880001,0 77.093085306,28.606862769,0 77.0949538020001,28.605900607,0 77.0929954750001,28.6034320680001,0 77.0928876770001,28.6031481430001,0 77.0931931040001,28.602966746,0 77.0923217380001,28.601775828,0 77.090614939,28.6029825200001,0 77.0897435740001,28.604023576,0 77.0879110100001,28.6024698750001,0 77.0875786340001,28.6026670460001,0 77.0867970990001,28.6016417500001,0 77.085844885,28.6018862450001,0 77.0850004690001,28.60313237,0 77.082889428,28.6041734250001,0 77.0815868710001,28.6053406560001,0 77.081263477,28.605742875,0 77.0811197470001,28.60628705,0 77.0814521240001,28.6070993650001,0 77.081371275,28.607272869,0 77.0792961670001,28.6081640400001,0 77.0820000960001,28.6103958800001,0 77.0837428280001,28.6109242590001,0 77.084721991,28.611704993,0 77.0859437,28.6122175940001,0 77.0868330320001,28.613621317,0 77.0971367080001,28.609157727,0 77.097747563,28.6090867500001,0 77.099310631,28.6092444770001,0</coordinates></LinearRing></outerBoundaryIs></Polygon>
  </Placemark>
  <Placemark>
	<Style><LineStyle><color>ff0000ff</color></LineStyle><PolyStyle><fill>0</fill></PolyStyle></Style>
	<ExtendedData><SchemaData schemaUrl="#Final_zoning_delhi">
		<SimpleData name="tessellate">-1</SimpleData>
		<SimpleData name="extrude">0</SimpleData>
		<SimpleData name="visibility">-1</SimpleData>
		<SimpleData name="Ward_Name">MATIALA</SimpleData>
		<SimpleData name="Ward_No">136</SimpleData>
		<SimpleData name="internal">0</SimpleData>
		<SimpleData name="Zone_no">252</SimpleData>
		<SimpleData name="ycoord">3164056.064</SimpleData>
	</SchemaData></ExtendedData>
      <Polygon><outerBoundaryIs><LinearRing><coordinates>77.0505949940001,28.6147174700001,0 77.0505500780001,28.612903685,0 77.05010092,28.612903685,0 77.0500739710001,28.61131857,0 77.0488612450001,28.6113343420001,0 77.048843279,28.610932145,0 77.04813361,28.610908486,0 77.048124627,28.610490515,0 77.0487534470001,28.610451084,0 77.048771414,28.6092365910001,0 77.049993122,28.6087397490001,0 77.050810589,28.6082034730001,0 77.0532360400001,28.605861174,0 77.0528228150001,28.6048437960001,0 77.054529614,28.6042286320001,0 77.055679458,28.603581917,0 77.065192617,28.5972092010001,0 77.0718401500001,28.594779895,0 77.071390992,28.593628321,0 77.0706633570001,28.5923268700001,0 77.0576916840001,28.577157862,0 77.0654800780001,28.571872254,0 77.0529485800001,28.557126371,0 77.0509273700001,28.558475598,0 77.0505141450001,28.5579153950001,0 77.0485558180001,28.558688633,0 77.048636666,28.5606295920001,0 77.044818826,28.5606611530001,0 77.0444864500001,28.5606374830001,0 77.0442618710001,28.560471792,0 77.0439294940001,28.5607163830001,0 77.0446032310001,28.561962995,0 77.0446211970001,28.5641484770001,0 77.0468310530001,28.5641958160001,0 77.046983766,28.5657579730001,0 77.0467052880001,28.5658132,0 77.0466873220001,28.5663023560001,0 77.049319386,28.566286576,0 77.0479719130001,28.56960015,0 77.047486823,28.5695685920001,0 77.0426359200001,28.570412748,0 77.0415220090001,28.570412748,0 77.035036173,28.5731818470001,0 77.0373268770001,28.578072955,0 77.0374167080001,28.579019595,0 77.0381263770001,28.5788066010001,0 77.038692316,28.5790511490001,0 77.0395008,28.57983212,0 77.040183519,28.58106273,0 77.0404260650001,28.582127669,0 77.0402643680001,28.582167111,0 77.0411447170001,28.5862689950001,0 77.0418543860001,28.5869394800001,0 77.042788634,28.5835081290001,0 77.0431838920001,28.58303483,0 77.043498303,28.58211978,0 77.045932737,28.5850226700001,0 77.041629807,28.588091127,0 77.0436420330001,28.589936891,0 77.044414584,28.590149862,0 77.046130367,28.5921533420001,0 77.0384318050001,28.5973275100001,0 77.0422676110001,28.6018152620001,0 77.0355661790001,28.606294937,0 77.0318381700001,28.6176983170001,0 77.0322064800001,28.6176983170001,0 77.0340390430001,28.616491793,0 77.03730891,28.6164996790001,0 77.0373178940001,28.6168466550001,0 77.0400038560001,28.616807226,0 77.040012839,28.617067456,0 77.0421508300001,28.617051685,0 77.042141847,28.6160817300001,0 77.042285577,28.6157820670001,0 77.0436061010001,28.6146622680001,0 77.0441630560001,28.6143783730001,0 77.044746961,28.614370487,0 77.044755944,28.615411431,0 77.0468580020001,28.6153877730001,0 77.046840036,28.614756899,0 77.0505949940001,28.6147174700001,0</coordinates></LinearRing></outerBoundaryIs></Polygon>
  </Placemark>
  <Placemark>
	<Style><LineStyle><color>ff0000ff</color></LineStyle><PolyStyle><fill>0</fill></PolyStyle></Style>
	<ExtendedData><SchemaData schemaUrl="#Final_zoning_delhi">
		<SimpleData name="tessellate">-1</SimpleData>
		<SimpleData name="extrude">0</SimpleData>
		<SimpleData name="visibility">-1</SimpleData>
		<SimpleData name="Ward_Name">ROSHANPURA</SimpleData>
		<SimpleData name="Ward_No">137</SimpleData>
		<SimpleData name="internal">0</SimpleData>
		<SimpleData name="Zone_no">233</SimpleData>
		<SimpleData name="ycoord">3166534.828</SimpleData>
	</SchemaData></ExtendedData>
      <Polygon><outerBoundaryIs><LinearRing><coordinates>77.015300186,28.626537844,0 77.016324265,28.6271607620001,0 77.0178603850001,28.627200187,0 77.0195492170001,28.6268453610001,0 77.0214446630001,28.6267034300001,0 77.021705174,28.62858794,0 77.022208231,28.62954201,0 77.0225945060001,28.6279177210001,0 77.022486708,28.6243694290001,0 77.022792135,28.623162983,0 77.0211841510001,28.6182660870001,0 77.0207709260001,28.6177062020001,0 77.0179232670001,28.6158214970001,0 77.017545974,28.615348344,0 77.0167374900001,28.6131402680001,0 77.0161985010001,28.6120835290001,0 77.0154888320001,28.611373773,0 77.013719151,28.6103091310001,0 77.0120033690001,28.6088817040001,0 77.010871492,28.6074621450001,0 77.0104492830001,28.6066498320001,0 77.01046725,28.6051986960001,0 77.0107187780001,28.6044573470001,0 77.011410481,28.6033768610001,0 77.0138359320001,28.60146035,0 77.0145096690001,28.6006243310001,0 77.0119764190001,28.6004823650001,0 77.0096408,28.600592783,0 77.0096318170001,28.6007189750001,0 77.0090209620001,28.6008136190001,0 77.0089850300001,28.6007189750001,0 77.0034154750001,28.600774184,0 77.003361576,28.5996936600001,0 77.002876486,28.5997015470001,0 77.002876486,28.5999460460001,0 77.0013493500001,28.59996182,0 77.0013493500001,28.599756756,0 77.0009091750001,28.5997646430001,0 77.0009091750001,28.600127448,0 76.9944772380001,28.6002299800001,0 76.9945131700001,28.5986762220001,0 76.989446672,28.5987866420001,0 76.9904527850001,28.5963889220001,0 76.9900485430001,28.596223288,0 76.985628832,28.5962784990001,0 76.9855390010001,28.5959708930001,0 76.9834998250001,28.596026104,0 76.983490842,28.5947956700001,0 76.9833021960001,28.594937644,0 76.9798257150001,28.595008631,0 76.9785590910001,28.5921691180001,0 76.9747053180001,28.5909859650001,0 76.972522412,28.5901419740001,0 76.9713995180001,28.589384743,0 76.97063595,28.5885407390001,0 76.9696028880001,28.5885644030001,0 76.9697376350001,28.592847453,0 76.968192533,28.5938964970001,0 76.9697106850001,28.5961128650001,0 76.970869512,28.597177652,0 76.97015086,28.597658774,0 76.971040192,28.598660447,0 76.9722439340001,28.5978559540001,0 76.9753161730001,28.6013657070001,0 76.9753521050001,28.602383119,0 76.976753477,28.602375232,0 76.97676246,28.602761688,0 76.977436197,28.602769575,0 76.977472129,28.604291726,0 76.9799604630001,28.6042601790001,0 76.9799604630001,28.6049068890001,0 76.9808767440001,28.604835909,0 76.9809306430001,28.6049936430001,0 76.9827632060001,28.6048674560001,0 76.9828889710001,28.605324883,0 76.9834010100001,28.606137205,0 76.9836884710001,28.6061450920001,0 76.984272376,28.606665606,0 76.9847933990001,28.607470031,0 76.9855749330001,28.6081009490001,0 76.9853773040001,28.609220818,0 76.9856827310001,28.6107586480001,0 76.9856018830001,28.6120519840001,0 76.9858444280001,28.612769622,0 76.9858354450001,28.613392622,0 76.9849011970001,28.6144335750001,0 76.9836884710001,28.615064451,0 76.9837423700001,28.6169491700001,0 76.9844969550001,28.6178008310001,0 76.9855929,28.6172961440001,0 76.985889344,28.6178639170001,0 76.986302569,28.617690431,0 76.98690444,28.618549972,0 76.985862394,28.6192991070001,0 76.988799885,28.6223902190001,0 76.9940370630001,28.6266876600001,0 76.9975943920001,28.629116228,0 76.999930012,28.6310874260001,0 77.001627827,28.627247497,0 77.003020216,28.625914922,0 77.004062262,28.625213145,0 77.005319903,28.6246296410001,0 77.0065595780001,28.6242984620001,0 77.007386028,28.6244167410001,0 77.010763694,28.625291997,0 77.0126232060001,28.6254970100001,0 77.0146174660001,28.6261199350001,0 77.015300186,28.626537844,0</coordinates></LinearRing></outerBoundaryIs></Polygon>
  </Placemark>
  <Placemark>
	<Style><LineStyle><color>ff0000ff</color></LineStyle><PolyStyle><fill>0</fill></PolyStyle></Style>
	<ExtendedData><SchemaData schemaUrl="#Final_zoning_delhi">
		<SimpleData name="tessellate">-1</SimpleData>
		<SimpleData name="extrude">0</SimpleData>
		<SimpleData name="visibility">-1</SimpleData>
		<SimpleData name="Ward_Name">MAYUR VIHAR PHASE-I</SimpleData>
		<SimpleData name="Ward_No">209</SimpleData>
		<SimpleData name="internal">0</SimpleData>
		<SimpleData name="Zone_no">234</SimpleData>
		<SimpleData name="ycoord">3166463.234</SimpleData>
	</SchemaData></ExtendedData>
      <Polygon><outerBoundaryIs><LinearRing><coordinates>77.30542009,28.6127775080001,0 77.3068304450001,28.609441636,0 77.30507873,28.6089132500001,0 77.307513165,28.602532969,0 77.3073963840001,28.6024935350001,0 77.3079713060001,28.6009792460001,0 77.302743111,28.594748345,0 77.3017908960001,28.5955055380001,0 77.3020244580001,28.5957737090001,0 77.3016830990001,28.5959945550001,0 77.3017908960001,28.5961286400001,0 77.3010812270001,28.5966097670001,0 77.301763947,28.5972092010001,0 77.3015753010001,28.5974300440001,0 77.3018447950001,28.597674548,0 77.299670872,28.5988024160001,0 77.2965627010001,28.605175036,0 77.2950445490001,28.609378545,0 77.296580668,28.6099542470001,0 77.2953499760001,28.611452635,0 77.2938318230001,28.612257024,0 77.29316707,28.613889441,0 77.294083351,28.613518798,0 77.297847292,28.6128405970001,0 77.300137996,28.6134793680001,0 77.3009105470001,28.61341628,0 77.302716161,28.612919457,0 77.30542009,28.6127775080001,0</coordinates></LinearRing></outerBoundaryIs></Polygon>
  </Placemark>
  <Placemark>
	<Style><LineStyle><color>ff0000ff</color></LineStyle><PolyStyle><fill>0</fill></PolyStyle></Style>
	<ExtendedData><SchemaData schemaUrl="#Final_zoning_delhi">
		<SimpleData name="tessellate">-1</SimpleData>
		<SimpleData name="extrude">0</SimpleData>
		<SimpleData name="visibility">-1</SimpleData>
		<SimpleData name="Ward_Name">ROHINI</SimpleData>
		<SimpleData name="Ward_No">21</SimpleData>
		<SimpleData name="internal">0</SimpleData>
		<SimpleData name="Zone_no">44</SimpleData>
		<SimpleData name="ycoord">3180410.930</SimpleData>
	</SchemaData></ExtendedData>
      <Polygon><outerBoundaryIs><LinearRing><coordinates>77.1285777430001,28.744487179,0 77.131802695,28.739359656,0 77.128649609,28.7359490440001,0 77.1227566600001,28.7291511190001,0 77.118498646,28.7320026780001,0 77.1079164920001,28.720083905,0 77.105769518,28.722021881,0 77.0988524910001,28.726772134,0 77.099571143,28.7275598840001,0 77.0998945360001,28.7296631450001,0 77.0995891090001,28.73180575,0 77.1001011490001,28.733176363,0 77.1002448790001,28.7342870200001,0 77.10055929,28.735263758,0 77.1019606610001,28.7370596710001,0 77.1041974670001,28.7384774760001,0 77.105670704,28.7388949370001,0 77.1088058240001,28.7393675320001,0 77.105257479,28.741525691,0 77.104987984,28.741840747,0 77.105464091,28.742281823,0 77.1091382010001,28.742100667,0 77.109093285,28.7445265600001,0 77.109596341,28.7445265600001,0 77.111833146,28.7428095380001,0 77.1126865460001,28.744290274,0 77.1131896030001,28.7441248740001,0 77.1132435010001,28.7442036360001,0 77.1142226650001,28.743683805,0 77.114941317,28.7445186840001,0 77.1162528580001,28.743494775,0 77.117923724,28.7448179780001,0 77.11896577,28.744558064,0 77.1202054450001,28.7445423120001,0 77.1209869790001,28.743975225,0 77.122594964,28.7433293730001,0 77.1279309560001,28.744172131,0 77.1285777430001,28.744487179,0</coordinates></LinearRing></outerBoundaryIs></Polygon>
  </Placemark>
  <Placemark>
	<Style><LineStyle><color>ff0000ff</color></LineStyle><PolyStyle><fill>0</fill></PolyStyle></Style>
	<ExtendedData><SchemaData schemaUrl="#Final_zoning_delhi">
		<SimpleData name="tessellate">-1</SimpleData>
		<SimpleData name="extrude">0</SimpleData>
		<SimpleData name="visibility">-1</SimpleData>
		<SimpleData name="Ward_Name">DALLOPURA</SimpleData>
		<SimpleData name="Ward_No">210</SimpleData>
		<SimpleData name="internal">0</SimpleData>
		<SimpleData name="Zone_no">228</SimpleData>
		<SimpleData name="ycoord">3166846.311</SimpleData>
	</SchemaData></ExtendedData>
      <Polygon><outerBoundaryIs><LinearRing><coordinates>77.3202512760001,28.614938276,0 77.3079713060001,28.6009792460001,0 77.3073963840001,28.6024935350001,0 77.307513165,28.602532969,0 77.30507873,28.6089132500001,0 77.3068304450001,28.609441636,0 77.30542009,28.6127775080001,0 77.3104776050001,28.6126355580001,0 77.315714783,28.613297989,0 77.3182390490001,28.6139446440001,0 77.3192900780001,28.614922504,0 77.3193529600001,28.6155218330001,0 77.3202512760001,28.614938276,0</coordinates></LinearRing></outerBoundaryIs></Polygon>
  </Placemark>
  <Placemark>
	<Style><LineStyle><color>ff0000ff</color></LineStyle><PolyStyle><fill>0</fill></PolyStyle></Style>
	<ExtendedData><SchemaData schemaUrl="#Final_zoning_delhi">
		<SimpleData name="tessellate">-1</SimpleData>
		<SimpleData name="extrude">0</SimpleData>
		<SimpleData name="visibility">-1</SimpleData>
		<SimpleData name="Ward_Name">TRILOK PURI</SimpleData>
		<SimpleData name="Ward_No">211</SimpleData>
		<SimpleData name="internal">0</SimpleData>
		<SimpleData name="Zone_no">242</SimpleData>
		<SimpleData name="ycoord">3165475.551</SimpleData>
	</SchemaData></ExtendedData>
      <Polygon><outerBoundaryIs><LinearRing><coordinates>77.2890977010001,28.603187577,0 77.2913973890001,28.5985027040001,0 77.2943079300001,28.599662111,0 77.294918785,28.598897062,0 77.29516133,28.5985184780001,0 77.294415728,28.5982345400001,0 77.294900818,28.5971697640001,0 77.2947840370001,28.5971224410001,0 77.296454904,28.59382551,0 77.297910174,28.5943776340001,0 77.299365445,28.594669471,0 77.299599007,28.59401481,0 77.3029227740001,28.5920981290001,0 77.299625957,28.5882725500001,0 77.2998774850001,28.586261107,0 77.3025364980001,28.5861112330001,0 77.304171432,28.5853224210001,0 77.3016741150001,28.583153155,0 77.3015753010001,28.5832951450001,0 77.300820716,28.5827824040001,0 77.301323772,28.5815518140001,0 77.2996798560001,28.5808339640001,0 77.29946426,28.580652528,0 77.299230698,28.5799583370001,0 77.2975418650001,28.5802581020001,0 77.29729932,28.5812283880001,0 77.296859146,28.582182888,0 77.296212359,28.5821355570001,0 77.295906931,28.582332767,0 77.2949816670001,28.5844941610001,0 77.293068255,28.5867422790001,0 77.2918016300001,28.5876651770001,0 77.2907056860001,28.588217334,0 77.2897714380001,28.588509188,0 77.2890258360001,28.5902681790001,0 77.2883700660001,28.5901577490001,0 77.287516667,28.5903707200001,0 77.287786161,28.5920192520001,0 77.2870585260001,28.592145455,0 77.2872022560001,28.592374196,0 77.2864117390001,28.5938412850001,0 77.2851900300001,28.594219885,0 77.285657154,28.595245253,0 77.2850013840001,28.595576524,0 77.2851900300001,28.595868357,0 77.283186787,28.596728076,0 77.280132515,28.5971066660001,0 77.2804199760001,28.5982029910001,0 77.2797462390001,28.598352848,0 77.2798450540001,28.5987393190001,0 77.2792072500001,28.5990626920001,0 77.2794857280001,28.5995359180001,0 77.2757936520001,28.600569122,0 77.2765751860001,28.60174428,0 77.276081113,28.6019887740001,0 77.2761619610001,28.602099191,0 77.2758655170001,28.602249042,0 77.274895337,28.602525083,0 77.2748055050001,28.6024225530001,0 77.2738712570001,28.6030061800001,0 77.2740868530001,28.6032270110001,0 77.2731885380001,28.6040078030001,0 77.2737993920001,28.604488894,0 77.2735658300001,28.604662402,0 77.2748324550001,28.6055141620001,0 77.2745449940001,28.6062476170001,0 77.2765302710001,28.607241322,0 77.2782999520001,28.608440065,0 77.279701324,28.60982018,0 77.283016107,28.6135266840001,0 77.2864836040001,28.6083769740001,0 77.2890977010001,28.603187577,0</coordinates></LinearRing></outerBoundaryIs></Polygon>
  </Placemark>
  <Placemark>
	<Style><LineStyle><color>ff0000ff</color></LineStyle><PolyStyle><fill>0</fill></PolyStyle></Style>
	<ExtendedData><SchemaData schemaUrl="#Final_zoning_delhi">
		<SimpleData name="tessellate">-1</SimpleData>
		<SimpleData name="extrude">0</SimpleData>
		<SimpleData name="visibility">-1</SimpleData>
		<SimpleData name="Ward_Name">NEW ASHOK NAGAR</SimpleData>
		<SimpleData name="Ward_No">212</SimpleData>
		<SimpleData name="internal">0</SimpleData>
		<SimpleData name="Zone_no">245</SimpleData>
		<SimpleData name="ycoord">3165207.673</SimpleData>
	</SchemaData></ExtendedData>
      <Polygon><outerBoundaryIs><LinearRing><coordinates>77.299158833,28.5997725300001,0 77.299733754,28.598723545,0 77.3018447950001,28.597674548,0 77.3015753010001,28.5974300440001,0 77.301763947,28.5972092010001,0 77.3010812270001,28.5966097670001,0 77.3017908960001,28.5961286400001,0 77.3016830990001,28.5959945550001,0 77.3020244580001,28.5957737090001,0 77.3017908960001,28.5955055380001,0 77.302743111,28.594748345,0 77.307279603,28.600143222,0 77.310163195,28.5977770820001,0 77.3124,28.594401297,0 77.3122113540001,28.5942987600001,0 77.31205864,28.5938176220001,0 77.311241173,28.5928080150001,0 77.311142359,28.5919324880001,0 77.31026201,28.590765108,0 77.307513165,28.588106903,0 77.304171432,28.5853224210001,0 77.3025364980001,28.5861112330001,0 77.2998774850001,28.586261107,0 77.299625957,28.5882725500001,0 77.3029227740001,28.5920981290001,0 77.299599007,28.59401481,0 77.299365445,28.594669471,0 77.297910174,28.5943776340001,0 77.296454904,28.59382551,0 77.2947840370001,28.5971224410001,0 77.294900818,28.5971697640001,0 77.294415728,28.5982345400001,0 77.29516133,28.5985184780001,0 77.29333775,28.6012789500001,0 77.2949547170001,28.603021954,0 77.295197262,28.603053501,0 77.297065758,28.6042207450001,0 77.299158833,28.5997725300001,0</coordinates></LinearRing></outerBoundaryIs></Polygon>
  </Placemark>
  <Placemark>
	<Style><LineStyle><color>ff0000ff</color></LineStyle><PolyStyle><fill>0</fill></PolyStyle></Style>
	<ExtendedData><SchemaData schemaUrl="#Final_zoning_delhi">
		<SimpleData name="tessellate">-1</SimpleData>
		<SimpleData name="extrude">0</SimpleData>
		<SimpleData name="visibility">-1</SimpleData>
		<SimpleData name="Ward_Name">KALYAN PURI</SimpleData>
		<SimpleData name="Ward_No">213</SimpleData>
		<SimpleData name="internal">0</SimpleData>
		<SimpleData name="Zone_no">219</SimpleData>
		<SimpleData name="ycoord">3167600.206</SimpleData>
	</SchemaData></ExtendedData>
      <Polygon><outerBoundaryIs><LinearRing><coordinates>77.3202512760001,28.614938276,0 77.3193529600001,28.6155218330001,0 77.3192900780001,28.614922504,0 77.3181222680001,28.613889441,0 77.315714783,28.613297989,0 77.311438803,28.612730191,0 77.309884717,28.616752025,0 77.31337018,28.617785059,0 77.313334248,28.618021631,0 77.3156339350001,28.6187234560001,0 77.3173227680001,28.6172961440001,0 77.3200985620001,28.618108373,0 77.3207722980001,28.6159082410001,0 77.3202512760001,28.614938276,0</coordinates></LinearRing></outerBoundaryIs></Polygon>
  </Placemark>
  <Placemark>
	<Style><LineStyle><color>ff0000ff</color></LineStyle><PolyStyle><fill>0</fill></PolyStyle></Style>
	<ExtendedData><SchemaData schemaUrl="#Final_zoning_delhi">
		<SimpleData name="tessellate">-1</SimpleData>
		<SimpleData name="extrude">0</SimpleData>
		<SimpleData name="visibility">-1</SimpleData>
		<SimpleData name="Ward_Name">KHICHRIPUR</SimpleData>
		<SimpleData name="Ward_No">214</SimpleData>
		<SimpleData name="internal">0</SimpleData>
		<SimpleData name="Zone_no">225</SimpleData>
		<SimpleData name="ycoord">3167145.288</SimpleData>
	</SchemaData></ExtendedData>
      <Polygon><outerBoundaryIs><LinearRing><coordinates>77.3308873280001,28.6317182020001,0 77.332252768,28.6299520210001,0 77.3337709210001,28.628950645,0 77.3341122800001,28.628296198,0 77.3217873950001,28.6139052140001,0 77.3229731710001,28.6129983180001,0 77.3228384240001,28.612730191,0 77.3250662450001,28.6117365380001,0 77.3248596330001,28.6113422290001,0 77.3252009930001,28.6111687320001,0 77.3251291280001,28.6110504390001,0 77.3252638750001,28.6109715760001,0 77.32485065,28.610687672,0 77.3249943800001,28.610301244,0 77.325892696,28.6098122940001,0 77.325722016,28.6095047270001,0 77.3270335560001,28.608787067,0 77.3284528940001,28.60704416,0 77.3287493380001,28.6072334360001,0 77.33080648,28.6047333820001,0 77.331273604,28.6050488490001,0 77.3317047950001,28.6045046670001,0 77.3318754750001,28.604607195,0 77.3327468410001,28.603581917,0 77.3313364860001,28.6026670460001,0 77.331579031,28.602359458,0 77.3324144640001,28.6029351990001,0 77.3336900720001,28.601476124,0 77.3320461550001,28.6011685330001,0 77.3292973100001,28.6002773020001,0 77.3280756020001,28.600032803,0 77.3275635620001,28.599685773,0 77.327383899,28.599875062,0 77.3261801560001,28.599054804,0 77.32616219,28.598881287,0 77.3266832130001,28.5986525600001,0 77.326404735,28.598376509,0 77.325012347,28.5979427140001,0 77.323862503,28.59784018,0 77.3226587600001,28.5975010290001,0 77.321158574,28.5977297590001,0 77.3204039890001,28.5976903230001,0 77.3172059870001,28.5968937100001,0 77.3149691820001,28.596948921,0 77.3138552710001,28.596664978,0 77.313235433,28.596317936,0 77.313136618,28.5958131460001,0 77.3127503430001,28.5954818750001,0 77.3128491580001,28.5953714520001,0 77.3122832190001,28.5946221460001,0 77.310163195,28.5977770820001,0 77.307279603,28.600143222,0 77.320215343,28.61489096,0 77.3207363660001,28.6157584100001,0 77.320754332,28.616065958,0 77.3200985620001,28.618108373,0 77.3173227680001,28.6172961440001,0 77.3155890190001,28.6187234560001,0 77.315948345,28.618849626,0 77.3158225810001,28.6192044790001,0 77.316181907,28.6193148780001,0 77.316011227,28.6196539580001,0 77.3163705540001,28.619843212,0 77.31587648,28.621081239,0 77.316963442,28.6211443220001,0 77.3169185260001,28.62127049,0 77.3193888930001,28.622082689,0 77.317134121,28.627231727,0 77.3254345550001,28.629810094,0 77.3308873280001,28.6317182020001,0</coordinates></LinearRing></outerBoundaryIs></Polygon>
  </Placemark>
  <Placemark>
	<Style><LineStyle><color>ff0000ff</color></LineStyle><PolyStyle><fill>0</fill></PolyStyle></Style>
	<ExtendedData><SchemaData schemaUrl="#Final_zoning_delhi">
		<SimpleData name="tessellate">-1</SimpleData>
		<SimpleData name="extrude">0</SimpleData>
		<SimpleData name="visibility">-1</SimpleData>
		<SimpleData name="Ward_Name">KONDLI</SimpleData>
		<SimpleData name="Ward_No">215</SimpleData>
		<SimpleData name="internal">0</SimpleData>
		<SimpleData name="Zone_no">226</SimpleData>
		<SimpleData name="ycoord">3167022.307</SimpleData>
	</SchemaData></ExtendedData>
      <Polygon><outerBoundaryIs><LinearRing><coordinates>77.3287134060001,28.6195356750001,0 77.3288301860001,28.6194095050001,0 77.3290367990001,28.619456819,0 77.3293961250001,28.618455344,0 77.3296566370001,28.6181399160001,0 77.329791384,28.617761402,0 77.329683586,28.6172094,0 77.3299440970001,28.617138428,0 77.331552082,28.6146622680001,0 77.3316688630001,28.614804215,0 77.3329534540001,28.614244311,0 77.3333307460001,28.6148988460001,0 77.3368431590001,28.6132664450001,0 77.335917894,28.6116892210001,0 77.331066992,28.613818467,0 77.330501053,28.612769622,0 77.3302495250001,28.612872141,0 77.330024946,28.612430519,0 77.3302225750001,28.612335886,0 77.3296656200001,28.611310684,0 77.3345165220001,28.609189273,0 77.3344716060001,28.609102523,0 77.3355316190001,28.608574135,0 77.3366095970001,28.6078012630001,0 77.3377594400001,28.609149841,0 77.3401579420001,28.60751735,0 77.3416221960001,28.606925862,0 77.3411999880001,28.6052302430001,0 77.3407777800001,28.6052539030001,0 77.3401309930001,28.6044810070001,0 77.3395560710001,28.6040866700001,0 77.3386757220001,28.6029509730001,0 77.3384331770001,28.6031954640001,0 77.337373165,28.6020913040001,0 77.3366724790001,28.6017363930001,0 77.3356573830001,28.6016338630001,0 77.3347770340001,28.6019177920001,0 77.3336900720001,28.601476124,0 77.3324144640001,28.6029351990001,0 77.331579031,28.602359458,0 77.3313364860001,28.6026670460001,0 77.3327468410001,28.603581917,0 77.3318754750001,28.604607195,0 77.3317047950001,28.6045046670001,0 77.331273604,28.6050488490001,0 77.33080648,28.6047333820001,0 77.3287493380001,28.6072334360001,0 77.3284528940001,28.60704416,0 77.3270335560001,28.608787067,0 77.325722016,28.6095047270001,0 77.325892696,28.6098122940001,0 77.3249943800001,28.610301244,0 77.32485065,28.610687672,0 77.3252638750001,28.6109715760001,0 77.3251291280001,28.6110504390001,0 77.3252009930001,28.6111687320001,0 77.3248596330001,28.6113422290001,0 77.3250662450001,28.6117365380001,0 77.3228384240001,28.612730191,0 77.3229731710001,28.6129983180001,0 77.3217873950001,28.6139052140001,0 77.3275366120001,28.6206711930001,0 77.3287134060001,28.6195356750001,0</coordinates></LinearRing></outerBoundaryIs></Polygon>
  </Placemark>
  <Placemark>
	<Style><LineStyle><color>ff0000ff</color></LineStyle><PolyStyle><fill>0</fill></PolyStyle></Style>
	<ExtendedData><SchemaData schemaUrl="#Final_zoning_delhi">
		<SimpleData name="tessellate">-1</SimpleData>
		<SimpleData name="extrude">0</SimpleData>
		<SimpleData name="visibility">-1</SimpleData>
		<SimpleData name="Ward_Name">GHAROLI</SimpleData>
		<SimpleData name="Ward_No">216</SimpleData>
		<SimpleData name="internal">0</SimpleData>
		<SimpleData name="Zone_no">217</SimpleData>
		<SimpleData name="ycoord">3167842.569</SimpleData>
	</SchemaData></ExtendedData>
      <Polygon><outerBoundaryIs><LinearRing><coordinates>77.3399603130001,28.623896315,0 77.3404364200001,28.623683412,0 77.340238791,28.621854012,0 77.3405621840001,28.621822471,0 77.3407687970001,28.6215385950001,0 77.341128123,28.62144397,0 77.341801859,28.6201270920001,0 77.3419635560001,28.6194252760001,0 77.3416132130001,28.614141794,0 77.3414155840001,28.6135897730001,0 77.3418467750001,28.613447824,0 77.342008472,28.6104747430001,0 77.341828809,28.6088738180001,0 77.3419635560001,28.6083848600001,0 77.3416221960001,28.606925862,0 77.3401579420001,28.60751735,0 77.3377594400001,28.609149841,0 77.3366095970001,28.6078012630001,0 77.3355316190001,28.608574135,0 77.3344716060001,28.609102523,0 77.3345165220001,28.609189273,0 77.3296656200001,28.611310684,0 77.3302225750001,28.612335886,0 77.330024946,28.612430519,0 77.3302495250001,28.612872141,0 77.330501053,28.612769622,0 77.331066992,28.613818467,0 77.335917894,28.6116892210001,0 77.3368431590001,28.6132664450001,0 77.3333307460001,28.6148988460001,0 77.3329534540001,28.614244311,0 77.3316688630001,28.614804215,0 77.331552082,28.6146622680001,0 77.3299440970001,28.617138428,0 77.329683586,28.6172094,0 77.3297644340001,28.617848145,0 77.3290367990001,28.619456819,0 77.3288301860001,28.6194095050001,0 77.3275366120001,28.6206711930001,0 77.3341122800001,28.628296198,0 77.3346512700001,28.627460392,0 77.3382265640001,28.625284111,0 77.3381726650001,28.625213145,0 77.3392147110001,28.6245902150001,0 77.3393853910001,28.6242038390001,0 77.3399603130001,28.623896315,0</coordinates></LinearRing></outerBoundaryIs></Polygon>
  </Placemark>
  <Placemark>
	<Style><LineStyle><color>ff0000ff</color></LineStyle><PolyStyle><fill>0</fill></PolyStyle></Style>
	<ExtendedData><SchemaData schemaUrl="#Final_zoning_delhi">
		<SimpleData name="tessellate">-1</SimpleData>
		<SimpleData name="extrude">0</SimpleData>
		<SimpleData name="visibility">-1</SimpleData>
		<SimpleData name="Ward_Name">VINOD NAGAR</SimpleData>
		<SimpleData name="Ward_No">217</SimpleData>
		<SimpleData name="internal">0</SimpleData>
		<SimpleData name="Zone_no">208</SimpleData>
		<SimpleData name="ycoord">3168274.559</SimpleData>
	</SchemaData></ExtendedData>
      <Polygon><outerBoundaryIs><LinearRing><coordinates>77.3008296990001,28.627255382,0 77.3019885260001,28.6266876600001,0 77.3048990670001,28.625717794,0 77.303183285,28.625228915,0 77.3035336280001,28.6245902150001,0 77.302177172,28.6241407570001,0 77.3028419250001,28.6224454170001,0 77.2997068050001,28.621388772,0 77.3001649460001,28.6203952,0 77.2958979480001,28.619259679,0 77.296104561,28.6186919130001,0 77.2948648860001,28.618376487,0 77.2943797950001,28.619606645,0 77.288936005,28.617769288,0 77.2875615820001,28.6171699710001,0 77.2853247770001,28.6205529110001,0 77.286438688,28.620907758,0 77.290085848,28.6227056340001,0 77.290355343,28.622563697,0 77.292565198,28.622216741,0 77.2932119850001,28.62360456,0 77.295870999,28.623746495,0 77.296005746,28.6245981010001,0 77.2953230260001,28.6249213940001,0 77.2962303250001,28.625733564,0 77.2965716850001,28.626261866,0 77.2977484780001,28.626183015,0 77.297739495,28.626458993,0 77.29895222,28.6265772690001,0 77.300712918,28.6273263470001,0 77.3008296990001,28.627255382,0</coordinates></LinearRing></outerBoundaryIs></Polygon>
  </Placemark>
  <Placemark>
	<Style><LineStyle><color>ff0000ff</color></LineStyle><PolyStyle><fill>0</fill></PolyStyle></Style>
	<ExtendedData><SchemaData schemaUrl="#Final_zoning_delhi">
		<SimpleData name="tessellate">-1</SimpleData>
		<SimpleData name="extrude">0</SimpleData>
		<SimpleData name="visibility">-1</SimpleData>
		<SimpleData name="Ward_Name">ASHOK VIHAR</SimpleData>
		<SimpleData name="Ward_No">68</SimpleData>
		<SimpleData name="internal">0</SimpleData>
		<SimpleData name="Zone_no">87</SimpleData>
		<SimpleData name="ycoord">3176338.775</SimpleData>
	</SchemaData></ExtendedData>
      <Polygon><outerBoundaryIs><LinearRing><coordinates>77.17555065,28.705051552,0 77.1763501500001,28.70419272,0 77.1757752280001,28.7038696720001,0 77.1758740430001,28.7024829150001,0 77.17569438,28.701694977,0 77.1745984350001,28.6999693720001,0 77.1733138450001,28.6990553410001,0 77.169262443,28.697786717,0 77.1698283810001,28.696849027,0 77.173691137,28.693043027,0 77.1723346810001,28.691979213,0 77.172181967,28.6907026220001,0 77.1712028040001,28.6899776380001,0 77.1682024310001,28.68885863,0 77.1677173400001,28.6898830740001,0 77.1661542720001,28.6892999310001,0 77.1660734230001,28.6894417770001,0 77.165273923,28.689181725,0 77.1648786640001,28.6890319990001,0 77.1649415460001,28.688905913,0 77.1625520270001,28.6880469480001,0 77.1593719910001,28.6948396660001,0 77.1570273880001,28.699094739,0 77.1571262030001,28.699260211,0 77.1575663780001,28.6997172260001,0 77.1581502830001,28.700032408,0 77.1639623820001,28.701687098,0 77.1705560170001,28.7041612040001,0 77.171427382,28.704665473,0 77.173565373,28.7071946610001,0 77.17555065,28.705051552,0</coordinates></LinearRing></outerBoundaryIs></Polygon>
  </Placemark>
  <Placemark>
	<Style><LineStyle><color>ff0000ff</color></LineStyle><PolyStyle><fill>0</fill></PolyStyle></Style>
	<ExtendedData><SchemaData schemaUrl="#Final_zoning_delhi">
		<SimpleData name="tessellate">-1</SimpleData>
		<SimpleData name="extrude">0</SimpleData>
		<SimpleData name="visibility">-1</SimpleData>
		<SimpleData name="Ward_Name">WAJIRPUR</SimpleData>
		<SimpleData name="Ward_No">67</SimpleData>
		<SimpleData name="internal">0</SimpleData>
		<SimpleData name="Zone_no">108</SimpleData>
		<SimpleData name="ycoord">3175335.090</SimpleData>
	</SchemaData></ExtendedData>
      <Polygon><outerBoundaryIs><LinearRing><coordinates>77.173691137,28.693043027,0 77.1748409800001,28.691931932,0 77.176475914,28.6909863110001,0 77.173798935,28.6871328140001,0 77.164384591,28.6837204990001,0 77.1609799760001,28.682073406,0 77.1607464140001,28.681915788,0 77.161267437,28.681663599,0 77.160162509,28.6805445030001,0 77.160494885,28.680111047,0 77.1598031830001,28.6795199680001,0 77.1596235200001,28.6796697080001,0 77.1591653790001,28.6793308210001,0 77.1579346870001,28.680063761,0 77.1578628220001,28.68029231,0 77.1562189050001,28.681135576,0 77.1546917690001,28.6814981,0 77.1539910830001,28.6865181320001,0 77.154035999,28.688677382,0 77.1532005650001,28.690403173,0 77.1538473520001,28.692585982,0 77.1570273880001,28.699094739,0 77.1593719910001,28.6948396660001,0 77.1625520270001,28.6880469480001,0 77.1649415460001,28.688905913,0 77.1648786640001,28.6890319990001,0 77.165273923,28.689181725,0 77.1660734230001,28.6894417770001,0 77.1661542720001,28.6892999310001,0 77.1677173400001,28.6898830740001,0 77.1682024310001,28.68885863,0 77.1712028040001,28.6899776380001,0 77.1721909500001,28.690710503,0 77.1723346810001,28.691979213,0 77.173691137,28.693043027,0</coordinates></LinearRing></outerBoundaryIs></Polygon>
  </Placemark>
  <Placemark>
	<Style><LineStyle><color>ff0000ff</color></LineStyle><PolyStyle><fill>0</fill></PolyStyle></Style>
	<ExtendedData><SchemaData schemaUrl="#Final_zoning_delhi">
		<SimpleData name="tessellate">-1</SimpleData>
		<SimpleData name="extrude">0</SimpleData>
		<SimpleData name="visibility">-1</SimpleData>
		<SimpleData name="Ward_Name">SAWAN PARK</SimpleData>
		<SimpleData name="Ward_No">66</SimpleData>
		<SimpleData name="internal">0</SimpleData>
		<SimpleData name="Zone_no">98</SimpleData>
		<SimpleData name="ycoord">3175678.051</SimpleData>
	</SchemaData></ExtendedData>
      <Polygon><outerBoundaryIs><LinearRing><coordinates>77.185512966,28.690820826,0 77.189878778,28.6821364530001,0 77.186528062,28.6811592190001,0 77.182701239,28.679795805,0 77.1825754750001,28.6801583330001,0 77.179691883,28.6806705990001,0 77.1783533930001,28.680646956,0 77.177212533,28.6812616720001,0 77.1784252580001,28.6829718230001,0 77.177149651,28.683688976,0 77.177760505,28.684650425,0 77.178299494,28.684406123,0 77.179386456,28.6858798060001,0 77.1775808420001,28.686904279,0 77.174544536,28.6881257530001,0 77.176475914,28.6909863110001,0 77.1748409800001,28.691931932,0 77.1698283810001,28.696849027,0 77.169262443,28.697786717,0 77.1733138450001,28.6990553410001,0 77.1745984350001,28.6999693720001,0 77.17569438,28.701694977,0 77.1758740430001,28.7024829150001,0 77.1757752280001,28.7038696720001,0 77.1763501500001,28.70419272,0 77.1815693620001,28.698488008,0 77.185512966,28.690820826,0</coordinates></LinearRing></outerBoundaryIs></Polygon>
  </Placemark>
  <Placemark>
	<Style><LineStyle><color>ff0000ff</color></LineStyle><PolyStyle><fill>0</fill></PolyStyle></Style>
	<ExtendedData><SchemaData schemaUrl="#Final_zoning_delhi">
		<SimpleData name="tessellate">-1</SimpleData>
		<SimpleData name="extrude">0</SimpleData>
		<SimpleData name="visibility">-1</SimpleData>
		<SimpleData name="Ward_Name">NIMRI COLONY</SimpleData>
		<SimpleData name="Ward_No">65</SimpleData>
		<SimpleData name="internal">0</SimpleData>
		<SimpleData name="Zone_no">117</SimpleData>
		<SimpleData name="ycoord">3174674.096</SimpleData>
	</SchemaData></ExtendedData>
      <Polygon><outerBoundaryIs><LinearRing><coordinates>77.182701239,28.679795805,0 77.1785510230001,28.6785978770001,0 77.176502864,28.677857047,0 77.1756764140001,28.6776836600001,0 77.1726311250001,28.6775339170001,0 77.171966372,28.677368411,0 77.1681395480001,28.6759891840001,0 77.1643756070001,28.6837204990001,0 77.173798935,28.6871328140001,0 77.174544536,28.6881257530001,0 77.1775808420001,28.686904279,0 77.179386456,28.6858798060001,0 77.178299494,28.684406123,0 77.177760505,28.684650425,0 77.177149651,28.683688976,0 77.1784252580001,28.6829718230001,0 77.177212533,28.6812616720001,0 77.1783803430001,28.680646956,0 77.179691883,28.6806705990001,0 77.1825754750001,28.6801583330001,0 77.182701239,28.679795805,0</coordinates></LinearRing></outerBoundaryIs></Polygon>
  </Placemark>
  <Placemark>
	<Style><LineStyle><color>ff0000ff</color></LineStyle><PolyStyle><fill>0</fill></PolyStyle></Style>
	<ExtendedData><SchemaData schemaUrl="#Final_zoning_delhi">
		<SimpleData name="tessellate">-1</SimpleData>
		<SimpleData name="extrude">0</SimpleData>
		<SimpleData name="visibility">-1</SimpleData>
		<SimpleData name="Ward_Name">SHAKUR PUR</SimpleData>
		<SimpleData name="Ward_No">64</SimpleData>
		<SimpleData name="internal">0</SimpleData>
		<SimpleData name="Zone_no">102</SimpleData>
		<SimpleData name="ycoord">3175579.920</SimpleData>
	</SchemaData></ExtendedData>
      <Polygon><outerBoundaryIs><LinearRing><coordinates>77.1540270150001,28.6929721060001,0 77.153595824,28.6919082920001,0 77.1524998790001,28.6877080890001,0 77.152077671,28.687156455,0 77.146355403,28.6832161290001,0 77.1453403070001,28.6844691690001,0 77.1445048730001,28.6851941910001,0 77.1451786100001,28.6859980150001,0 77.1459691270001,28.686659982,0 77.1453133570001,28.687219499,0 77.1443072440001,28.687274663,0 77.1443072440001,28.688173035,0 77.1425465460001,28.6882124380001,0 77.142492647,28.6892999310001,0 77.1428160410001,28.689244768,0 77.1436874060001,28.6921683360001,0 77.1416302640001,28.6975030470001,0 77.146624897,28.695367619,0 77.1540270150001,28.6929721060001,0</coordinates></LinearRing></outerBoundaryIs></Polygon>
  </Placemark>
  <Placemark>
	<Style><LineStyle><color>ff0000ff</color></LineStyle><PolyStyle><fill>0</fill></PolyStyle></Style>
	<ExtendedData><SchemaData schemaUrl="#Final_zoning_delhi">
		<SimpleData name="tessellate">-1</SimpleData>
		<SimpleData name="extrude">0</SimpleData>
		<SimpleData name="visibility">-1</SimpleData>
		<SimpleData name="Ward_Name">KOHAT ENCLAVE</SimpleData>
		<SimpleData name="Ward_No">63</SimpleData>
		<SimpleData name="internal">0</SimpleData>
		<SimpleData name="Zone_no">94</SimpleData>
		<SimpleData name="ycoord">3175893.382</SimpleData>
	</SchemaData></ExtendedData>
      <Polygon><outerBoundaryIs><LinearRing><coordinates>77.1416302640001,28.6975030470001,0 77.1436874060001,28.6921683360001,0 77.1428160410001,28.689244768,0 77.142492647,28.6892999310001,0 77.1425465460001,28.6882124380001,0 77.1443072440001,28.688173035,0 77.1443072440001,28.687274663,0 77.1453403070001,28.687211619,0 77.1459511610001,28.686596938,0 77.1451786100001,28.6859980150001,0 77.1445048730001,28.6851941910001,0 77.1430855350001,28.6856670290001,0 77.1416212810001,28.6854936550001,0 77.1368602100001,28.6833658640001,0 77.1329076230001,28.683507718,0 77.1336442420001,28.685367565,0 77.1338149210001,28.686659982,0 77.1340125510001,28.6869830840001,0 77.1341832310001,28.6871958580001,0 77.135351041,28.686959442,0 77.1354408720001,28.6912621180001,0 77.130688784,28.691955573,0 77.130886414,28.692743584,0 77.12973657,28.697652761,0 77.1269697590001,28.699803902,0 77.126278056,28.70079672,0 77.1296736880001,28.7027902090001,0 77.1311289590001,28.70399574,0 77.137614795,28.699488719,0 77.139079049,28.6986298420001,0 77.1416302640001,28.6975030470001,0</coordinates></LinearRing></outerBoundaryIs></Polygon>
  </Placemark>
  <Placemark>
	<Style><LineStyle><color>ff0000ff</color></LineStyle><PolyStyle><fill>0</fill></PolyStyle></Style>
	<ExtendedData><SchemaData schemaUrl="#Final_zoning_delhi">
		<SimpleData name="tessellate">-1</SimpleData>
		<SimpleData name="extrude">0</SimpleData>
		<SimpleData name="visibility">-1</SimpleData>
		<SimpleData name="Ward_Name">RAMPURA</SimpleData>
		<SimpleData name="Ward_No">62</SimpleData>
		<SimpleData name="internal">0</SimpleData>
		<SimpleData name="Zone_no">123</SimpleData>
		<SimpleData name="ycoord">3174333.527</SimpleData>
	</SchemaData></ExtendedData>
      <Polygon><outerBoundaryIs><LinearRing><coordinates>77.1546917690001,28.6814981,0 77.1552307580001,28.6775102730001,0 77.1581502830001,28.6764463010001,0 77.1580155350001,28.676249268,0 77.157251967,28.6758473200001,0 77.1579436700001,28.674799095,0 77.1568836580001,28.674176459,0 77.157557394,28.673411953,0 77.1575304450001,28.6728996520001,0 77.159488772,28.6721114910001,0 77.1577370570001,28.671173572,0 77.1518890250001,28.6721903070001,0 77.1401031280001,28.67375874,0 77.14167518,28.6788579550001,0 77.1378483570001,28.6795751350001,0 77.1326021960001,28.6800479990001,0 77.1329076230001,28.683507718,0 77.1368602100001,28.6833658640001,0 77.1413248370001,28.6853912070001,0 77.1426453610001,28.685690671,0 77.143615541,28.685572462,0 77.1446036880001,28.685146907,0 77.146355403,28.6832161290001,0 77.152077671,28.687156455,0 77.1524998790001,28.6877080890001,0 77.1532005650001,28.690403173,0 77.154035999,28.688677382,0 77.1539910830001,28.6865181320001,0 77.1546917690001,28.6814981,0</coordinates></LinearRing></outerBoundaryIs></Polygon>
  </Placemark>
  <Placemark>
	<Style><LineStyle><color>ff0000ff</color></LineStyle><PolyStyle><fill>0</fill></PolyStyle></Style>
	<ExtendedData><SchemaData schemaUrl="#Final_zoning_delhi">
		<SimpleData name="tessellate">-1</SimpleData>
		<SimpleData name="extrude">0</SimpleData>
		<SimpleData name="visibility">-1</SimpleData>
		<SimpleData name="Ward_Name">TRI NAGAR</SimpleData>
		<SimpleData name="Ward_No">61</SimpleData>
		<SimpleData name="internal">0</SimpleData>
		<SimpleData name="Zone_no">126</SimpleData>
		<SimpleData name="ycoord">3174176.942</SimpleData>
	</SchemaData></ExtendedData>
      <Polygon><outerBoundaryIs><LinearRing><coordinates>77.164384591,28.6837204990001,0 77.1681395480001,28.6759891840001,0 77.1653907040001,28.6742001040001,0 77.1640611970001,28.6735538200001,0 77.1610877730001,28.672765665,0 77.159488772,28.6721114910001,0 77.1575304450001,28.6728996520001,0 77.157557394,28.673411953,0 77.1568836580001,28.674176459,0 77.1579436700001,28.674799095,0 77.157251967,28.6758473200001,0 77.1580155350001,28.676249268,0 77.1581502830001,28.6764463010001,0 77.1552307580001,28.6775102730001,0 77.1546917690001,28.6814981,0 77.1562189050001,28.681135576,0 77.1578628220001,28.68029231,0 77.1579346870001,28.680063761,0 77.1591653790001,28.6793308210001,0 77.1596235200001,28.6796697080001,0 77.1598031830001,28.6795199680001,0 77.160494885,28.680111047,0 77.160162509,28.6805445030001,0 77.161267437,28.681663599,0 77.1607464140001,28.681915788,0 77.164384591,28.6837204990001,0</coordinates></LinearRing></outerBoundaryIs></Polygon>
  </Placemark>
  <Placemark>
	<Style><LineStyle><color>ff0000ff</color></LineStyle><PolyStyle><fill>0</fill></PolyStyle></Style>
	<ExtendedData><SchemaData schemaUrl="#Final_zoning_delhi">
		<SimpleData name="tessellate">-1</SimpleData>
		<SimpleData name="extrude">0</SimpleData>
		<SimpleData name="visibility">-1</SimpleData>
		<SimpleData name="Ward_Name">SARASWATI VIHAR</SimpleData>
		<SimpleData name="Ward_No">60</SimpleData>
		<SimpleData name="internal">0</SimpleData>
		<SimpleData name="Zone_no">103</SimpleData>
		<SimpleData name="ycoord">3175530.058</SimpleData>
	</SchemaData></ExtendedData>
      <Polygon><outerBoundaryIs><LinearRing><coordinates>77.130688784,28.691955573,0 77.130518104,28.6914748830001,0 77.1299791150001,28.6913724400001,0 77.1295209740001,28.69097055,0 77.125801949,28.6913566800001,0 77.120528838,28.690418933,0 77.1212834230001,28.6868806370001,0 77.122729711,28.6866363410001,0 77.1231878520001,28.686321118,0 77.1235292110001,28.685903447,0 77.1235561610001,28.6850286970001,0 77.112399085,28.6863447600001,0 77.1121206070001,28.683744141,0 77.113998086,28.683547122,0 77.1139441870001,28.681710885,0 77.095277196,28.6833106980001,0 77.096328225,28.689142324,0 77.0967594160001,28.6900879620001,0 77.0978373940001,28.6914670030001,0 77.0990501200001,28.6923495790001,0 77.1001999640001,28.692853905,0 77.111698399,28.6961240860001,0 77.118831023,28.6979443110001,0 77.1231878520001,28.6993784050001,0 77.124894651,28.700048167,0 77.126278056,28.70079672,0 77.1269697590001,28.699803902,0 77.12973657,28.697652761,0 77.130886414,28.692743584,0 77.130688784,28.691955573,0</coordinates></LinearRing></outerBoundaryIs></Polygon>
  </Placemark>
  <Placemark>
	<Style><LineStyle><color>ff0000ff</color></LineStyle><PolyStyle><fill>0</fill></PolyStyle></Style>
	<ExtendedData><SchemaData schemaUrl="#Final_zoning_delhi">
		<SimpleData name="tessellate">-1</SimpleData>
		<SimpleData name="extrude">0</SimpleData>
		<SimpleData name="visibility">-1</SimpleData>
		<SimpleData name="Ward_Name">RANI BAGH</SimpleData>
		<SimpleData name="Ward_No">59</SimpleData>
		<SimpleData name="internal">0</SimpleData>
		<SimpleData name="Zone_no">118</SimpleData>
		<SimpleData name="ycoord">3174631.909</SimpleData>
	</SchemaData></ExtendedData>
      <Polygon><outerBoundaryIs><LinearRing><coordinates>77.1329076230001,28.683507718,0 77.1326021960001,28.6800479990001,0 77.1378483570001,28.6795751350001,0 77.14167518,28.6788579550001,0 77.1401031280001,28.67375874,0 77.1142496150001,28.6770531610001,0 77.1144202940001,28.680607551,0 77.1139172380001,28.6812537910001,0 77.113998086,28.683547122,0 77.1121206070001,28.683744141,0 77.112399085,28.6863447600001,0 77.1235561610001,28.6850286970001,0 77.1235292110001,28.685903447,0 77.1231878520001,28.686321118,0 77.122729711,28.6866363410001,0 77.1212834230001,28.6868806370001,0 77.120528838,28.690418933,0 77.125801949,28.6913566800001,0 77.1295209740001,28.69097055,0 77.1299791150001,28.6913724400001,0 77.130518104,28.6914748830001,0 77.130688784,28.691955573,0 77.1354408720001,28.6912621180001,0 77.135351041,28.686959442,0 77.1341832310001,28.6871958580001,0 77.1340125510001,28.6869830840001,0 77.1338149210001,28.686659982,0 77.1336442420001,28.685367565,0 77.1329076230001,28.683507718,0</coordinates></LinearRing></outerBoundaryIs></Polygon>
  </Placemark>
  <Placemark>
	<Style><LineStyle><color>ff0000ff</color></LineStyle><PolyStyle><fill>0</fill></PolyStyle></Style>
	<ExtendedData><SchemaData schemaUrl="#Final_zoning_delhi">
		<SimpleData name="tessellate">-1</SimpleData>
		<SimpleData name="extrude">0</SimpleData>
		<SimpleData name="visibility">-1</SimpleData>
		<SimpleData name="Ward_Name">PASCHIM VIHAR NORTH</SimpleData>
		<SimpleData name="Ward_No">58</SimpleData>
		<SimpleData name="internal">0</SimpleData>
		<SimpleData name="Zone_no">129</SimpleData>
		<SimpleData name="ycoord">3174009.501</SimpleData>
	</SchemaData></ExtendedData>
      <Polygon><outerBoundaryIs><LinearRing><coordinates>77.095277196,28.6833106980001,0 77.1139441870001,28.681710885,0 77.1139172380001,28.6812537910001,0 77.1144202940001,28.680607551,0 77.1142496150001,28.6770531610001,0 77.1138363900001,28.677100448,0 77.1127314620001,28.671000174,0 77.111833146,28.6711184,0 77.1020325270001,28.6686198670001,0 77.1031733870001,28.672773546,0 77.0965528030001,28.6737272140001,0 77.096364157,28.67401883,0 77.0962024610001,28.6746966360001,0 77.096840264,28.6792992970001,0 77.0945854930001,28.6796303030001,0 77.095277196,28.6833106980001,0</coordinates></LinearRing></outerBoundaryIs></Polygon>
  </Placemark>
  <Placemark>
	<Style><LineStyle><color>ff0000ff</color></LineStyle><PolyStyle><fill>0</fill></PolyStyle></Style>
	<ExtendedData><SchemaData schemaUrl="#Final_zoning_delhi">
		<SimpleData name="tessellate">-1</SimpleData>
		<SimpleData name="extrude">0</SimpleData>
		<SimpleData name="visibility">-1</SimpleData>
		<SimpleData name="Ward_Name">PASCHIM VIHAR SOUTH</SimpleData>
		<SimpleData name="Ward_No">57</SimpleData>
		<SimpleData name="internal">0</SimpleData>
		<SimpleData name="Zone_no">147</SimpleData>
		<SimpleData name="ycoord">3172767.920</SimpleData>
	</SchemaData></ExtendedData>
      <Polygon><outerBoundaryIs><LinearRing><coordinates>77.1127314620001,28.671000174,0 77.111788231,28.66542765,0 77.1153275930001,28.6649783670001,0 77.1150940310001,28.663520154,0 77.1167199820001,28.6632994500001,0 77.1164415040001,28.6619200390001,0 77.1153904750001,28.6617545080001,0 77.1139082550001,28.661092383,0 77.111698399,28.6606509640001,0 77.108949554,28.6606509640001,0 77.1049161190001,28.661155443,0 77.1018887960001,28.661186973,0 77.098663844,28.6605879040001,0 77.0959060160001,28.6584596060001,0 77.0937770090001,28.6561420780001,0 77.0929685250001,28.655629692,0 77.0921780080001,28.655172484,0 77.09027358,28.654502435,0 77.0891057700001,28.654344775,0 77.088746444,28.6544551370001,0 77.0903184950001,28.656867296,0 77.0907496870001,28.657750164,0 77.0911000300001,28.6590035090001,0 77.0945854930001,28.6796303030001,0 77.096840264,28.6792992970001,0 77.0962024610001,28.6746966360001,0 77.0965528030001,28.6737272140001,0 77.1031733870001,28.672773546,0 77.1020325270001,28.6686198670001,0 77.111833146,28.6711184,0 77.1127314620001,28.671000174,0</coordinates></LinearRing></outerBoundaryIs></Polygon>
  </Placemark>
  <Placemark>
	<Style><LineStyle><color>ff0000ff</color></LineStyle><PolyStyle><fill>0</fill></PolyStyle></Style>
	<ExtendedData><SchemaData schemaUrl="#Final_zoning_delhi">
		<SimpleData name="tessellate">-1</SimpleData>
		<SimpleData name="extrude">0</SimpleData>
		<SimpleData name="visibility">-1</SimpleData>
		<SimpleData name="Ward_Name">SHALIMAR BAGH SOUTH</SimpleData>
		<SimpleData name="Ward_No">56</SimpleData>
		<SimpleData name="internal">0</SimpleData>
		<SimpleData name="Zone_no">71</SimpleData>
		<SimpleData name="ycoord">3177501.176</SimpleData>
	</SchemaData></ExtendedData>
      <Polygon><outerBoundaryIs><LinearRing><coordinates>77.1673130980001,28.7139467430001,0 77.173565373,28.7071946610001,0 77.171427382,28.704665473,0 77.1705560170001,28.7041612040001,0 77.1639623820001,28.701687098,0 77.1581502830001,28.700032408,0 77.1575663780001,28.6997172260001,0 77.1570273880001,28.699094739,0 77.150343923,28.709645,0 77.15244598,28.710881966,0 77.15480855,28.707604368,0 77.1603331890001,28.710684998,0 77.1612045540001,28.7094716660001,0 77.1616267630001,28.7097159090001,0 77.1619681220001,28.710992268,0 77.1609979420001,28.713127377,0 77.161141672,28.713930986,0 77.162426263,28.7140964340001,0 77.1624442300001,28.714395816,0 77.1620938870001,28.7145376280001,0 77.1618693080001,28.7154594020001,0 77.162048971,28.7160502780001,0 77.1619411730001,28.7166096380001,0 77.1622106680001,28.7171453600001,0 77.1625789770001,28.717555028,0 77.1629742360001,28.717759862,0 77.161177605,28.719926344,0 77.1616357460001,28.720186319,0 77.1673130980001,28.7139467430001,0</coordinates></LinearRing></outerBoundaryIs></Polygon>
  </Placemark>
  <Placemark>
	<Style><LineStyle><color>ff0000ff</color></LineStyle><PolyStyle><fill>0</fill></PolyStyle></Style>
	<ExtendedData><SchemaData schemaUrl="#Final_zoning_delhi">
		<SimpleData name="tessellate">-1</SimpleData>
		<SimpleData name="extrude">0</SimpleData>
		<SimpleData name="visibility">-1</SimpleData>
		<SimpleData name="Ward_Name">SHALIMAR BAGH NORTH</SimpleData>
		<SimpleData name="Ward_No">55</SimpleData>
		<SimpleData name="internal">0</SimpleData>
		<SimpleData name="Zone_no">54</SimpleData>
		<SimpleData name="ycoord">3178585.416</SimpleData>
	</SchemaData></ExtendedData>
      <Polygon><outerBoundaryIs><LinearRing><coordinates>77.1616357460001,28.720186319,0 77.161177605,28.719926344,0 77.1629742360001,28.717759862,0 77.1625789770001,28.717555028,0 77.1622106680001,28.7171453600001,0 77.1619411730001,28.7166096380001,0 77.162048971,28.7160502780001,0 77.1618693080001,28.7154594020001,0 77.1620938870001,28.7145376280001,0 77.1624442300001,28.714395816,0 77.162426263,28.7140964340001,0 77.161141672,28.713930986,0 77.1609979420001,28.713127377,0 77.1619681220001,28.710992268,0 77.1616267630001,28.7097159090001,0 77.1612045540001,28.7094716660001,0 77.1603331890001,28.710684998,0 77.15480855,28.707604368,0 77.15244598,28.710881966,0 77.1503259560001,28.7096371210001,0 77.1472896510001,28.7147503460001,0 77.1456547170001,28.717184751,0 77.1485922080001,28.7173265600001,0 77.1494186580001,28.720777169,0 77.150586468,28.7231090230001,0 77.1508290130001,28.724708203,0 77.1522214020001,28.7265830740001,0 77.1499486640001,28.7273944570001,0 77.1500564620001,28.7275047410001,0 77.1528951380001,28.729552863,0 77.1616357460001,28.720186319,0</coordinates></LinearRing></outerBoundaryIs></Polygon>
  </Placemark>
  <Placemark>
	<Style><LineStyle><color>ff0000ff</color></LineStyle><PolyStyle><fill>0</fill></PolyStyle></Style>
	<ExtendedData><SchemaData schemaUrl="#Final_zoning_delhi">
		<SimpleData name="tessellate">-1</SimpleData>
		<SimpleData name="extrude">0</SimpleData>
		<SimpleData name="visibility">-1</SimpleData>
		<SimpleData name="Ward_Name">PITAMPUR NORTH</SimpleData>
		<SimpleData name="Ward_No">54</SimpleData>
		<SimpleData name="internal">0</SimpleData>
		<SimpleData name="Zone_no">56</SimpleData>
		<SimpleData name="ycoord">3178478.878</SimpleData>
	</SchemaData></ExtendedData>
      <Polygon><outerBoundaryIs><LinearRing><coordinates>77.1528951380001,28.729552863,0 77.1499486640001,28.7273944570001,0 77.1522214020001,28.7265830740001,0 77.1508290130001,28.724708203,0 77.150586468,28.7231090230001,0 77.1494186580001,28.720777169,0 77.1485922080001,28.7173265600001,0 77.1456547170001,28.717184751,0 77.1472896510001,28.7147503460001,0 77.1503259560001,28.7096292430001,0 77.1478915220001,28.7075886100001,0 77.1451426770001,28.7046812310001,0 77.144019783,28.705595213,0 77.1426363780001,28.704279392,0 77.1424117990001,28.7043739420001,0 77.1418368770001,28.7038145170001,0 77.140525337,28.704862452,0 77.1411182250001,28.705413993,0 77.139240746,28.7069346540001,0 77.1384142960001,28.7061861450001,0 77.1352612090001,28.7086049920001,0 77.1381178520001,28.7122607330001,0 77.1387556560001,28.713686753,0 77.139168881,28.714939428,0 77.1405882190001,28.7214231610001,0 77.141145174,28.7231878010001,0 77.1419985740001,28.7246215490001,0 77.1431753670001,28.726197074,0 77.1445677550001,28.727425967,0 77.1509098610001,28.7316718380001,0 77.1528951380001,28.729552863,0</coordinates></LinearRing></outerBoundaryIs></Polygon>
  </Placemark>
  <Placemark>
	<Style><LineStyle><color>ff0000ff</color></LineStyle><PolyStyle><fill>0</fill></PolyStyle></Style>
	<ExtendedData><SchemaData schemaUrl="#Final_zoning_delhi">
		<SimpleData name="tessellate">-1</SimpleData>
		<SimpleData name="extrude">0</SimpleData>
		<SimpleData name="visibility">-1</SimpleData>
		<SimpleData name="Ward_Name">PITAMPURA SOUTH</SimpleData>
		<SimpleData name="Ward_No">53</SimpleData>
		<SimpleData name="internal">0</SimpleData>
		<SimpleData name="Zone_no">78</SimpleData>
		<SimpleData name="ycoord">3176785.364</SimpleData>
	</SchemaData></ExtendedData>
      <Polygon><outerBoundaryIs><LinearRing><coordinates>77.1570273880001,28.699094739,0 77.1540270150001,28.6929721060001,0 77.146624897,28.695367619,0 77.139079049,28.6986298420001,0 77.1372734350001,28.6997014670001,0 77.1311289590001,28.70399574,0 77.1352701920001,28.7085971130001,0 77.1384142960001,28.7061861450001,0 77.139240746,28.7069346540001,0 77.1411182250001,28.705413993,0 77.140525337,28.704862452,0 77.1418368770001,28.7038145170001,0 77.1424117990001,28.7043739420001,0 77.1426363780001,28.704279392,0 77.144019783,28.705595213,0 77.1451426770001,28.7046812310001,0 77.1478915220001,28.7075886100001,0 77.150343923,28.709645,0 77.1570273880001,28.699094739,0</coordinates></LinearRing></outerBoundaryIs></Polygon>
  </Placemark>
  <Placemark>
	<Style><LineStyle><color>ff0000ff</color></LineStyle><PolyStyle><fill>0</fill></PolyStyle></Style>
	<ExtendedData><SchemaData schemaUrl="#Final_zoning_delhi">
		<SimpleData name="tessellate">-1</SimpleData>
		<SimpleData name="extrude">0</SimpleData>
		<SimpleData name="visibility">-1</SimpleData>
		<SimpleData name="Ward_Name">NAHARPUR</SimpleData>
		<SimpleData name="Ward_No">52</SimpleData>
		<SimpleData name="internal">0</SimpleData>
		<SimpleData name="Zone_no">65</SimpleData>
		<SimpleData name="ycoord">3177740.570</SimpleData>
	</SchemaData></ExtendedData>
      <Polygon><outerBoundaryIs><LinearRing><coordinates>77.1225859800001,28.709897122,0 77.120358159,28.7073837570001,0 77.1209959620001,28.70696617,0 77.118866955,28.704586681,0 77.117914741,28.705098827,0 77.1175284650001,28.704539406,0 77.1169176110001,28.7048230560001,0 77.1162887900001,28.7035938980001,0 77.116737948,28.703341761,0 77.116028279,28.7024907950001,0 77.1098388870001,28.7067613150001,0 77.1210498610001,28.7193197340001,0 77.123807689,28.7174368550001,0 77.1221368230001,28.7155618200001,0 77.1233585320001,28.7147503460001,0 77.122720728,28.7140649200001,0 77.1236639590001,28.7134110040001,0 77.124292779,28.7140964340001,0 77.1248317690001,28.7141043130001,0 77.1250383810001,28.7138600800001,0 77.1219391930001,28.7103540910001,0 77.1225859800001,28.709897122,0</coordinates></LinearRing></outerBoundaryIs></Polygon>
  </Placemark>
  <Placemark>
	<Style><LineStyle><color>ff0000ff</color></LineStyle><PolyStyle><fill>0</fill></PolyStyle></Style>
	<ExtendedData><SchemaData schemaUrl="#Final_zoning_delhi">
		<SimpleData name="tessellate">-1</SimpleData>
		<SimpleData name="extrude">0</SimpleData>
		<SimpleData name="visibility">-1</SimpleData>
		<SimpleData name="Ward_Name">ROHINI EAST</SimpleData>
		<SimpleData name="Ward_No">51</SimpleData>
		<SimpleData name="internal">0</SimpleData>
		<SimpleData name="Zone_no">69</SimpleData>
		<SimpleData name="ycoord">3177537.012</SimpleData>
	</SchemaData></ExtendedData>
      <Polygon><outerBoundaryIs><LinearRing><coordinates>77.1386388750001,28.7187525100001,0 77.1399414320001,28.7185082880001,0 77.139168881,28.714939428,0 77.1381178520001,28.7122607330001,0 77.1352701920001,28.7085971130001,0 77.131155908,28.7040272570001,0 77.1296736880001,28.7027902090001,0 77.124894651,28.700048167,0 77.1219302100001,28.698921388,0 77.1186783090001,28.6979049120001,0 77.1179686400001,28.701040984,0 77.116028279,28.7024907950001,0 77.116737948,28.703341761,0 77.1162887900001,28.7035938980001,0 77.1169176110001,28.7048230560001,0 77.1175284650001,28.704539406,0 77.117914741,28.705098827,0 77.118866955,28.704586681,0 77.1209959620001,28.70696617,0 77.120358159,28.7073837570001,0 77.1225859800001,28.709897122,0 77.124697021,28.7084237770001,0 77.1353690070001,28.7203517570001,0 77.137174621,28.719138538,0 77.1386388750001,28.7187525100001,0</coordinates></LinearRing></outerBoundaryIs></Polygon>
  </Placemark>
  <Placemark>
	<Style><LineStyle><color>ff0000ff</color></LineStyle><PolyStyle><fill>0</fill></PolyStyle></Style>
	<ExtendedData><SchemaData schemaUrl="#Final_zoning_delhi">
		<SimpleData name="tessellate">-1</SimpleData>
		<SimpleData name="extrude">0</SimpleData>
		<SimpleData name="visibility">-1</SimpleData>
		<SimpleData name="Ward_Name">ROHINI CENTRAL</SimpleData>
		<SimpleData name="Ward_No">50</SimpleData>
		<SimpleData name="internal">0</SimpleData>
		<SimpleData name="Zone_no">52</SimpleData>
		<SimpleData name="ycoord">3178972.500</SimpleData>
	</SchemaData></ExtendedData>
      <Polygon><outerBoundaryIs><LinearRing><coordinates>77.122720728,28.7291747510001,0 77.1305989530001,28.723755,0 77.1338149210001,28.7272526620001,0 77.1386388750001,28.7187525100001,0 77.137174621,28.719138538,0 77.1353690070001,28.7203517570001,0 77.124697021,28.7084237770001,0 77.1219391930001,28.7103540910001,0 77.1250383810001,28.7138600800001,0 77.1248317690001,28.7141043130001,0 77.124292779,28.7140964340001,0 77.1236639590001,28.7134110040001,0 77.122720728,28.7140649200001,0 77.1233585320001,28.7147503460001,0 77.1221368230001,28.7155618200001,0 77.123807689,28.7174368550001,0 77.1210498610001,28.7193197340001,0 77.1186154270001,28.7166490290001,0 77.1100634650001,28.7225260640001,0 77.118498646,28.7320026780001,0 77.122720728,28.7291747510001,0</coordinates></LinearRing></outerBoundaryIs></Polygon>
  </Placemark>
  <Placemark>
	<Style><LineStyle><color>ff0000ff</color></LineStyle><PolyStyle><fill>0</fill></PolyStyle></Style>
	<ExtendedData><SchemaData schemaUrl="#Final_zoning_delhi">
		<SimpleData name="tessellate">-1</SimpleData>
		<SimpleData name="extrude">0</SimpleData>
		<SimpleData name="visibility">-1</SimpleData>
		<SimpleData name="Ward_Name">MANGOLPURI  WEST</SimpleData>
		<SimpleData name="Ward_No">48</SimpleData>
		<SimpleData name="internal">0</SimpleData>
		<SimpleData name="Zone_no">109</SimpleData>
		<SimpleData name="ycoord">3175292.624</SimpleData>
	</SchemaData></ExtendedData>
      <Polygon><outerBoundaryIs><LinearRing><coordinates>77.0917108840001,28.6923811,0 77.0914773220001,28.683649572,0 77.0767090190001,28.6848632030001,0 77.076735968,28.686589057,0 77.0772300420001,28.6865654160001,0 77.0764125750001,28.687345587,0 77.076286811,28.6879760240001,0 77.0766730860001,28.6885828170001,0 77.0759993500001,28.689095041,0 77.07696953,28.690111603,0 77.0757657880001,28.69097843,0 77.076187996,28.6916088460001,0 77.077472587,28.6921368160001,0 77.077885812,28.692712064,0 77.078694296,28.693113947,0 77.078927858,28.6948160260001,0 77.07947583,28.6965259560001,0 77.0809760160001,28.6964629180001,0 77.080931101,28.695367619,0 77.0819012810001,28.695359739,0 77.081838399,28.6926017420001,0 77.0917108840001,28.6923811,0</coordinates></LinearRing></outerBoundaryIs></Polygon>
  </Placemark>
  <Placemark>
	<Style><LineStyle><color>ff0000ff</color></LineStyle><PolyStyle><fill>0</fill></PolyStyle></Style>
	<ExtendedData><SchemaData schemaUrl="#Final_zoning_delhi">
		<SimpleData name="tessellate">-1</SimpleData>
		<SimpleData name="extrude">0</SimpleData>
		<SimpleData name="visibility">-1</SimpleData>
		<SimpleData name="Ward_Name">MANGOLPURI  EAST</SimpleData>
		<SimpleData name="Ward_No">46</SimpleData>
		<SimpleData name="internal">0</SimpleData>
		<SimpleData name="Zone_no">101</SimpleData>
		<SimpleData name="ycoord">3175581.298</SimpleData>
	</SchemaData></ExtendedData>
      <Polygon><outerBoundaryIs><LinearRing><coordinates>77.101807948,28.693303069,0 77.1001999640001,28.692853905,0 77.098663844,28.692113175,0 77.0978373940001,28.6914670030001,0 77.0967594160001,28.6900879620001,0 77.096328225,28.689142324,0 77.095277196,28.6833106980001,0 77.0914773220001,28.683649572,0 77.091827665,28.6966047540001,0 77.098861474,28.6964707980001,0 77.0993016480001,28.696801749,0 77.100837767,28.6957694930001,0 77.10235592,28.695233661,0 77.101843881,28.69419351,0 77.101807948,28.693303069,0</coordinates></LinearRing></outerBoundaryIs></Polygon>
  </Placemark>
  <Placemark>
	<Style><LineStyle><color>ff0000ff</color></LineStyle><PolyStyle><fill>0</fill></PolyStyle></Style>
	<ExtendedData><SchemaData schemaUrl="#Final_zoning_delhi">
		<SimpleData name="tessellate">-1</SimpleData>
		<SimpleData name="extrude">0</SimpleData>
		<SimpleData name="visibility">-1</SimpleData>
		<SimpleData name="Ward_Name">ROHINI SOUTH</SimpleData>
		<SimpleData name="Ward_No">45</SimpleData>
		<SimpleData name="internal">0</SimpleData>
		<SimpleData name="Zone_no">79</SimpleData>
		<SimpleData name="ycoord">3176756.831</SimpleData>
	</SchemaData></ExtendedData>
      <Polygon><outerBoundaryIs><LinearRing><coordinates>77.103029657,28.711472869,0 77.1177350780001,28.7013246440001,0 77.1179686400001,28.701040984,0 77.1186783090001,28.6979049120001,0 77.111698399,28.6961240860001,0 77.101807948,28.693303069,0 77.101843881,28.69419351,0 77.10235592,28.695233661,0 77.100837767,28.6957694930001,0 77.098358417,28.6974951670001,0 77.099139951,28.698535286,0 77.102688297,28.6984722490001,0 77.103505764,28.6994099230001,0 77.0993016480001,28.702333207,0 77.1014216720001,28.704736385,0 77.099274699,28.7062334190001,0 77.0993016480001,28.706375242,0 77.1020594760001,28.7120952820001,0 77.103029657,28.711472869,0</coordinates></LinearRing></outerBoundaryIs></Polygon>
  </Placemark>
  <Placemark>
	<Style><LineStyle><color>ff0000ff</color></LineStyle><PolyStyle><fill>0</fill></PolyStyle></Style>
	<ExtendedData><SchemaData schemaUrl="#Final_zoning_delhi">
		<SimpleData name="tessellate">-1</SimpleData>
		<SimpleData name="extrude">0</SimpleData>
		<SimpleData name="visibility">-1</SimpleData>
		<SimpleData name="Ward_Name">QUAMMRUDDIN NAGAR</SimpleData>
		<SimpleData name="Ward_No">44</SimpleData>
		<SimpleData name="internal">0</SimpleData>
		<SimpleData name="Zone_no">157</SimpleData>
		<SimpleData name="ycoord">3171743.286</SimpleData>
	</SchemaData></ExtendedData>
      <Polygon><outerBoundaryIs><LinearRing><coordinates>77.076735968,28.6748069760001,0 77.078182256,28.6687065680001,0 77.078083441,28.665112363,0 77.077876829,28.6637329760001,0 77.0783439530001,28.662724041,0 77.0793320990001,28.6612421500001,0 77.080122617,28.6586960860001,0 77.0804819430001,28.65690671,0 77.0791793860001,28.6556848720001,0 77.0770144460001,28.654612796,0 77.074400349,28.652839117,0 77.0738074600001,28.6518143100001,0 77.0728821960001,28.65087621,0 77.063297172,28.6425196490001,0 77.0585001680001,28.6389639670001,0 77.0582127070001,28.6389639670001,0 77.057368291,28.639744493,0 77.0571526950001,28.640217536,0 77.057134729,28.6414474380001,0 77.0574581220001,28.644332922,0 77.057062864,28.6457677500001,0 77.0562633630001,28.647013354,0 77.0521131460001,28.6505451130001,0 77.0485558180001,28.6514516840001,0 77.046750204,28.6514359180001,0 77.0467861370001,28.6533436330001,0 77.048232424,28.653446113,0 77.0523017930001,28.6590902180001,0 77.0523916240001,28.6603198990001,0 77.0543769010001,28.6593976390001,0 77.0530923100001,28.657182607,0 77.052939596,28.656646578,0 77.0595511970001,28.6565519850001,0 77.059533231,28.655574512,0 77.0643931160001,28.6555429800001,0 77.064473965,28.6576871030001,0 77.0640337900001,28.658089121,0 77.0614825750001,28.6624323940001,0 77.060287815,28.6659715160001,0 77.060180018,28.667366638,0 77.064554813,28.6673114640001,0 77.064581763,28.668832679,0 77.066576022,28.668801151,0 77.0666029720001,28.670858303,0 77.0700075870001,28.670834658,0 77.0700525030001,28.6725370980001,0 77.0744722140001,28.6724661640001,0 77.0745530620001,28.675169521,0 77.076735968,28.6748069760001,0</coordinates></LinearRing></outerBoundaryIs></Polygon>
  </Placemark>
  <Placemark>
	<Style><LineStyle><color>ff0000ff</color></LineStyle><PolyStyle><fill>0</fill></PolyStyle></Style>
	<ExtendedData><SchemaData schemaUrl="#Final_zoning_delhi">
		<SimpleData name="tessellate">-1</SimpleData>
		<SimpleData name="extrude">0</SimpleData>
		<SimpleData name="visibility">-1</SimpleData>
		<SimpleData name="Ward_Name">NANGLOI EAST</SimpleData>
		<SimpleData name="Ward_No">43</SimpleData>
		<SimpleData name="internal">0</SimpleData>
		<SimpleData name="Zone_no">132</SimpleData>
		<SimpleData name="ycoord">3173738.811</SimpleData>
	</SchemaData></ExtendedData>
      <Polygon><outerBoundaryIs><LinearRing><coordinates>77.0763766420001,28.684847442,0 77.0764754570001,28.682688114,0 77.075810704,28.6778491650001,0 77.076735968,28.6748069760001,0 77.0745530620001,28.675169521,0 77.0744722140001,28.6724661640001,0 77.0700525030001,28.6725370980001,0 77.0700075870001,28.670834658,0 77.0666029720001,28.670858303,0 77.066576022,28.668801151,0 77.064581763,28.668832679,0 77.064554813,28.6673114640001,0 77.0585720330001,28.6673981660001,0 77.0585450840001,28.66557741,0 77.05622743,28.6656010560001,0 77.056191498,28.6630945100001,0 77.0557962390001,28.6625663940001,0 77.055302166,28.6628895700001,0 77.054906907,28.6625348640001,0 77.0541792720001,28.6625506290001,0 77.0541433390001,28.661336739,0 77.050945337,28.6617860380001,0 77.050945337,28.6630393340001,0 77.0530833270001,28.664820723,0 77.054736227,28.667169588,0 77.062928862,28.6766196900001,0 77.065839404,28.679653946,0 77.067222809,28.6814981,0 77.0675192530001,28.682144334,0 77.0656148250001,28.682144334,0 77.065740589,28.685801,0 77.0763766420001,28.684847442,0</coordinates></LinearRing></outerBoundaryIs></Polygon>
  </Placemark>
  <Placemark>
	<Style><LineStyle><color>ff0000ff</color></LineStyle><PolyStyle><fill>0</fill></PolyStyle></Style>
	<ExtendedData><SchemaData schemaUrl="#Final_zoning_delhi">
		<SimpleData name="tessellate">-1</SimpleData>
		<SimpleData name="extrude">0</SimpleData>
		<SimpleData name="visibility">-1</SimpleData>
		<SimpleData name="Ward_Name">PERAGHARHI</SimpleData>
		<SimpleData name="Ward_No">42</SimpleData>
		<SimpleData name="internal">0</SimpleData>
		<SimpleData name="Zone_no">125</SimpleData>
		<SimpleData name="ycoord">3174239.500</SimpleData>
	</SchemaData></ExtendedData>
      <Polygon><outerBoundaryIs><LinearRing><coordinates>77.0914773220001,28.683649572,0 77.0952232970001,28.6833185790001,0 77.0934715820001,28.673277967,0 77.088207454,28.6738454370001,0 77.0802393980001,28.6740582370001,0 77.0804010950001,28.675524184,0 77.0823414560001,28.6753113870001,0 77.082512136,28.676548758,0 77.0807155050001,28.67673791,0 77.080895168,28.6779358590001,0 77.080347196,28.6780304330001,0 77.0791075210001,28.6781328880001,0 77.078829043,28.6757921510001,0 77.0782002220001,28.675863083,0 77.078281071,28.67668274,0 77.077571402,28.676769435,0 77.0774546210001,28.6759497780001,0 77.076394609,28.6760679980001,0 77.075810704,28.6778491650001,0 77.0758017200001,28.6785033030001,0 77.0764754570001,28.682688114,0 77.0763766420001,28.684847442,0 77.0914773220001,28.683649572,0</coordinates></LinearRing></outerBoundaryIs></Polygon>
  </Placemark>
  <Placemark>
	<Style><LineStyle><color>ff0000ff</color></LineStyle><PolyStyle><fill>0</fill></PolyStyle></Style>
	<ExtendedData><SchemaData schemaUrl="#Final_zoning_delhi">
		<SimpleData name="tessellate">-1</SimpleData>
		<SimpleData name="extrude">0</SimpleData>
		<SimpleData name="visibility">-1</SimpleData>
		<SimpleData name="Ward_Name">GURU HARKISHAN NAGAR</SimpleData>
		<SimpleData name="Ward_No">41</SimpleData>
		<SimpleData name="internal">0</SimpleData>
		<SimpleData name="Zone_no">146</SimpleData>
		<SimpleData name="ycoord">3172768.715</SimpleData>
	</SchemaData></ExtendedData>
      <Polygon><outerBoundaryIs><LinearRing><coordinates>77.0934715820001,28.673277967,0 77.090983249,28.658522668,0 77.0903184950001,28.656867296,0 77.088746444,28.6544551370001,0 77.087803213,28.6549517620001,0 77.0844255470001,28.656055366,0 77.0818922980001,28.656055366,0 77.0806166900001,28.656465274,0 77.080122617,28.6586960860001,0 77.0793320990001,28.6612421500001,0 77.0783439530001,28.662724041,0 77.077876829,28.6637329760001,0 77.078083441,28.665112363,0 77.078182256,28.6687065680001,0 77.077212075,28.6731518620001,0 77.076394609,28.6760679980001,0 77.0774546210001,28.6759497780001,0 77.077571402,28.676769435,0 77.078281071,28.67668274,0 77.0782002220001,28.675863083,0 77.078829043,28.6757921510001,0 77.0791075210001,28.6781328880001,0 77.080347196,28.6780304330001,0 77.080895168,28.6779358590001,0 77.0807155050001,28.67673791,0 77.082512136,28.676548758,0 77.0823414560001,28.6753113870001,0 77.0804010950001,28.675524184,0 77.0802393980001,28.6740582370001,0 77.088207454,28.6738454370001,0 77.0934715820001,28.673277967,0</coordinates></LinearRing></outerBoundaryIs></Polygon>
  </Placemark>
  <Placemark>
	<Style><LineStyle><color>ff0000ff</color></LineStyle><PolyStyle><fill>0</fill></PolyStyle></Style>
	<ExtendedData><SchemaData schemaUrl="#Final_zoning_delhi">
		<SimpleData name="tessellate">-1</SimpleData>
		<SimpleData name="extrude">0</SimpleData>
		<SimpleData name="visibility">-1</SimpleData>
		<SimpleData name="Ward_Name">SULTANPURI  SOUTH</SimpleData>
		<SimpleData name="Ward_No">40</SimpleData>
		<SimpleData name="internal">0</SimpleData>
		<SimpleData name="Zone_no">111</SimpleData>
		<SimpleData name="ycoord">3175254.072</SimpleData>
	</SchemaData></ExtendedData>
      <Polygon><outerBoundaryIs><LinearRing><coordinates>77.076187996,28.6916088460001,0 77.0757657880001,28.69097843,0 77.07696953,28.690111603,0 77.0759993500001,28.689095041,0 77.0766730860001,28.6885828170001,0 77.076286811,28.6879760240001,0 77.0764125750001,28.687345587,0 77.0772300420001,28.6865654160001,0 77.076735968,28.686589057,0 77.0767090190001,28.6848632030001,0 77.0650488860001,28.685864044,0 77.065156684,28.6882045570001,0 77.0645278640001,28.6882124380001,0 77.0645278640001,28.689150204,0 77.063899043,28.689158084,0 77.0638810770001,28.6901746450001,0 77.0633061550001,28.690143124,0 77.0633061550001,28.6904819750001,0 77.0630097110001,28.6904819750001,0 77.0635397170001,28.69096267,0 77.063494801,28.691191196,0 77.0639259920001,28.691553685,0 77.0645727790001,28.691648247,0 77.06486024,28.69182949,0 77.0652734650001,28.692759344,0 77.0717143860001,28.6908050650001,0 77.0724869370001,28.6927751040001,0 77.076187996,28.6916088460001,0</coordinates></LinearRing></outerBoundaryIs></Polygon>
  </Placemark>
  <Placemark>
	<Style><LineStyle><color>ff0000ff</color></LineStyle><PolyStyle><fill>0</fill></PolyStyle></Style>
	<ExtendedData><SchemaData schemaUrl="#Final_zoning_delhi">
		<SimpleData name="tessellate">-1</SimpleData>
		<SimpleData name="extrude">0</SimpleData>
		<SimpleData name="visibility">-1</SimpleData>
		<SimpleData name="Ward_Name">SULTANPURI  EAST</SimpleData>
		<SimpleData name="Ward_No">37</SimpleData>
		<SimpleData name="internal">0</SimpleData>
		<SimpleData name="Zone_no">89</SimpleData>
		<SimpleData name="ycoord">3176273.841</SimpleData>
	</SchemaData></ExtendedData>
      <Polygon><outerBoundaryIs><LinearRing><coordinates>77.0810119490001,28.7018289270001,0 77.0858898010001,28.700323951,0 77.0832577370001,28.69770004,0 77.0827367140001,28.697770957,0 77.082018062,28.6972351360001,0 77.0803382130001,28.696935705,0 77.0794309140001,28.6964786770001,0 77.078927858,28.6948160260001,0 77.078694296,28.693113947,0 77.077885812,28.692712064,0 77.077472587,28.6921368160001,0 77.076187996,28.6916088460001,0 77.0724869370001,28.6927751040001,0 77.075379512,28.6999614920001,0 77.0750651020001,28.702924158,0 77.0767808840001,28.7031132610001,0 77.0810119490001,28.7018289270001,0</coordinates></LinearRing></outerBoundaryIs></Polygon>
  </Placemark>
  <Placemark>
	<Style><LineStyle><color>ff0000ff</color></LineStyle><PolyStyle><fill>0</fill></PolyStyle></Style>
	<ExtendedData><SchemaData schemaUrl="#Final_zoning_delhi">
		<SimpleData name="tessellate">-1</SimpleData>
		<SimpleData name="extrude">0</SimpleData>
		<SimpleData name="visibility">-1</SimpleData>
		<SimpleData name="Ward_Name">KIRARI SULEMAN NAGAR</SimpleData>
		<SimpleData name="Ward_No">35</SimpleData>
		<SimpleData name="internal">0</SimpleData>
		<SimpleData name="Zone_no">93</SimpleData>
		<SimpleData name="ycoord">3176109.365</SimpleData>
	</SchemaData></ExtendedData>
      <Polygon><outerBoundaryIs><LinearRing><coordinates>77.066441275,28.7014113180001,0 77.0667646690001,28.7018210480001,0 77.0691991030001,28.6998354200001,0 77.070277081,28.6991892950001,0 77.071390992,28.698763795,0 77.0712382790001,28.6983855720001,0 77.0713730260001,28.6983382940001,0 77.0701423340001,28.6958876900001,0 77.069693176,28.6960610470001,0 77.0693338500001,28.695225781,0 77.067725866,28.6957931320001,0 77.0670341630001,28.694335349,0 77.0666029720001,28.6944141490001,0 77.0661178820001,28.69376011,0 77.065839404,28.693027267,0 77.065596859,28.693098187,0 77.0652734650001,28.692759344,0 77.06486024,28.69182949,0 77.0645727790001,28.691648247,0 77.0639259920001,28.691553685,0 77.063494801,28.691191196,0 77.0635397170001,28.69096267,0 77.063018694,28.6905686580001,0 77.0630097110001,28.6904819750001,0 77.0633061550001,28.6904819750001,0 77.0633061550001,28.690143124,0 77.0638810770001,28.6901746450001,0 77.063899043,28.689158084,0 77.0645278640001,28.689150204,0 77.0645278640001,28.6882124380001,0 77.065156684,28.6882045570001,0 77.0650488860001,28.685864044,0 77.059200854,28.686360521,0 77.059236787,28.6884252090001,0 77.0585450840001,28.6888113480001,0 77.0591200060001,28.689583623,0 77.0582127070001,28.6903716520001,0 77.058464235,28.690647461,0 77.0570448970001,28.691695528,0 77.055984885,28.69062382,0 77.0550865700001,28.689938236,0 77.0533618050001,28.6916403660001,0 77.0502087180001,28.693295189,0 77.0476664860001,28.69403591,0 77.0472712270001,28.694595388,0 77.0459237540001,28.6954385380001,0 77.043327623,28.6965732350001,0 77.0441989890001,28.6979049120001,0 77.04562731,28.7007573230001,0 77.0457440910001,28.7029556750001,0 77.0477742840001,28.701891962,0 77.049660746,28.701277368,0 77.0498404090001,28.7017264950001,0 77.0499392230001,28.708589234,0 77.050163802,28.708707417,0 77.050675842,28.7076437630001,0 77.0517717870001,28.7061231120001,0 77.052571287,28.7051382230001,0 77.0533887540001,28.704547285,0 77.0538738440001,28.704003619,0 77.0542062210001,28.703302364,0 77.0566047230001,28.702073188,0 77.0574940550001,28.70138768,0 77.05839237,28.7023962420001,0 77.06072799,28.700678528,0 77.062084446,28.7024435180001,0 77.0638451440001,28.7015373890001,0 77.0639619250001,28.7017264950001,0 77.065740589,28.7006312510001,0 77.066441275,28.7014113180001,0</coordinates></LinearRing></outerBoundaryIs></Polygon>
  </Placemark>
  <Placemark>
	<Style><LineStyle><color>ff0000ff</color></LineStyle><PolyStyle><fill>0</fill></PolyStyle></Style>
	<ExtendedData><SchemaData schemaUrl="#Final_zoning_delhi">
		<SimpleData name="tessellate">-1</SimpleData>
		<SimpleData name="extrude">0</SimpleData>
		<SimpleData name="visibility">-1</SimpleData>
		<SimpleData name="Ward_Name">KARALA</SimpleData>
		<SimpleData name="Ward_No">29</SimpleData>
		<SimpleData name="internal">0</SimpleData>
		<SimpleData name="Zone_no">42</SimpleData>
		<SimpleData name="ycoord">3180571.807</SimpleData>
	</SchemaData></ExtendedData>
      <Polygon><outerBoundaryIs><LinearRing><coordinates>76.955768832,28.7674516120001,0 76.9565324,28.7666484150001,0 76.9572510520001,28.7662153160001,0 76.959793285,28.765065626,0 76.9615809320001,28.7646718930001,0 76.9630901020001,28.7645065250001,0 76.965587418,28.763884424,0 76.9662521720001,28.7638608,0 76.9668899750001,28.761443231,0 76.967653543,28.761435356,0 76.9677613410001,28.7611991090001,0 76.9718576590001,28.7611439840001,0 76.971848676,28.7605848630001,0 76.973196149,28.7605848630001,0 76.9732590310001,28.76108886,0 76.9814337,28.7610337350001,0 76.9814426830001,28.7626795840001,0 76.982853038,28.762648085,0 76.982817105,28.761561355,0 76.9853054390001,28.7615062300001,0 76.987182918,28.7599706130001,0 76.988359711,28.760151738,0 76.9906863470001,28.7596634870001,0 76.991926022,28.7591752330001,0 76.9923661970001,28.759332735,0 76.9926895900001,28.7592224840001,0 76.993749602,28.758718478,0 76.9941268950001,28.7573324480001,0 76.996175054,28.7534577700001,0 76.996552346,28.7517408940001,0 76.9972440490001,28.751410117,0 77.003253778,28.7463223140001,0 77.004637184,28.7461017840001,0 77.004709049,28.7462671820001,0 77.005050409,28.746298686,0 77.0052749870001,28.747094164,0 77.0052929540001,28.7487323570001,0 77.006613477,28.748677226,0 77.0068829720001,28.7476061020001,0 77.0091197770001,28.747566722,0 77.0099102940001,28.747291063,0 77.0105211490001,28.7469130160001,0 77.0124165940001,28.7463459420001,0 77.014734247,28.7522528100001,0 77.0152103550001,28.7550171090001,0 77.0162434170001,28.755072237,0 77.01642308,28.7552297440001,0 77.0169530860001,28.755080112,0 77.0171417320001,28.7548596010001,0 77.0187766660001,28.75403268,0 77.0211661850001,28.7521976800001,0 77.021696191,28.7521583020001,0 77.0229358660001,28.7515361280001,0 77.0235826530001,28.7518275260001,0 77.025217587,28.7513313600001,0 77.0260799690001,28.7508745700001,0 77.0277867680001,28.7505044120001,0 77.029179157,28.7502366360001,0 77.0300415400001,28.750315394,0 77.0321885130001,28.750157879,0 77.0334731040001,28.7496853320001,0 77.0348924420001,28.7495671950001,0 77.036769921,28.74853546,0 77.0391774060001,28.7480944100001,0 77.041701672,28.7469681480001,0 77.043534235,28.746542843,0 77.0477473340001,28.744707712,0 77.0502177010001,28.743195476,0 77.0496517620001,28.7394305450001,0 77.054529614,28.7393281490001,0 77.054493682,28.7367052170001,0 77.0570448970001,28.7366815870001,0 77.056964049,28.7317348550001,0 77.054700294,28.731758487,0 77.0545835130001,28.726102543,0 77.0590481400001,28.724629427,0 77.055993868,28.7211947010001,0 77.0556614920001,28.7204462930001,0 77.054736227,28.719280343,0 77.0535055350001,28.718090745,0 77.0534336700001,28.7177677400001,0 77.052032298,28.7167435690001,0 77.051116016,28.7164441940001,0 77.0489420930001,28.715317591,0 77.046543592,28.71222134,0 77.040992003,28.712323762,0 77.0410818350001,28.7177992530001,0 77.038359939,28.7178228870001,0 77.0383958720001,28.7193827580001,0 77.038279091,28.719737271,0 77.0357278760001,28.719831808,0 77.0326466540001,28.7203596350001,0 77.0315686760001,28.7206983890001,0 77.0300325570001,28.7208795820001,0 77.028712033,28.721533451,0 77.0282808420001,28.7218722010001,0 77.0279484650001,28.7218722010001,0 77.027355577,28.7222660950001,0 77.0218938200001,28.72465306,0 77.0208427910001,28.724881512,0 77.019369554,28.7256850310001,0 77.0109164070001,28.719201562,0 77.0101438560001,28.718264065,0 77.0089670630001,28.715750901,0 77.0086526530001,28.7150182120001,0 77.0086257030001,28.7139388640001,0 77.00847299,28.713639481,0 77.0056792290001,28.713584332,0 77.005328886,28.712804356,0 77.0032088620001,28.713686753,0 77.0031010640001,28.713347976,0 77.0021847830001,28.712142554,0 77.0015829120001,28.709487424,0 76.9969206550001,28.7095977270001,0 76.9970015040001,28.711788015,0 76.9949533450001,28.711835287,0 76.9949084290001,28.7123710340001,0 76.9935968890001,28.7124498200001,0 76.9932645120001,28.7128516270001,0 76.993210613,28.713994014,0 76.992123652,28.7150969960001,0 76.9894197230001,28.715152145,0 76.9875063110001,28.715869076,0 76.9857815460001,28.716806595,0 76.985215607,28.7164363150001,0 76.9847664500001,28.716365411,0 76.984335258,28.7168459860001,0 76.9824937120001,28.7175629060001,0 76.9822511670001,28.7176101760001,0 76.9820535370001,28.7174841240001,0 76.9807240310001,28.718295578,0 76.979699951,28.720154807,0 76.9764660160001,28.723408379,0 76.97661873,28.7245427720001,0 76.9766366960001,28.7275520060001,0 76.976861275,28.727685923,0 76.97661873,28.72833975,0 76.97676246,28.728891166,0 76.974929897,28.728946308,0 76.9744358240001,28.7291747510001,0 76.972693092,28.728733619,0 76.9718756250001,28.7287808830001,0 76.9711929060001,28.728355504,0 76.9710851080001,28.7285366840001,0 76.9705101860001,28.728804515,0 76.9698095,28.72882027,0 76.9697915340001,28.7285051750001,0 76.9695220390001,28.728513052,0 76.9693872920001,28.728268853,0 76.969270511,28.728284608,0 76.9685069430001,28.727583516,0 76.9681116840001,28.727457477,0 76.966027593,28.7274495990001,0 76.9652550420001,28.726590951,0 76.960880246,28.728962063,0 76.9608353300001,28.729584372,0 76.9597483690001,28.7302066770001,0 76.9596765040001,28.731317366,0 76.9598831160001,28.732766756,0 76.9594339590001,28.733995572,0 76.9582212330001,28.735775754,0 76.9563347710001,28.73732748,0 76.9560023940001,28.738217546,0 76.9569995240001,28.7397298540001,0 76.9585985250001,28.7429985690001,0 76.9558317140001,28.74584975,0 76.952930156,28.7481652930001,0 76.951807262,28.7493072930001,0 76.9510616600001,28.7496538290001,0 76.9505765700001,28.750283891,0 76.9449710820001,28.753481396,0 76.944872268,28.753678284,0 76.944432093,28.7538279180001,0 76.945240577,28.756237787,0 76.946462286,28.7583955970001,0 76.9496243560001,28.762159845,0 76.950729283,28.7632229450001,0 76.950621486,28.7633331920001,0 76.9507831820001,28.7635143110001,0 76.950935896,28.7636009330001,0 76.9513221710001,28.763404065,0 76.9536218590001,28.7657585910001,0 76.9554903540001,28.7674122400001,0 76.955768832,28.7674516120001,0</coordinates></LinearRing></outerBoundaryIs></Polygon>
  </Placemark>
  <Placemark>
	<Style><LineStyle><color>ff0000ff</color></LineStyle><PolyStyle><fill>0</fill></PolyStyle></Style>
	<ExtendedData><SchemaData schemaUrl="#Final_zoning_delhi">
		<SimpleData name="tessellate">-1</SimpleData>
		<SimpleData name="extrude">0</SimpleData>
		<SimpleData name="visibility">-1</SimpleData>
		<SimpleData name="Ward_Name">BEGUMPUR</SimpleData>
		<SimpleData name="Ward_No">27</SimpleData>
		<SimpleData name="internal">0</SimpleData>
		<SimpleData name="Zone_no">34</SimpleData>
		<SimpleData name="ycoord">3183641.895</SimpleData>
	</SchemaData></ExtendedData>
      <Polygon><outerBoundaryIs><LinearRing><coordinates>76.980786913,28.793339605,0 76.9820265880001,28.792953852,0 76.9827632060001,28.7930247040001,0 76.9837872860001,28.792111488,0 76.9838771170001,28.791835947,0 76.9854761190001,28.7904818480001,0 76.9859701920001,28.7898441560001,0 76.9889615820001,28.787663378,0 76.9897970150001,28.7865611620001,0 76.9906773640001,28.786073034,0 76.9915846630001,28.7851991220001,0 76.99354299,28.7847582270001,0 76.9967769250001,28.784710988,0 76.9997503480001,28.784159866,0 77.0027327550001,28.7828135410001,0 77.006873989,28.7816482870001,0 77.0094701200001,28.780490893,0 77.0120752340001,28.77956182,0 77.013404741,28.77890044,0 77.014904927,28.778616991,0 77.0157493440001,28.778609117,0 77.0165488440001,28.779050038,0 77.0172585130001,28.778569749,0 77.0172854630001,28.777065878,0 77.0180939470001,28.776900529,0 77.0193875210001,28.776963519,0 77.020447533,28.776790297,0 77.0229089160001,28.7817427680001,0 77.025693694,28.781679781,0 77.030373916,28.7807979580001,0 77.0346498970001,28.7806798570001,0 77.035988387,28.780294057,0 77.0382341750001,28.7799554960001,0 77.0379916300001,28.779286246,0 77.044109157,28.779246878,0 77.0438486460001,28.780608995,0 77.0528587480001,28.789482009,0 77.0533887540001,28.7893639170001,0 77.053990625,28.7896867010001,0 77.0674473880001,28.7819632220001,0 77.067698917,28.7826324550001,0 77.0682648550001,28.782364762,0 77.0698189410001,28.780955427,0 77.0704836940001,28.7805538810001,0 77.0710945480001,28.780451526,0 77.0710586160001,28.7800027370001,0 77.0723162570001,28.778404403,0 77.073645764,28.777183984,0 77.0739961070001,28.7765068420001,0 77.0741847530001,28.7749242020001,0 77.074912388,28.7728690960001,0 77.0750561190001,28.7711997850001,0 77.075577142,28.7695304480001,0 77.0760801980001,28.769128858,0 77.0775983510001,28.7684752860001,0 77.0780744580001,28.7676327250001,0 77.0785056490001,28.7672705,0 77.0785056490001,28.7668610270001,0 77.0787481950001,28.7667192860001,0 77.0783709020001,28.765971205,0 77.078460734,28.7657822150001,0 77.078263104,28.764388405,0 77.077813947,28.763892298,0 77.0769425810001,28.762301592,0 77.07699648,28.761978723,0 77.0777600480001,28.7608526110001,0 77.077715132,28.7604431130001,0 77.0775534350001,28.760332863,0 77.0768886820001,28.760324988,0 77.0767898670001,28.759836738,0 77.0762508780001,28.759773737,0 77.0761430800001,28.759647737,0 77.0759813830001,28.752622962,0 77.0738433930001,28.753205753,0 77.072459988,28.7489450050001,0 77.071049633,28.749008012,0 77.0709957340001,28.7465034630001,0 77.0710137,28.7463931980001,0 77.071346077,28.7463695700001,0 77.071346077,28.7456370960001,0 77.071076582,28.745621343,0 77.0703309800001,28.7435341560001,0 77.0687948610001,28.741360286,0 77.0687858780001,28.739099729,0 77.0690643560001,28.738666515,0 77.0690284230001,28.73813878,0 77.0687589290001,28.737587412,0 77.0687229960001,28.7364295300001,0 77.0681480740001,28.73627987,0 77.069791991,28.7355709560001,0 77.070205216,28.735090466,0 77.0714359080001,28.734602098,0 77.0727115160001,28.733822278,0 77.0729271120001,28.7331212240001,0 77.0737445780001,28.733113347,0 77.0739062750001,28.733010945,0 77.0745171300001,28.7321523430001,0 77.0768796990001,28.7304666270001,0 77.0739691570001,28.7259449910001,0 77.0683546870001,28.7195324420001,0 77.062821065,28.7229435890001,0 77.0587786460001,28.724731837,0 77.0545835130001,28.726102543,0 77.054700294,28.731758487,0 77.056964049,28.7317348550001,0 77.0570448970001,28.7366815870001,0 77.054493682,28.7367052170001,0 77.054529614,28.7393281490001,0 77.0496517620001,28.7394305450001,0 77.0502177010001,28.743195476,0 77.0477473340001,28.744707712,0 77.043534235,28.746542843,0 77.041701672,28.7469681480001,0 77.0391774060001,28.7480944100001,0 77.036769921,28.74853546,0 77.0348924420001,28.7495671950001,0 77.0334731040001,28.7496853320001,0 77.0321885130001,28.750157879,0 77.0300415400001,28.750315394,0 77.029179157,28.7502366360001,0 77.0277867680001,28.7505044120001,0 77.0260799690001,28.7508745700001,0 77.025217587,28.7513313600001,0 77.0235826530001,28.7518275260001,0 77.0229358660001,28.7515361280001,0 77.021696191,28.7521583020001,0 77.0211661850001,28.7521976800001,0 77.0187766660001,28.75403268,0 77.0171417320001,28.7548596010001,0 77.0169530860001,28.755080112,0 77.01642308,28.7552297440001,0 77.0162434170001,28.755072237,0 77.0152103550001,28.7550171090001,0 77.014734247,28.7522528100001,0 77.0124165940001,28.7463459420001,0 77.0105211490001,28.7469130160001,0 77.0099102940001,28.747291063,0 77.0091197770001,28.747566722,0 77.0068829720001,28.7476061020001,0 77.006613477,28.748677226,0 77.0052929540001,28.7487323570001,0 77.0052749870001,28.747094164,0 77.005050409,28.746298686,0 77.004709049,28.7462671820001,0 77.004637184,28.7461017840001,0 77.003253778,28.7463223140001,0 76.9972440490001,28.751410117,0 76.996552346,28.7517408940001,0 76.996175054,28.7534577700001,0 76.9941268950001,28.7573324480001,0 76.993749602,28.758718478,0 76.9926895900001,28.7592224840001,0 76.9923661970001,28.759332735,0 76.991926022,28.7591752330001,0 76.9906863470001,28.7596634870001,0 76.988359711,28.760151738,0 76.987182918,28.7599706130001,0 76.9853054390001,28.7615062300001,0 76.982817105,28.761561355,0 76.982853038,28.762648085,0 76.9814426830001,28.7626795840001,0 76.9814337,28.7610337350001,0 76.9732590310001,28.76108886,0 76.973196149,28.7605848630001,0 76.971848676,28.7605848630001,0 76.9718576590001,28.7611439840001,0 76.9677613410001,28.7611991090001,0 76.967653543,28.761435356,0 76.9668899750001,28.761443231,0 76.9662521720001,28.7638608,0 76.965587418,28.763884424,0 76.9630901020001,28.7645065250001,0 76.9615809320001,28.7646718930001,0 76.959793285,28.765065626,0 76.9565324,28.7666484150001,0 76.955768832,28.7674516120001,0 76.9555891690001,28.7678453340001,0 76.95519391,28.7688926280001,0 76.9552478090001,28.7694438300001,0 76.9519599750001,28.7732549240001,0 76.951510818,28.773995078,0 76.9504418230001,28.7750423100001,0 76.950127412,28.7750344360001,0 76.949741137,28.7766170740001,0 76.9492829960001,28.7768139180001,0 76.9495255410001,28.7781918150001,0 76.9495345240001,28.7793571080001,0 76.949983682,28.7809475540001,0 76.9498399510001,28.781915982,0 76.950118429,28.7834355300001,0 76.9511604750001,28.7863879560001,0 76.9522384530001,28.7881042610001,0 76.952696594,28.787962549,0 76.9557598490001,28.7880334050001,0 76.968866269,28.787852328,0 76.968938134,28.788395558,0 76.9695220390001,28.789348171,0 76.969584921,28.791064428,0 76.9744268410001,28.791017192,0 76.974381925,28.790489721,0 76.976582797,28.790489721,0 76.9775529780001,28.7916784940001,0 76.9789723160001,28.792733421,0 76.9804904690001,28.793497055,0 76.980786913,28.793339605,0</coordinates></LinearRing></outerBoundaryIs></Polygon>
  </Placemark>
  <Placemark>
	<Style><LineStyle><color>ff0000ff</color></LineStyle><PolyStyle><fill>0</fill></PolyStyle></Style>
	<ExtendedData><SchemaData schemaUrl="#Final_zoning_delhi">
		<SimpleData name="tessellate">-1</SimpleData>
		<SimpleData name="extrude">0</SimpleData>
		<SimpleData name="visibility">-1</SimpleData>
		<SimpleData name="Ward_Name">POOTH KALAN</SimpleData>
		<SimpleData name="Ward_No">25</SimpleData>
		<SimpleData name="internal">0</SimpleData>
		<SimpleData name="Zone_no">55</SimpleData>
		<SimpleData name="ycoord">3178520.491</SimpleData>
	</SchemaData></ExtendedData>
      <Polygon><outerBoundaryIs><LinearRing><coordinates>77.100146065,28.733507198,0 77.0995891090001,28.73180575,0 77.0998945360001,28.7296631450001,0 77.099571143,28.7275598840001,0 77.0986548610001,28.726441278,0 77.0983135010001,28.7253226600001,0 77.09822367,28.7226678650001,0 77.097073826,28.720706267,0 77.096705517,28.720848071,0 77.0955916060001,28.7206353650001,0 77.0955736400001,28.720895338,0 77.0952951620001,28.720911094,0 77.095277196,28.7211316770001,0 77.095142448,28.721139555,0 77.0951604150001,28.7215964750001,0 77.0945944760001,28.721604353,0 77.0945854930001,28.7225024310001,0 77.0931661550001,28.7225024310001,0 77.0929146270001,28.723046,0 77.090507142,28.7230853890001,0 77.090812569,28.7235423010001,0 77.090641889,28.723628956,0 77.0883242350001,28.7237077340001,0 77.0868420150001,28.7220297590001,0 77.086042515,28.722336996,0 77.0845243620001,28.7205329510001,0 77.0851082670001,28.720091783,0 77.0829792600001,28.717673201,0 77.077885812,28.7211789450001,0 77.076771901,28.7166805420001,0 77.0768168170001,28.7142303680001,0 77.080248381,28.7127570850001,0 77.0805807580001,28.712150432,0 77.080823303,28.710188637,0 77.081200595,28.709369241,0 77.085530475,28.7052485310001,0 77.088243387,28.703483588,0 77.0749842540001,28.703633294,0 77.0749483210001,28.704389701,0 77.0717413350001,28.704271513,0 77.071660487,28.7017107360001,0 77.072235409,28.7015216300001,0 77.071390992,28.698763795,0 77.070277081,28.6991892950001,0 77.0691991030001,28.6998354200001,0 77.0667646690001,28.7018210480001,0 77.066441275,28.7014113180001,0 77.0628749630001,28.703538743,0 77.0634139530001,28.7043030290001,0 77.0590211910001,28.707454668,0 77.059371534,28.7081165,0 77.0580420270001,28.7083449880001,0 77.0580689770001,28.7087940850001,0 77.0552303,28.708841358,0 77.0552662330001,28.7103619700001,0 77.0518077190001,28.710543181,0 77.0518436520001,28.712150432,0 77.050469229,28.712142554,0 77.0505141450001,28.71380493,0 77.047801233,28.713844323,0 77.0489600600001,28.7153333480001,0 77.051116016,28.7164441940001,0 77.052032298,28.7167435690001,0 77.0534336700001,28.7177677400001,0 77.0535055350001,28.718090745,0 77.054736227,28.719280343,0 77.0556614920001,28.7204462930001,0 77.055993868,28.7211947010001,0 77.0590481400001,28.724629427,0 77.0634229360001,28.7226442320001,0 77.0683546870001,28.7195324420001,0 77.0739691570001,28.7259449910001,0 77.076322743,28.7295922490001,0 77.0806346570001,28.7267248690001,0 77.087560667,28.734554836,0 77.0866623520001,28.7351692350001,0 77.0904442600001,28.7383278200001,0 77.0918815640001,28.738217546,0 77.092330722,28.7378473430001,0 77.0948190550001,28.73691789,0 77.0950526170001,28.73698878,0 77.0982057040001,28.7348226510001,0 77.100181997,28.7337828930001,0 77.100146065,28.733507198,0</coordinates></LinearRing></outerBoundaryIs></Polygon>
  </Placemark>
  <Placemark>
	<Style><LineStyle><color>ff0000ff</color></LineStyle><PolyStyle><fill>0</fill></PolyStyle></Style>
	<ExtendedData><SchemaData schemaUrl="#Final_zoning_delhi">
		<SimpleData name="tessellate">-1</SimpleData>
		<SimpleData name="extrude">0</SimpleData>
		<SimpleData name="visibility">-1</SimpleData>
		<SimpleData name="Ward_Name">VIJAY VIHAR</SimpleData>
		<SimpleData name="Ward_No">24</SimpleData>
		<SimpleData name="internal">0</SimpleData>
		<SimpleData name="Zone_no">70</SimpleData>
		<SimpleData name="ycoord">3177524.600</SimpleData>
	</SchemaData></ExtendedData>
      <Polygon><outerBoundaryIs><LinearRing><coordinates>77.103029657,28.711472869,0 77.1020594760001,28.7120952820001,0 77.0993016480001,28.706375242,0 77.099274699,28.7062334190001,0 77.1014216720001,28.704736385,0 77.0993016480001,28.702333207,0 77.0965887360001,28.6986456010001,0 77.0944597290001,28.699937854,0 77.0920791930001,28.700930672,0 77.0901029,28.702348966,0 77.0863299760001,28.704657593,0 77.083024175,28.7075334570001,0 77.083033158,28.708274078,0 77.0917198670001,28.7081401360001,0 77.0938488740001,28.7115989270001,0 77.09372311,28.7125443630001,0 77.0929325930001,28.714238247,0 77.0928966600001,28.714821251,0 77.093354801,28.715601212,0 77.096319242,28.718618582,0 77.0965887360001,28.719138538,0 77.099274699,28.718713119,0 77.099750806,28.7189258290001,0 77.099885553,28.718421628,0 77.1007030200001,28.717988329,0 77.1010892960001,28.717468368,0 77.1030386400001,28.715892711,0 77.1050418830001,28.7137261450001,0 77.103029657,28.711472869,0</coordinates></LinearRing></outerBoundaryIs></Polygon>
  </Placemark>
  <Placemark>
	<Style><LineStyle><color>ff0000ff</color></LineStyle><PolyStyle><fill>0</fill></PolyStyle></Style>
	<ExtendedData><SchemaData schemaUrl="#Final_zoning_delhi">
		<SimpleData name="tessellate">-1</SimpleData>
		<SimpleData name="extrude">0</SimpleData>
		<SimpleData name="visibility">-1</SimpleData>
		<SimpleData name="Ward_Name">GEETA COLONY</SimpleData>
		<SimpleData name="Ward_No">230</SimpleData>
		<SimpleData name="internal">0</SimpleData>
		<SimpleData name="Zone_no">173</SimpleData>
		<SimpleData name="ycoord">3171151.285</SimpleData>
	</SchemaData></ExtendedData>
      <Polygon><outerBoundaryIs><LinearRing><coordinates>77.2814620220001,28.643300148,0 77.2754253430001,28.643032099,0 77.2714278400001,28.6427088620001,0 77.270960716,28.6430084470001,0 77.270592407,28.6435603140001,0 77.268975439,28.643363219,0 77.2683825510001,28.649575468,0 77.2670260950001,28.6514753340001,0 77.2701163,28.652736636,0 77.2696222260001,28.6538796790001,0 77.2706822380001,28.654273829,0 77.271239194,28.65315444,0 77.2736556620001,28.654100403,0 77.273745493,28.6543526580001,0 77.2736197290001,28.654896582,0 77.2761529780001,28.655913475,0 77.2783808,28.6509471590001,0 77.279261149,28.6483535450001,0 77.2790096210001,28.6456416120001,0 77.2793060650001,28.645239546,0 77.2808242180001,28.6441358280001,0 77.2814620220001,28.643300148,0</coordinates></LinearRing></outerBoundaryIs></Polygon>
  </Placemark>
  <Placemark>
	<Style><LineStyle><color>ff0000ff</color></LineStyle><PolyStyle><fill>0</fill></PolyStyle></Style>
	<ExtendedData><SchemaData schemaUrl="#Final_zoning_delhi">
		<SimpleData name="tessellate">-1</SimpleData>
		<SimpleData name="extrude">0</SimpleData>
		<SimpleData name="visibility">-1</SimpleData>
		<SimpleData name="Ward_Name">KRISHNA  NAGAR</SimpleData>
		<SimpleData name="Ward_No">229</SimpleData>
		<SimpleData name="internal">0</SimpleData>
		<SimpleData name="Zone_no">154</SimpleData>
		<SimpleData name="ycoord">3172009.302</SimpleData>
	</SchemaData></ExtendedData>
      <Polygon><outerBoundaryIs><LinearRing><coordinates>77.2861871600001,28.662984158,0 77.2910829780001,28.6566702270001,0 77.2917297650001,28.6556533410001,0 77.2906068710001,28.6550305920001,0 77.2884868470001,28.654738923,0 77.2884868470001,28.6545260840001,0 77.286609368,28.655077889,0 77.285648171,28.655519332,0 77.285558339,28.655204016,0 77.2834472980001,28.6555823950001,0 77.283186787,28.655448386,0 77.2824232190001,28.6555429800001,0 77.2823962690001,28.6558740610001,0 77.2817854150001,28.655881944,0 77.281524904,28.6554878,0 77.281183544,28.655448386,0 77.2805906560001,28.6564022110001,0 77.2802492960001,28.656268203,0 77.2796743740001,28.6565125700001,0 77.279359964,28.657135311,0 77.277760963,28.6565519850001,0 77.2772758720001,28.6565125700001,0 77.2764314560001,28.6561736090001,0 77.276170945,28.6559213580001,0 77.2736197290001,28.654896582,0 77.273745493,28.6543526580001,0 77.2736556620001,28.654100403,0 77.271239194,28.65315444,0 77.2706822380001,28.654273829,0 77.2696222260001,28.6538796790001,0 77.2701163,28.652736636,0 77.2670260950001,28.6514753340001,0 77.2683825510001,28.649575468,0 77.268975439,28.643363219,0 77.2660828640001,28.6431109370001,0 77.2664421900001,28.6450976400001,0 77.2664062570001,28.6459333060001,0 77.265687605,28.6484402620001,0 77.264331149,28.650489931,0 77.2629657100001,28.6532805690001,0 77.261663153,28.6552513130001,0 77.26347775,28.656433742,0 77.2639179240001,28.65690671,0 77.267816612,28.6593424610001,0 77.2679693260001,28.6593109310001,0 77.2683466180001,28.659712943,0 77.2689125570001,28.659917889,0 77.269110186,28.6601937780001,0 77.2705115580001,28.660982028,0 77.2710056320001,28.6615101530001,0 77.271508688,28.659176926,0 77.2718230990001,28.6588931520001,0 77.2721375090001,28.658830091,0 77.278246053,28.6607140240001,0 77.2809320160001,28.661809685,0 77.2827645790001,28.6623850990001,0 77.283725776,28.662984158,0 77.283662894,28.6632679210001,0 77.284130018,28.6635043900001,0 77.2843096810001,28.6633309790001,0 77.2846151080001,28.663693564,0 77.285315794,28.6641192060001,0 77.2861871600001,28.662984158,0</coordinates></LinearRing></outerBoundaryIs></Polygon>
  </Placemark>
  <Placemark>
	<Style><LineStyle><color>ff0000ff</color></LineStyle><PolyStyle><fill>0</fill></PolyStyle></Style>
	<ExtendedData><SchemaData schemaUrl="#Final_zoning_delhi">
		<SimpleData name="tessellate">-1</SimpleData>
		<SimpleData name="extrude">0</SimpleData>
		<SimpleData name="visibility">-1</SimpleData>
		<SimpleData name="Ward_Name">PREET VIHAR</SimpleData>
		<SimpleData name="Ward_No">228</SimpleData>
		<SimpleData name="internal">0</SimpleData>
		<SimpleData name="Zone_no">183</SimpleData>
		<SimpleData name="ycoord">3170383.069</SimpleData>
	</SchemaData></ExtendedData>
      <Polygon><outerBoundaryIs><LinearRing><coordinates>77.3093636940001,28.6457992840001,0 77.302608363,28.6405565490001,0 77.3053751740001,28.637292518,0 77.304476859,28.636038914,0 77.3033988810001,28.634966637,0 77.304099567,28.6332951250001,0 77.303318032,28.6330349340001,0 77.303183285,28.6333345480001,0 77.3017369980001,28.6328299350001,0 77.3015483510001,28.633255702,0 77.3017549640001,28.633326663,0 77.3013417390001,28.6343674190001,0 77.300479356,28.6340205020001,0 77.2994103610001,28.6332005100001,0 77.297703562,28.6349508690001,0 77.297604747,28.6348326020001,0 77.2964279540001,28.6356762340001,0 77.286097328,28.627618092,0 77.28616021,28.631702433,0 77.2858368170001,28.635802384,0 77.2814620220001,28.643300148,0 77.2909482310001,28.643781059,0 77.2910111130001,28.6439702700001,0 77.2900319490001,28.644939967,0 77.291370439,28.64596484,0 77.2922687540001,28.6460042580001,0 77.2924484170001,28.64638267,0 77.2956643860001,28.6465245740001,0 77.2963021900001,28.6468872180001,0 77.293706059,28.6499459840001,0 77.2932479180001,28.65089986,0 77.292556215,28.653075609,0 77.2978293260001,28.654045222,0 77.2985749280001,28.6515226330001,0 77.3027520940001,28.6473050440001,0 77.3041804150001,28.64850333,0 77.3054290730001,28.650489931,0 77.3064262030001,28.6492995510001,0 77.307252653,28.646768965,0 77.3075041820001,28.646611294,0 77.3086899580001,28.6463669030001,0 77.3093636940001,28.6457992840001,0</coordinates></LinearRing></outerBoundaryIs></Polygon>
  </Placemark>
  <Placemark>
	<Style><LineStyle><color>ff0000ff</color></LineStyle><PolyStyle><fill>0</fill></PolyStyle></Style>
	<ExtendedData><SchemaData schemaUrl="#Final_zoning_delhi">
		<SimpleData name="tessellate">-1</SimpleData>
		<SimpleData name="extrude">0</SimpleData>
		<SimpleData name="visibility">-1</SimpleData>
		<SimpleData name="Ward_Name">I.P EXTENTION</SimpleData>
		<SimpleData name="Ward_No">227</SimpleData>
		<SimpleData name="internal">0</SimpleData>
		<SimpleData name="Zone_no">191</SimpleData>
		<SimpleData name="ycoord">3169797.614</SimpleData>
	</SchemaData></ExtendedData>
      <Polygon><outerBoundaryIs><LinearRing><coordinates>77.3183648130001,28.6473050440001,0 77.317879723,28.646248649,0 77.317879723,28.645460288,0 77.3175114140001,28.6454524050001,0 77.317367683,28.644120061,0 77.3166669980001,28.6426457910001,0 77.3167658120001,28.642606372,0 77.3161280080001,28.641439554,0 77.3161729240001,28.641242456,0 77.3179875210001,28.6398785220001,0 77.3205387360001,28.638230741,0 77.3219490910001,28.6367169660001,0 77.3223533330001,28.6368746520001,0 77.3259915100001,28.6332320490001,0 77.328237298,28.6325933970001,0 77.32900985,28.632230705,0 77.3297734180001,28.631670894,0 77.3308424130001,28.6318285880001,0 77.330878345,28.6317339720001,0 77.3254345550001,28.629810094,0 77.31804142,28.6275471270001,0 77.3028419250001,28.6224454170001,0 77.302177172,28.6241407570001,0 77.3035336280001,28.6245902150001,0 77.303183285,28.625228915,0 77.3048990670001,28.625717794,0 77.3019885260001,28.6266876600001,0 77.3008296990001,28.627255382,0 77.3016741150001,28.627767906,0 77.300380541,28.62860371,0 77.299536125,28.6305118400001,0 77.297847292,28.6318916650001,0 77.300479356,28.6340205020001,0 77.3013417390001,28.6343674190001,0 77.3017549640001,28.633326663,0 77.3015483510001,28.633255702,0 77.3017369980001,28.6328299350001,0 77.303183285,28.6333345480001,0 77.303318032,28.6330349340001,0 77.304099567,28.6332951250001,0 77.3033988810001,28.634966637,0 77.304476859,28.636038914,0 77.3053751740001,28.637292518,0 77.302608363,28.6405565490001,0 77.31983805,28.6541082860001,0 77.3206375510001,28.654029456,0 77.3203950060001,28.651506867,0 77.3183648130001,28.6473050440001,0</coordinates></LinearRing></outerBoundaryIs></Polygon>
  </Placemark>
  <Placemark>
	<Style><LineStyle><color>ff0000ff</color></LineStyle><PolyStyle><fill>0</fill></PolyStyle></Style>
	<ExtendedData><SchemaData schemaUrl="#Final_zoning_delhi">
		<SimpleData name="tessellate">-1</SimpleData>
		<SimpleData name="extrude">0</SimpleData>
		<SimpleData name="visibility">-1</SimpleData>
		<SimpleData name="Ward_Name">ANAND VIHAR</SimpleData>
		<SimpleData name="Ward_No">225</SimpleData>
		<SimpleData name="internal">0</SimpleData>
		<SimpleData name="Zone_no">151</SimpleData>
		<SimpleData name="ycoord">3172268.971</SimpleData>
	</SchemaData></ExtendedData>
      <Polygon><outerBoundaryIs><LinearRing><coordinates>77.3206375510001,28.654029456,0 77.31983805,28.6541082860001,0 77.3093636940001,28.6457992840001,0 77.3086899580001,28.6463669030001,0 77.3075041820001,28.646611294,0 77.307252653,28.646768965,0 77.3064262030001,28.6492995510001,0 77.3054290730001,28.650489931,0 77.3041804150001,28.64850333,0 77.3027520940001,28.6473050440001,0 77.2985749280001,28.6515226330001,0 77.2978293260001,28.654045222,0 77.294721155,28.653469762,0 77.2941013180001,28.656134195,0 77.297200505,28.656678109,0 77.2954847230001,28.663220627,0 77.3026622620001,28.6665784360001,0 77.30325515,28.666743959,0 77.308195884,28.666649374,0 77.3151757940001,28.6652700070001,0 77.315409356,28.666247389,0 77.3197841520001,28.667942022,0 77.320610602,28.6680129590001,0 77.3230450360001,28.667603097,0 77.322919272,28.666901599,0 77.32268571,28.666917363,0 77.32254198,28.6667676050001,0 77.321940108,28.666799133,0 77.3212843380001,28.664284733,0 77.321050776,28.6636778,0 77.3208980630001,28.663693564,0 77.3208441640001,28.6633861550001,0 77.3210777260001,28.6632994500001,0 77.32054772,28.660280486,0 77.32035009,28.6603041340001,0 77.3201255110001,28.6592951650001,0 77.3200266970001,28.6579078190001,0 77.3201255110001,28.6577422820001,0 77.320107545,28.6547310400001,0 77.3206375510001,28.654029456,0</coordinates></LinearRing></outerBoundaryIs></Polygon>
  </Placemark>
  <Placemark>
	<Style><LineStyle><color>ff0000ff</color></LineStyle><PolyStyle><fill>0</fill></PolyStyle></Style>
	<ExtendedData><SchemaData schemaUrl="#Final_zoning_delhi">
		<SimpleData name="tessellate">-1</SimpleData>
		<SimpleData name="extrude">0</SimpleData>
		<SimpleData name="visibility">-1</SimpleData>
		<SimpleData name="Ward_Name">SHAKARPUR</SimpleData>
		<SimpleData name="Ward_No">223</SimpleData>
		<SimpleData name="internal">0</SimpleData>
		<SimpleData name="Zone_no">203</SimpleData>
		<SimpleData name="ycoord">3168865.003</SimpleData>
	</SchemaData></ExtendedData>
      <Polygon><outerBoundaryIs><LinearRing><coordinates>77.289169567,28.630022984,0 77.2896546570001,28.6294789310001,0 77.289483977,28.6293685430001,0 77.289510927,28.6291398820001,0 77.2899061850001,28.6290452640001,0 77.2896007580001,28.62860371,0 77.2902744940001,28.6281779240001,0 77.2891246510001,28.6268611310001,0 77.289753472,28.6266797750001,0 77.2897444880001,28.626569384,0 77.290454158,28.626782281,0 77.2909482310001,28.62676651,0 77.2909572140001,28.6269320960001,0 77.2912806080001,28.6269163260001,0 77.291334507,28.6267192,0 77.2931850360001,28.626545729,0 77.2930053730001,28.625867611,0 77.29316707,28.625899152,0 77.2932209690001,28.6256231730001,0 77.2915141700001,28.625394504,0 77.291639934,28.6247952310001,0 77.2912985740001,28.6246138710001,0 77.2914333210001,28.6240619050001,0 77.291136877,28.6239042,0 77.291370439,28.6233995420001,0 77.29066077,28.6231156710001,0 77.290867383,28.6227214040001,0 77.2907056860001,28.62252427,0 77.290085848,28.6227056340001,0 77.286438688,28.620907758,0 77.2853247770001,28.6205529110001,0 77.2840491700001,28.6226031240001,0 77.278542497,28.6280202250001,0 77.2789647050001,28.6283277380001,0 77.279629458,28.6291871920001,0 77.2795486100001,28.6293921980001,0 77.2790635200001,28.6298337480001,0 77.2786323280001,28.629447392,0 77.277500451,28.6305591490001,0 77.2857469850001,28.6360073770001,0 77.28616021,28.631702433,0 77.286097328,28.627618092,0 77.289169567,28.630022984,0</coordinates></LinearRing></outerBoundaryIs></Polygon>
  </Placemark>
  <Placemark>
	<Style><LineStyle><color>ff0000ff</color></LineStyle><PolyStyle><fill>0</fill></PolyStyle></Style>
	<ExtendedData><SchemaData schemaUrl="#Final_zoning_delhi">
		<SimpleData name="tessellate">-1</SimpleData>
		<SimpleData name="extrude">0</SimpleData>
		<SimpleData name="visibility">-1</SimpleData>
		<SimpleData name="Ward_Name">LAXMI NAGAR</SimpleData>
		<SimpleData name="Ward_No">222</SimpleData>
		<SimpleData name="internal">0</SimpleData>
		<SimpleData name="Zone_no">188</SimpleData>
		<SimpleData name="ycoord">3169934.833</SimpleData>
	</SchemaData></ExtendedData>
      <Polygon><outerBoundaryIs><LinearRing><coordinates>77.2857469850001,28.6360073770001,0 77.2794048800001,28.63178128,0 77.2784885980001,28.633247818,0 77.2777879120001,28.632932435,0 77.2777250300001,28.6330901270001,0 77.2772489230001,28.6331058960001,0 77.2773836700001,28.6326012820001,0 77.2772219730001,28.632514551,0 77.2771411250001,28.63264859,0 77.2766111190001,28.6327589740001,0 77.276647052,28.632577628,0 77.2754612750001,28.632151858,0 77.2755151740001,28.6319626270001,0 77.275057034,28.631852242,0 77.2748414380001,28.631923204,0 77.274859404,28.6342097300001,0 77.2742754990001,28.634225499,0 77.27424855,28.6348404870001,0 77.273341251,28.634856255,0 77.2733951500001,28.6365040900001,0 77.2760541640001,28.6364410150001,0 77.2761170460001,28.637939025,0 77.2756409390001,28.6379705620001,0 77.2757577200001,28.6404855930001,0 77.2772219730001,28.6404304050001,0 77.277195024,28.643118821,0 77.2814620220001,28.643300148,0 77.2857469850001,28.6360073770001,0</coordinates></LinearRing></outerBoundaryIs></Polygon>
  </Placemark>
  <Placemark>
	<Style><LineStyle><color>ff0000ff</color></LineStyle><PolyStyle><fill>0</fill></PolyStyle></Style>
	<ExtendedData><SchemaData schemaUrl="#Final_zoning_delhi">
		<SimpleData name="tessellate">-1</SimpleData>
		<SimpleData name="extrude">0</SimpleData>
		<SimpleData name="visibility">-1</SimpleData>
		<SimpleData name="Ward_Name">RITHALA</SimpleData>
		<SimpleData name="Ward_No">22</SimpleData>
		<SimpleData name="internal">0</SimpleData>
		<SimpleData name="Zone_no">58</SimpleData>
		<SimpleData name="ycoord">3178420.737</SimpleData>
	</SchemaData></ExtendedData>
      <Polygon><outerBoundaryIs><LinearRing><coordinates>77.1100634650001,28.7225260640001,0 77.1186154270001,28.7166490290001,0 77.1098388870001,28.7067613150001,0 77.103029657,28.711472869,0 77.1050418830001,28.7137261450001,0 77.1036584770001,28.715325469,0 77.1010892960001,28.717468368,0 77.10072997,28.717964695,0 77.099885553,28.718421628,0 77.099750806,28.7189258290001,0 77.099274699,28.718713119,0 77.0965887360001,28.719138538,0 77.0969121300001,28.720414781,0 77.09822367,28.7226678650001,0 77.0983135010001,28.7253226600001,0 77.0988524910001,28.726772134,0 77.105769518,28.722021881,0 77.1079164920001,28.720083905,0 77.1100634650001,28.7225260640001,0</coordinates></LinearRing></outerBoundaryIs></Polygon>
  </Placemark>
  <Placemark>
	<Style><LineStyle><color>ff0000ff</color></LineStyle><PolyStyle><fill>0</fill></PolyStyle></Style>
	<ExtendedData><SchemaData schemaUrl="#Final_zoning_delhi">
		<SimpleData name="tessellate">-1</SimpleData>
		<SimpleData name="extrude">0</SimpleData>
		<SimpleData name="visibility">-1</SimpleData>
		<SimpleData name="Ward_Name">MAYUR VIHAR PHASE II</SimpleData>
		<SimpleData name="Ward_No">219</SimpleData>
		<SimpleData name="internal">0</SimpleData>
		<SimpleData name="Zone_no">214</SimpleData>
		<SimpleData name="ycoord">3167929.016</SimpleData>
	</SchemaData></ExtendedData>
      <Polygon><outerBoundaryIs><LinearRing><coordinates>77.317134121,28.627231727,0 77.3193888930001,28.622082689,0 77.3169185260001,28.62127049,0 77.316963442,28.6211443220001,0 77.31587648,28.621081239,0 77.3163705540001,28.619843212,0 77.316011227,28.6196539580001,0 77.316181907,28.6193148780001,0 77.3158225810001,28.6192044790001,0 77.315948345,28.618849626,0 77.313334248,28.618021631,0 77.31337018,28.617785059,0 77.309884717,28.616752025,0 77.311438803,28.612730191,0 77.3097769190001,28.6126119,0 77.3082497830001,28.6127775080001,0 77.3074413,28.6126513300001,0 77.3031114200001,28.612872141,0 77.3009105470001,28.61341628,0 77.300137996,28.6134793680001,0 77.297847292,28.6128405970001,0 77.2938857220001,28.613566114,0 77.29316707,28.613889441,0 77.2928706260001,28.614465119,0 77.292331636,28.6150723370001,0 77.2909572140001,28.6153246860001,0 77.2905080560001,28.6163656200001,0 77.2903373770001,28.61735923,0 77.296104561,28.6186919130001,0 77.2958979480001,28.619259679,0 77.3001649460001,28.6203952,0 77.2997068050001,28.621388772,0 77.317134121,28.627231727,0</coordinates></LinearRing></outerBoundaryIs></Polygon>
  </Placemark>
  <Placemark>
	<Style><LineStyle><color>ff0000ff</color></LineStyle><PolyStyle><fill>0</fill></PolyStyle></Style>
	<ExtendedData><SchemaData schemaUrl="#Final_zoning_delhi">
		<SimpleData name="tessellate">-1</SimpleData>
		<SimpleData name="extrude">0</SimpleData>
		<SimpleData name="visibility">-1</SimpleData>
		<SimpleData name="Ward_Name">MANDAWALI</SimpleData>
		<SimpleData name="Ward_No">218</SimpleData>
		<SimpleData name="internal">0</SimpleData>
		<SimpleData name="Zone_no">200</SimpleData>
		<SimpleData name="ycoord">3169051.719</SimpleData>
	</SchemaData></ExtendedData>
      <Polygon><outerBoundaryIs><LinearRing><coordinates>77.2994103610001,28.6332005100001,0 77.297847292,28.6318916650001,0 77.299536125,28.6305118400001,0 77.300380541,28.62860371,0 77.3016741150001,28.627767906,0 77.3008296990001,28.627255382,0 77.300712918,28.6273263470001,0 77.29895222,28.6265772690001,0 77.297739495,28.626458993,0 77.2977484780001,28.626183015,0 77.2965716850001,28.626261866,0 77.2962303250001,28.625733564,0 77.2953230260001,28.6249213940001,0 77.296005746,28.6245981010001,0 77.295870999,28.623746495,0 77.2932119850001,28.62360456,0 77.292565198,28.622216741,0 77.2907056860001,28.62252427,0 77.290867383,28.6227214040001,0 77.29066077,28.6231156710001,0 77.291370439,28.6233995420001,0 77.291136877,28.6239042,0 77.2914333210001,28.6240619050001,0 77.2912985740001,28.6246138710001,0 77.291639934,28.6247952310001,0 77.2915141700001,28.625394504,0 77.2932209690001,28.6256231730001,0 77.29316707,28.625899152,0 77.2930053730001,28.625867611,0 77.2931850360001,28.626545729,0 77.291334507,28.6267192,0 77.2912806080001,28.6269163260001,0 77.2909572140001,28.6269320960001,0 77.2909482310001,28.62676651,0 77.290454158,28.626782281,0 77.2897444880001,28.626569384,0 77.289753472,28.6266797750001,0 77.2891246510001,28.6268611310001,0 77.2902744940001,28.6281779240001,0 77.2896007580001,28.62860371,0 77.2899061850001,28.6290452640001,0 77.289510927,28.6291398820001,0 77.289483977,28.6293685430001,0 77.2896546570001,28.6294789310001,0 77.289169567,28.630022984,0 77.2964279540001,28.6356762340001,0 77.297604747,28.6348326020001,0 77.297703562,28.6349508690001,0 77.2994103610001,28.6332005100001,0</coordinates></LinearRing></outerBoundaryIs></Polygon>
  </Placemark>
  <Placemark>
	<Style><LineStyle><color>ff0000ff</color></LineStyle><PolyStyle><fill>0</fill></PolyStyle></Style>
	<ExtendedData><SchemaData schemaUrl="#Final_zoning_delhi">
		<SimpleData name="tessellate">-1</SimpleData>
		<SimpleData name="extrude">0</SimpleData>
		<SimpleData name="visibility">-1</SimpleData>
		<SimpleData name="Ward_Name">KARAM PURA</SimpleData>
		<SimpleData name="Ward_No">100</SimpleData>
		<SimpleData name="internal">0</SimpleData>
		<SimpleData name="Zone_no">145</SimpleData>
		<SimpleData name="ycoord">3172828.869</SimpleData>
	</SchemaData></ExtendedData>
      <Polygon><outerBoundaryIs><LinearRing><coordinates>77.169639735,28.6665784360001,0 77.1594708060001,28.662172275,0 77.1580424850001,28.6613761510001,0 77.1569555230001,28.660501196,0 77.156533315,28.6608480260001,0 77.1564165340001,28.660706142,0 77.1561111070001,28.6609583810001,0 77.1553924550001,28.6619358040001,0 77.1516734290001,28.6598311810001,0 77.1507032490001,28.6614392110001,0 77.147604061,28.6605563740001,0 77.1454121720001,28.6593582260001,0 77.1435706250001,28.660296251,0 77.1421333210001,28.6615259180001,0 77.1380459860001,28.667232644,0 77.1440377490001,28.666941009,0 77.1502990070001,28.667721327,0 77.1531736160001,28.6684385840001,0 77.1547816,28.669912491,0 77.1574675630001,28.670976529,0 77.159488772,28.6721114910001,0 77.167160385,28.669021844,0 77.1735833390001,28.6667360770001,0 77.1735384230001,28.666649374,0 77.173161131,28.6667912510001,0 77.1716519610001,28.666901599,0 77.170582966,28.6668464250001,0 77.169639735,28.6665784360001,0</coordinates></LinearRing></outerBoundaryIs></Polygon>
  </Placemark>
  <Placemark>
	<Style><LineStyle><color>ff0000ff</color></LineStyle><PolyStyle><fill>0</fill></PolyStyle></Style>
	<ExtendedData><SchemaData schemaUrl="#Final_zoning_delhi">
		<SimpleData name="tessellate">-1</SimpleData>
		<SimpleData name="extrude">0</SimpleData>
		<SimpleData name="visibility">-1</SimpleData>
		<SimpleData name="Ward_Name">MAHAVIR ENCLAVE</SimpleData>
		<SimpleData name="Ward_No">147</SimpleData>
		<SimpleData name="internal">0</SimpleData>
		<SimpleData name="Zone_no">243</SimpleData>
		<SimpleData name="ycoord">3165296.329</SimpleData>
	</SchemaData></ExtendedData>
      <Polygon><outerBoundaryIs><LinearRing><coordinates>77.0707172560001,28.6057271010001,0 77.072100661,28.605687668,0 77.0720467630001,28.6052854490001,0 77.0726127010001,28.6052539030001,0 77.0724150720001,28.605001529,0 77.0734661010001,28.6048201350001,0 77.0746788260001,28.6047964750001,0 77.074669843,28.604977869,0 77.07696953,28.604859569,0 77.0769605470001,28.6049620960001,0 77.077382755,28.6049620960001,0 77.077301907,28.6034399550001,0 77.0771491930001,28.6034320680001,0 77.0771491930001,28.6030613880001,0 77.0770234290001,28.6030613880001,0 77.0770234290001,28.6014682370001,0 77.077274957,28.60146035,0 77.0772569910001,28.600545461,0 77.077813947,28.6005296870001,0 77.077715132,28.599299305,0 77.0781283570001,28.5992914180001,0 77.078092424,28.598526366,0 77.0779127610001,28.598526366,0 77.0778947950001,28.5979821500001,0 77.0776342840001,28.5979821500001,0 77.0776253,28.597548352,0 77.0784427670001,28.597548352,0 77.0784158180001,28.5967596260001,0 77.07944888,28.5964125840001,0 77.0808682190001,28.596381035,0 77.080625673,28.5951900420001,0 77.0815509380001,28.5905127,0 77.081227545,28.5899290030001,0 77.0805358420001,28.589400519,0 77.080221432,28.5893137520001,0 77.078424801,28.590212964,0 77.0779666600001,28.5902681790001,0 77.0765832550001,28.5913488,0 77.0770234290001,28.591900937,0 77.0775264860001,28.5934390210001,0 77.075415445,28.593999035,0 77.0751010340001,28.592729139,0 77.073753562,28.592673926,0 77.0732954210001,28.5902760660001,0 77.0717682850001,28.5905679140001,0 77.0712113290001,28.590418046,0 77.069118255,28.5879175920001,0 77.0679773940001,28.5879570320001,0 77.0682199390001,28.587688841,0 77.068201973,28.5865924060001,0 77.0666209380001,28.5875626330001,0 77.0706633570001,28.5923268700001,0 77.071390992,28.593628321,0 77.0718401500001,28.594779895,0 77.065192617,28.5972092010001,0 77.062048513,28.599259869,0 77.05676642,28.6028563300001,0 77.056793369,28.604891116,0 77.0603417140001,28.604914776,0 77.060314765,28.603558257,0 77.0625605530001,28.6035345970001,0 77.0625605530001,28.6037633130001,0 77.063809211,28.6037948600001,0 77.0637822620001,28.604859569,0 77.0642673520001,28.6048674560001,0 77.0643032850001,28.6062476170001,0 77.065120752,28.606200298,0 77.0651297350001,28.606358029,0 77.0654710950001,28.6063659160001,0 77.065255499,28.606547307,0 77.0669802640001,28.6070205,0 77.0672138260001,28.606389576,0 77.0677168830001,28.6066261730001,0 77.0686511310001,28.6067365850001,0 77.068714013,28.6056640080001,0 77.0707172560001,28.6056324620001,0 77.0707172560001,28.6057271010001,0</coordinates></LinearRing></outerBoundaryIs></Polygon>
  </Placemark>
  <Placemark>
	<Style><LineStyle><color>ff0000ff</color></LineStyle><PolyStyle><fill>0</fill></PolyStyle></Style>
	<ExtendedData><SchemaData schemaUrl="#Final_zoning_delhi">
		<SimpleData name="tessellate">-1</SimpleData>
		<SimpleData name="extrude">0</SimpleData>
		<SimpleData name="visibility">-1</SimpleData>
		<SimpleData name="Ward_Name">SAGARPUR</SimpleData>
		<SimpleData name="Ward_No">131</SimpleData>
		<SimpleData name="internal">0</SimpleData>
		<SimpleData name="Zone_no">239</SimpleData>
		<SimpleData name="ycoord">3165677.884</SimpleData>
	</SchemaData></ExtendedData>
      <Polygon><outerBoundaryIs><LinearRing><coordinates>77.10865311,28.603968369,0 77.1024367690001,28.596649203,0 77.1008198010001,28.5975799010001,0 77.100900649,28.5977455330001,0 77.097037894,28.6003403980001,0 77.0968851800001,28.600127448,0 77.0963731400001,28.6002694150001,0 77.0964719550001,28.6004113810001,0 77.0966785680001,28.6003482850001,0 77.0973702700001,28.6017837150001,0 77.0977026470001,28.6016338630001,0 77.098690794,28.6028799910001,0 77.0989872380001,28.603392634,0 77.0985470630001,28.603692332,0 77.1000292840001,28.6059163800001,0 77.1012150600001,28.605451069,0 77.101134211,28.6051671490001,0 77.1015923520001,28.605001529,0 77.1016821840001,28.6051986960001,0 77.1019337120001,28.6051592630001,0 77.101879813,28.6049936430001,0 77.1027781280001,28.604465234,0 77.1038471240001,28.605451069,0 77.1044669610001,28.6050488490001,0 77.1053473100001,28.605900607,0 77.10865311,28.603968369,0</coordinates></LinearRing></outerBoundaryIs></Polygon>
  </Placemark>
  <Placemark>
	<Style><LineStyle><color>ff0000ff</color></LineStyle><PolyStyle><fill>0</fill></PolyStyle></Style>
	<ExtendedData><SchemaData schemaUrl="#Final_zoning_delhi">
		<SimpleData name="tessellate">-1</SimpleData>
		<SimpleData name="extrude">0</SimpleData>
		<SimpleData name="visibility">-1</SimpleData>
		<SimpleData name="Ward_Name">SAGARPUR WEST</SimpleData>
		<SimpleData name="Ward_No">132</SimpleData>
		<SimpleData name="internal">0</SimpleData>
		<SimpleData name="Zone_no">237</SimpleData>
		<SimpleData name="ycoord">3165984.485</SimpleData>
	</SchemaData></ExtendedData>
      <Polygon><outerBoundaryIs><LinearRing><coordinates>77.1053473100001,28.605900607,0 77.1044669610001,28.6050488490001,0 77.1038471240001,28.605451069,0 77.1027781280001,28.604465234,0 77.101879813,28.6049936430001,0 77.1019337120001,28.6051592630001,0 77.1016821840001,28.6051986960001,0 77.1015923520001,28.605001529,0 77.101134211,28.6051671490001,0 77.1012150600001,28.605451069,0 77.1000292840001,28.6059163800001,0 77.0985470630001,28.603692332,0 77.0989872380001,28.603392634,0 77.098690794,28.6028799910001,0 77.0977026470001,28.6016338630001,0 77.0973702700001,28.6017837150001,0 77.096669584,28.600332511,0 77.0964719550001,28.6004113810001,0 77.0963731400001,28.6002694150001,0 77.095986865,28.6004587030001,0 77.0957353370001,28.600237867,0 77.0947471900001,28.5987314320001,0 77.092438519,28.600143222,0 77.0926181830001,28.6004823650001,0 77.0926271660001,28.6011290980001,0 77.09226784,28.601728506,0 77.0931931040001,28.602966746,0 77.0928876770001,28.6031481430001,0 77.0929954750001,28.6034320680001,0 77.0949538020001,28.605900607,0 77.093085306,28.606862769,0 77.0941093860001,28.6083690880001,0 77.10004725,28.6082665640001,0 77.1011881100001,28.608093062,0 77.1020594760001,28.607840696,0 77.1053473100001,28.605900607,0</coordinates></LinearRing></outerBoundaryIs></Polygon>
  </Placemark>
  <Placemark>
	<Style><LineStyle><color>ff0000ff</color></LineStyle><PolyStyle><fill>0</fill></PolyStyle></Style>
	<ExtendedData><SchemaData schemaUrl="#Final_zoning_delhi">
		<SimpleData name="tessellate">-1</SimpleData>
		<SimpleData name="extrude">0</SimpleData>
		<SimpleData name="visibility">-1</SimpleData>
		<SimpleData name="Ward_Name">MUNDAKA</SimpleData>
		<SimpleData name="Ward_No">30</SimpleData>
		<SimpleData name="internal">0</SimpleData>
		<SimpleData name="Zone_no">113</SimpleData>
		<SimpleData name="ycoord">3175027.650</SimpleData>
	</SchemaData></ExtendedData>
      <Polygon><outerBoundaryIs><LinearRing><coordinates>76.9637818040001,28.727457477,0 76.9652550420001,28.726590951,0 76.966027593,28.7274495990001,0 76.9681116840001,28.727457477,0 76.9685069430001,28.727583516,0 76.969270511,28.728284608,0 76.9693872920001,28.728268853,0 76.9695220390001,28.728513052,0 76.9697915340001,28.7285051750001,0 76.9698095,28.72882027,0 76.9705101860001,28.728804515,0 76.9710851080001,28.7285366840001,0 76.9711929060001,28.728355504,0 76.9718756250001,28.7287808830001,0 76.972693092,28.728733619,0 76.9744358240001,28.7291747510001,0 76.974929897,28.728946308,0 76.97676246,28.728891166,0 76.97661873,28.72833975,0 76.976861275,28.727685923,0 76.9766366960001,28.7275520060001,0 76.97661873,28.7245427720001,0 76.9764660160001,28.723408379,0 76.979699951,28.720154807,0 76.9807240310001,28.718295578,0 76.9820535370001,28.7174841240001,0 76.9822511670001,28.7176101760001,0 76.9824937120001,28.7175629060001,0 76.984335258,28.7168459860001,0 76.9847664500001,28.716365411,0 76.985215607,28.7164363150001,0 76.9857815460001,28.716806595,0 76.9875063110001,28.715869076,0 76.9894197230001,28.715152145,0 76.992123652,28.7150969960001,0 76.993210613,28.713994014,0 76.9932645120001,28.7128516270001,0 76.9935968890001,28.7124498200001,0 76.9949084290001,28.7123710340001,0 76.9949533450001,28.711835287,0 76.9970015040001,28.711788015,0 76.9969206550001,28.7095977270001,0 77.0015829120001,28.709487424,0 77.0021847830001,28.712142554,0 77.0031010640001,28.713347976,0 77.0032088620001,28.713686753,0 77.005328886,28.712804356,0 77.0056792290001,28.713584332,0 77.00847299,28.713639481,0 77.0086257030001,28.7139388640001,0 77.0086526530001,28.7150182120001,0 77.0089670630001,28.715750901,0 77.0101438560001,28.718264065,0 77.0109164070001,28.719201562,0 77.019369554,28.7256850310001,0 77.0208427910001,28.724881512,0 77.0218938200001,28.72465306,0 77.027355577,28.7222660950001,0 77.0279484650001,28.7218722010001,0 77.0282808420001,28.7218722010001,0 77.0294037360001,28.7211553110001,0 77.029376787,28.7190046100001,0 77.0320807160001,28.7189494630001,0 77.0321076650001,28.7179253040001,0 77.030607478,28.717933182,0 77.0307152760001,28.7173501940001,0 77.0309847710001,28.717334438,0 77.0309847710001,28.7164048020001,0 77.027858634,28.7164126810001,0 77.0278137180001,28.714151583,0 77.026070986,28.714183097,0 77.0258553910001,28.713615846,0 77.0247055470001,28.71364736,0 77.0237892650001,28.71412007,0 77.0230436640001,28.713324341,0 77.0229987480001,28.7107953,0 77.0277059200001,28.707367999,0 77.027589139,28.701497992,0 77.030391883,28.7014507150001,0 77.0304457820001,28.698291016,0 77.0303379840001,28.698275257,0 77.0303200180001,28.6964786770001,0 77.0309937540001,28.696636273,0 77.0309308720001,28.6933424690001,0 77.0323052940001,28.6933503490001,0 77.0323052940001,28.6929957460001,0 77.030805108,28.6929642260001,0 77.0307871420001,28.6900643210001,0 77.031254265,28.69004068,0 77.0312183330001,28.688685262,0 77.0321885130001,28.6886300990001,0 77.0317034230001,28.6873849900001,0 77.0335539530001,28.687345587,0 77.033544969,28.686187149,0 77.0343534530001,28.6861556260001,0 77.0336258180001,28.685202072,0 77.035476347,28.685202072,0 77.0354224480001,28.682301952,0 77.0417645540001,28.6822546660001,0 77.0417465880001,28.677738828,0 77.0432108420001,28.6777467100001,0 77.043192876,28.677368411,0 77.0459147710001,28.6773920540001,0 77.0458069730001,28.675666049,0 77.0446930620001,28.675807913,0 77.0446930620001,28.674121289,0 77.044414584,28.6741291700001,0 77.0443337360001,28.6734434790001,0 77.044306787,28.6714336680001,0 77.044989506,28.6714573130001,0 77.044989506,28.6708031310001,0 77.0455105290001,28.671039583,0 77.0455374780001,28.6702119990001,0 77.0435252520001,28.667839557,0 77.0429503300001,28.6667203120001,0 77.0429143980001,28.6656956420001,0 77.04312101,28.664198029,0 77.043561185,28.6636778,0 77.043498303,28.6624796880001,0 77.039905042,28.6605563740001,0 77.0307961250001,28.6606982590001,0 77.030607478,28.6608795560001,0 77.0306254450001,28.6612579150001,0 77.0301852700001,28.6612579150001,0 77.0303110340001,28.662392982,0 77.0283527070001,28.662408747,0 77.0283886400001,28.664000973,0 77.0270321840001,28.6640325020001,0 77.0270591330001,28.664576375,0 77.024507918,28.664576375,0 77.0252086040001,28.666231625,0 77.022612472,28.6662552710001,0 77.022585523,28.666003044,0 77.0222890790001,28.665853284,0 77.022280096,28.66568776,0 77.0215524600001,28.66568776,0 77.0215075450001,28.6630393340001,0 77.019432436,28.663031452,0 77.0194234530001,28.6625348640001,0 77.0182017440001,28.662511217,0 77.0181927610001,28.6620540390001,0 77.016665625,28.6619988630001,0 77.0166296930001,28.6608716740001,0 77.0160368050001,28.6608480260001,0 77.0164320630001,28.659334578,0 77.007314163,28.659421287,0 77.0037119190001,28.6567175230001,0 77.0036490370001,28.6525789740001,0 76.99949882,28.649599118,0 76.998151347,28.650292849,0 76.996794891,28.6513807360001,0 76.994629951,28.649741018,0 76.9924650120001,28.6497725510001,0 76.992393146,28.6480382070001,0 76.9904887180001,28.646619177,0 76.990560583,28.649110351,0 76.9903899030001,28.649244368,0 76.984748483,28.6493705010001,0 76.9838771170001,28.6506554790001,0 76.9819457400001,28.652050805,0 76.9793855410001,28.654447254,0 76.9781907820001,28.6563864450001,0 76.9775170450001,28.656938241,0 76.977058904,28.6571195450001,0 76.9759629600001,28.6571904900001,0 76.9756844820001,28.656796351,0 76.9734656430001,28.6568121170001,0 76.9704473040001,28.6577028680001,0 76.9692615280001,28.6578053430001,0 76.965353856,28.658845856,0 76.9634134950001,28.6599100070001,0 76.963251798,28.661155443,0 76.962883489,28.661431329,0 76.9580505530001,28.66477343,0 76.953406263,28.6673587560001,0 76.9536937240001,28.6689903160001,0 76.9538374540001,28.6689272610001,0 76.955059163,28.6700307180001,0 76.9558317140001,28.672387348,0 76.9560652760001,28.6745705330001,0 76.9559844280001,28.676477827,0 76.956622232,28.6790628640001,0 76.9566312150001,28.68059967,0 76.9579247890001,28.6851941910001,0 76.959622605,28.6877947740001,0 76.962542129,28.691080873,0 76.963287731,28.6923180590001,0 76.963386546,28.693468549,0 76.9650663950001,28.6961477250001,0 76.9664857330001,28.698054626,0 76.968057785,28.6992129330001,0 76.9669169250001,28.699796022,0 76.9635751920001,28.7022938110001,0 76.9591644640001,28.705303685,0 76.9572510520001,28.706115233,0 76.956415619,28.706855864,0 76.951331155,28.709983789,0 76.948160102,28.7127098130001,0 76.9510886100001,28.717728349,0 76.9530738860001,28.720320245,0 76.9541967800001,28.7213916490001,0 76.9560652760001,28.7237471220001,0 76.9580595360001,28.7270320920001,0 76.9592003970001,28.7285524390001,0 76.9596854870001,28.7295607400001,0 76.9597483690001,28.7302066770001,0 76.9608353300001,28.729584372,0 76.960880246,28.728962063,0 76.9637818040001,28.727457477,0</coordinates></LinearRing></outerBoundaryIs></Polygon>
  </Placemark>
  <Placemark>
	<Style><LineStyle><color>ff0000ff</color></LineStyle><PolyStyle><fill>0</fill></PolyStyle></Style>
	<ExtendedData><SchemaData schemaUrl="#Final_zoning_delhi">
		<SimpleData name="tessellate">-1</SimpleData>
		<SimpleData name="extrude">0</SimpleData>
		<SimpleData name="visibility">-1</SimpleData>
		<SimpleData name="Ward_Name">EAST PATEL NAGAR</SimpleData>
		<SimpleData name="Ward_No">95</SimpleData>
		<SimpleData name="internal">0</SimpleData>
		<SimpleData name="Zone_no">169</SimpleData>
		<SimpleData name="ycoord">3171338.666</SimpleData>
	</SchemaData></ExtendedData>
      <Polygon><outerBoundaryIs><LinearRing><coordinates>77.1698643140001,28.66477343,0 77.1696756680001,28.6638748570001,0 77.169801432,28.663827563,0 77.170178724,28.662645217,0 77.1706278820001,28.6624481580001,0 77.1708434770001,28.661959451,0 77.1706278820001,28.661691449,0 77.170609916,28.661092383,0 77.170250589,28.6605879040001,0 77.1703224550001,28.6603671940001,0 77.1698463480001,28.6596656470001,0 77.173161131,28.6585463160001,0 77.172981468,28.658097003,0 77.1730712990001,28.6574506210001,0 77.1732689290001,28.6572220210001,0 77.1731790970001,28.6560080690001,0 77.1728287540001,28.655550863,0 77.1728287540001,28.655022709,0 77.173161131,28.654612796,0 77.173664187,28.654478786,0 77.1740953790001,28.6544709030001,0 77.1745265700001,28.6547704550001,0 77.174984711,28.655716404,0 77.1751104750001,28.656433742,0 77.1759099760001,28.656890945,0 77.175999807,28.6574506210001,0 77.177113718,28.657490034,0 77.177185583,28.6586882030001,0 77.1789552640001,28.658601494,0 77.1794942540001,28.658703969,0 77.179718832,28.6589089170001,0 77.1798356130001,28.66010707,0 77.1807968110001,28.660217426,0 77.1811291870001,28.6603829590001,0 77.181210036,28.661060853,0 77.1806261310001,28.663173333,0 77.181210036,28.663338862,0 77.182800054,28.6620146280001,0 77.18401278,28.661549565,0 77.1824766600001,28.658317718,0 77.1813178340001,28.6568988270001,0 77.180599181,28.6565125700001,0 77.1798805290001,28.6555272150001,0 77.1784791570001,28.654628562,0 77.173161131,28.653075609,0 77.173601305,28.6517906610001,0 77.1734216420001,28.650986575,0 77.1740863960001,28.649977517,0 77.1746882670001,28.6501903660001,0 77.1749936940001,28.6497252510001,0 77.1755686160001,28.649914451,0 77.1764579480001,28.6489448,0 77.1774281290001,28.648897499,0 77.1782725450001,28.650616063,0 77.179988327,28.6497725510001,0 77.1803566360001,28.649914451,0 77.181012406,28.6495439350001,0 77.1812908840001,28.650009051,0 77.1818298730001,28.6497567850001,0 77.1820814020001,28.650418981,0 77.1815244460001,28.6504741640001,0 77.181758008,28.650891976,0 77.183446841,28.6499459840001,0 77.181380716,28.6468241490001,0 77.180904609,28.644072758,0 77.1808866420001,28.642882306,0 77.175047593,28.642030848,0 77.1745984350001,28.642164875,0 77.174275042,28.642062384,0 77.1640432310001,28.6481801090001,0 77.166450716,28.6512861370001,0 77.1647349340001,28.6523030650001,0 77.167600559,28.6559923040001,0 77.1663249520001,28.6567175230001,0 77.16523799,28.6577738120001,0 77.164860698,28.657868405,0 77.1646810350001,28.6581127690001,0 77.1650762930001,28.65861726,0 77.166019524,28.6589246830001,0 77.1664956320001,28.6592636350001,0 77.1665135980001,28.6599573020001,0 77.166010541,28.6605563740001,0 77.167537677,28.661581095,0 77.16740293,28.6620146280001,0 77.168418026,28.662424511,0 77.168274296,28.662526982,0 77.1686785380001,28.6629210990001,0 77.1687414200001,28.6632994500001,0 77.16922651,28.6638590920001,0 77.1694061730001,28.6648128410001,0 77.1698643140001,28.66477343,0</coordinates></LinearRing></outerBoundaryIs></Polygon>
  </Placemark>
  <Placemark>
	<Style><LineStyle><color>ff0000ff</color></LineStyle><PolyStyle><fill>0</fill></PolyStyle></Style>
	<ExtendedData><SchemaData schemaUrl="#Final_zoning_delhi">
		<SimpleData name="tessellate">-1</SimpleData>
		<SimpleData name="extrude">0</SimpleData>
		<SimpleData name="visibility">-1</SimpleData>
		<SimpleData name="Ward_Name">WEST PATEL NAGAR</SimpleData>
		<SimpleData name="Ward_No">94</SimpleData>
		<SimpleData name="internal">0</SimpleData>
		<SimpleData name="Zone_no">152</SimpleData>
		<SimpleData name="ycoord">3172088.151</SimpleData>
	</SchemaData></ExtendedData>
      <Polygon><outerBoundaryIs><LinearRing><coordinates>77.1698643140001,28.66477343,0 77.1694061730001,28.6648128410001,0 77.16922651,28.6638590920001,0 77.1687414200001,28.6632994500001,0 77.1686785380001,28.6629210990001,0 77.168274296,28.662526982,0 77.168418026,28.662424511,0 77.16740293,28.6620146280001,0 77.167537677,28.661581095,0 77.166010541,28.6605563740001,0 77.1665135980001,28.6599573020001,0 77.1664956320001,28.6592636350001,0 77.166019524,28.6589246830001,0 77.1650762930001,28.65861726,0 77.1647349340001,28.6582625400001,0 77.1646810350001,28.6581127690001,0 77.164860698,28.657868405,0 77.16523799,28.6577738120001,0 77.1663249520001,28.6567175230001,0 77.167600559,28.6559923040001,0 77.1647349340001,28.6523030650001,0 77.163037118,28.6533199840001,0 77.16110574,28.6508604430001,0 77.1600367450001,28.651506867,0 77.1595247050001,28.6508210270001,0 77.1571262030001,28.6522872990001,0 77.1581502830001,28.652697221,0 77.159039615,28.653249036,0 77.1609979420001,28.6538796790001,0 77.1620399880001,28.654368424,0 77.164258826,28.657198373,0 77.1635850900001,28.65767922,0 77.163710854,28.658483254,0 77.1628125390001,28.658901035,0 77.1623993140001,28.6592794,0 77.1626059260001,28.6597996510001,0 77.1618603250001,28.659271518,0 77.1611596390001,28.659854829,0 77.1605937,28.659334578,0 77.160288273,28.659484348,0 77.159515722,28.6586566730001,0 77.160458953,28.658238892,0 77.160297256,28.6580102940001,0 77.159407924,28.6572614350001,0 77.158976733,28.657253552,0 77.158806053,28.6573796760001,0 77.157898754,28.6569145930001,0 77.1576112930001,28.6569145930001,0 77.157521462,28.6570564830001,0 77.1556978820001,28.6553774400001,0 77.1544222740001,28.653895445,0 77.1523920820001,28.65513307,0 77.156533315,28.6608480260001,0 77.1569555230001,28.660501196,0 77.1580424850001,28.6613761510001,0 77.1594708060001,28.662172275,0 77.169639735,28.6665784360001,0 77.16956787,28.665514353,0 77.169936179,28.6649941310001,0 77.1698643140001,28.66477343,0</coordinates></LinearRing></outerBoundaryIs></Polygon>
  </Placemark>
  <Placemark>
	<Style><LineStyle><color>ff0000ff</color></LineStyle><PolyStyle><fill>0</fill></PolyStyle></Style>
	<ExtendedData><SchemaData schemaUrl="#Final_zoning_delhi">
		<SimpleData name="tessellate">-1</SimpleData>
		<SimpleData name="extrude">0</SimpleData>
		<SimpleData name="visibility">-1</SimpleData>
		<SimpleData name="Ward_Name">DEV NAGAR</SimpleData>
		<SimpleData name="Ward_No">92</SimpleData>
		<SimpleData name="internal">0</SimpleData>
		<SimpleData name="Zone_no">164</SimpleData>
		<SimpleData name="ycoord">3171508.911</SimpleData>
	</SchemaData></ExtendedData>
      <Polygon><outerBoundaryIs><LinearRing><coordinates>77.183446841,28.6499459840001,0 77.181758008,28.650891976,0 77.1815244460001,28.6504741640001,0 77.1820814020001,28.650418981,0 77.1818298730001,28.6497567850001,0 77.1812908840001,28.650009051,0 77.181012406,28.6495439350001,0 77.1803566360001,28.649914451,0 77.179988327,28.6497725510001,0 77.1782725450001,28.650616063,0 77.1774281290001,28.648897499,0 77.1764579480001,28.6489448,0 77.1755686160001,28.649914451,0 77.1749936940001,28.6497252510001,0 77.1746882670001,28.6501903660001,0 77.1740863960001,28.649977517,0 77.1734216420001,28.650986575,0 77.173601305,28.6517906610001,0 77.173161131,28.653075609,0 77.1787935680001,28.654778338,0 77.1799344280001,28.6555823950001,0 77.180635114,28.6565441020001,0 77.1813178340001,28.6568988270001,0 77.1825036100001,28.658357132,0 77.1875162090001,28.6556375750001,0 77.183446841,28.6499459840001,0</coordinates></LinearRing></outerBoundaryIs></Polygon>
  </Placemark>
  <Placemark>
	<Style><LineStyle><color>ff0000ff</color></LineStyle><PolyStyle><fill>0</fill></PolyStyle></Style>
	<ExtendedData><SchemaData schemaUrl="#Final_zoning_delhi">
		<SimpleData name="tessellate">-1</SimpleData>
		<SimpleData name="extrude">0</SimpleData>
		<SimpleData name="visibility">-1</SimpleData>
		<SimpleData name="Ward_Name">KAROL BAGH</SimpleData>
		<SimpleData name="Ward_No">91</SimpleData>
		<SimpleData name="internal">0</SimpleData>
		<SimpleData name="Zone_no">158</SimpleData>
		<SimpleData name="ycoord">3171742.189</SimpleData>
	</SchemaData></ExtendedData>
      <Polygon><outerBoundaryIs><LinearRing><coordinates>77.1849470270001,28.6628028640001,0 77.1894116540001,28.6616520370001,0 77.191504729,28.661462858,0 77.192007786,28.662306276,0 77.1928791510001,28.6620146280001,0 77.1949362930001,28.6618175670001,0 77.1958885080001,28.662006745,0 77.1980803970001,28.6629289810001,0 77.1982510770001,28.6625663940001,0 77.1983948070001,28.659027157,0 77.196714958,28.656465274,0 77.202661805,28.6533988140001,0 77.1994368530001,28.6488344320001,0 77.196849705,28.6456652630001,0 77.1926366060001,28.648329894,0 77.188764867,28.650426865,0 77.1870490850001,28.6479672560001,0 77.1834288750001,28.6499223340001,0 77.1875162090001,28.6556375750001,0 77.1825036100001,28.658357132,0 77.18401278,28.661549565,0 77.182800054,28.6620146280001,0 77.1815603790001,28.663118157,0 77.1805183330001,28.663567448,0 77.180563249,28.6639300320001,0 77.180769861,28.6644029660001,0 77.183006666,28.663709329,0 77.1849470270001,28.6628028640001,0</coordinates></LinearRing></outerBoundaryIs></Polygon>
  </Placemark>
  <Placemark>
	<Style><LineStyle><color>ff0000ff</color></LineStyle><PolyStyle><fill>0</fill></PolyStyle></Style>
	<ExtendedData><SchemaData schemaUrl="#Final_zoning_delhi">
		<SimpleData name="tessellate">-1</SimpleData>
		<SimpleData name="extrude">0</SimpleData>
		<SimpleData name="visibility">-1</SimpleData>
		<SimpleData name="Ward_Name">MODEL BASTI</SimpleData>
		<SimpleData name="Ward_No">90</SimpleData>
		<SimpleData name="internal">0</SimpleData>
		<SimpleData name="Zone_no">167</SimpleData>
		<SimpleData name="ycoord">3171380.075</SimpleData>
	</SchemaData></ExtendedData>
      <Polygon><outerBoundaryIs><LinearRing><coordinates>77.204287756,28.6610529710001,0 77.2037667330001,28.660627317,0 77.2032906260001,28.659823298,0 77.2030840130001,28.6593424610001,0 77.203039097,28.6587433820001,0 77.203712834,28.657064366,0 77.2050962390001,28.650592413,0 77.2063089650001,28.6520981040001,0 77.207099482,28.652232117,0 77.2084289890001,28.6519404410001,0 77.2089050960001,28.6517906610001,0 77.208626618,28.6505214640001,0 77.209066793,28.6503243820001,0 77.2100998550001,28.6502770820001,0 77.2102346030001,28.649102467,0 77.2097135800001,28.649244368,0 77.2087074670001,28.6491576510001,0 77.2088511970001,28.648826549,0 77.2094261190001,28.6486767650001,0 77.2086086520001,28.645996375,0 77.207512707,28.646177697,0 77.2069377860001,28.643481476,0 77.2061293020001,28.642354088,0 77.2048806440001,28.6430794020001,0 77.2047189470001,28.6429138410001,0 77.203721817,28.642764049,0 77.203721817,28.642882306,0 77.2033624910001,28.6426773260001,0 77.1985475210001,28.644884781,0 77.1973437780001,28.6451843610001,0 77.196849705,28.6456652630001,0 77.1994368530001,28.6488344320001,0 77.202661805,28.6533988140001,0 77.196714958,28.656465274,0 77.1983948070001,28.659027157,0 77.1982420940001,28.6625506290001,0 77.1991583750001,28.662692511,0 77.2053567510001,28.6625506290001,0 77.204997425,28.661707214,0 77.204287756,28.6610529710001,0</coordinates></LinearRing></outerBoundaryIs></Polygon>
  </Placemark>
  <Placemark>
	<Style><LineStyle><color>ff0000ff</color></LineStyle><PolyStyle><fill>0</fill></PolyStyle></Style>
	<ExtendedData><SchemaData schemaUrl="#Final_zoning_delhi">
		<SimpleData name="tessellate">-1</SimpleData>
		<SimpleData name="extrude">0</SimpleData>
		<SimpleData name="visibility">-1</SimpleData>
		<SimpleData name="Ward_Name">RANA PRATAP BAGH</SimpleData>
		<SimpleData name="Ward_No">70</SimpleData>
		<SimpleData name="internal">0</SimpleData>
		<SimpleData name="Zone_no">107</SimpleData>
		<SimpleData name="ycoord">3175367.862</SimpleData>
	</SchemaData></ExtendedData>
      <Polygon><outerBoundaryIs><LinearRing><coordinates>77.2011616180001,28.6928223850001,0 77.201008905,28.692585982,0 77.2010268710001,28.692113175,0 77.2013951800001,28.6908996280001,0 77.1999129600001,28.6906001790001,0 77.1985205710001,28.6895205800001,0 77.198808032,28.689173845,0 77.198502605,28.6888980320001,0 77.198709218,28.688693142,0 77.1981522620001,28.688236079,0 77.19894278,28.687298304,0 77.199149392,28.6872667820001,0 77.1997512630001,28.6866915040001,0 77.201889254,28.6885749360001,0 77.2032546930001,28.686959442,0 77.2025180740001,28.6865023710001,0 77.202670788,28.6859192090001,0 77.202293496,28.6853990880001,0 77.202841468,28.684697709,0 77.2031828280001,28.684650425,0 77.2030929960001,28.6843824810001,0 77.2027875690001,28.6844297650001,0 77.1985565040001,28.68175817,0 77.198206161,28.6818763840001,0 77.196508345,28.684075132,0 77.1910825210001,28.6822861900001,0 77.1905345490001,28.682309833,0 77.189878778,28.6821364530001,0 77.185512966,28.690820826,0 77.189878778,28.688921673,0 77.1904986160001,28.6900170390001,0 77.1904896330001,28.6903952930001,0 77.1920886340001,28.6906632210001,0 77.1922593140001,28.690434694,0 77.192412027,28.6906080590001,0 77.194307473,28.6937916300001,0 77.1947386640001,28.6952967,0 77.2011616180001,28.6928223850001,0</coordinates></LinearRing></outerBoundaryIs></Polygon>
  </Placemark>
  <Placemark>
	<Style><LineStyle><color>ff0000ff</color></LineStyle><PolyStyle><fill>0</fill></PolyStyle></Style>
	<ExtendedData><SchemaData schemaUrl="#Final_zoning_delhi">
		<SimpleData name="tessellate">-1</SimpleData>
		<SimpleData name="extrude">0</SimpleData>
		<SimpleData name="visibility">-1</SimpleData>
		<SimpleData name="Ward_Name">BAKHTAWAR PUR</SimpleData>
		<SimpleData name="Ward_No">4</SimpleData>
		<SimpleData name="internal">0</SimpleData>
		<SimpleData name="Zone_no">29</SimpleData>
		<SimpleData name="ycoord">3190208.548</SimpleData>
	</SchemaData></ExtendedData>
      <Polygon><outerBoundaryIs><LinearRing><coordinates>77.2069377860001,28.859046376,0 77.206461678,28.8572919010001,0 77.207135415,28.856961459,0 77.2077283030001,28.857103077,0 77.208285259,28.857874107,0 77.2097135800001,28.85855072,0 77.211034103,28.8583382960001,0 77.211671907,28.857787563,0 77.211914452,28.8570873420001,0 77.2121210650001,28.8547191430001,0 77.2123905590001,28.853885147,0 77.213261925,28.8523036820001,0 77.213091245,28.849982583,0 77.2141243080001,28.846748695,0 77.214303971,28.845442522,0 77.2145016,28.845096305,0 77.214654314,28.8432707760001,0 77.2151394040001,28.8430740580001,0 77.215193303,28.842334394,0 77.2160826350001,28.8402963550001,0 77.2161814500001,28.839753396,0 77.2173762090001,28.83814024,0 77.218103845,28.8363854130001,0 77.221041336,28.8336704870001,0 77.2216342240001,28.8322382370001,0 77.2222810110001,28.831443409,0 77.222864916,28.8299639090001,0 77.2236195,28.8289093600001,0 77.2239698430001,28.8277603610001,0 77.223520686,28.825950268,0 77.224032725,28.825344274,0 77.224032725,28.8246989250001,0 77.2237722140001,28.823856818,0 77.2228828820001,28.822880909,0 77.2225774550001,28.8223457300001,0 77.2224157580001,28.821605918,0 77.222496606,28.821125825,0 77.221957617,28.8203466520001,0 77.222056432,28.82014202,0 77.2211042180001,28.81922117,0 77.2202777680001,28.8186702310001,0 77.220098105,28.817450283,0 77.2189752100001,28.8166553410001,0 77.2184811370001,28.813554224,0 77.218535036,28.812050857,0 77.2189302950001,28.8102798480001,0 77.218849446,28.8089181180001,0 77.2186877500001,28.8085639080001,0 77.2170797650001,28.8086347500001,0 77.2158221240001,28.807398941,0 77.2145195670001,28.809138515,0 77.211438345,28.810201136,0 77.2075486400001,28.8105553400001,0 77.2068569370001,28.8109174150001,0 77.202527058,28.812302732,0 77.2019341690001,28.8124365400001,0 77.2001555050001,28.812499508,0 77.2001465220001,28.811177163,0 77.198843965,28.8078948410001,0 77.1987002340001,28.804486469,0 77.198206161,28.803785889,0 77.1977749700001,28.8015188110001,0 77.197047334,28.800983522,0 77.1968856380001,28.799645287,0 77.197047334,28.799574438,0 77.1968317390001,28.7982676730001,0 77.2022126470001,28.7973702470001,0 77.2100279900001,28.792867254,0 77.2122737780001,28.7901590660001,0 77.208249326,28.788088515,0 77.2051231890001,28.7869941770001,0 77.2016107760001,28.785214868,0 77.1991314260001,28.7844039350001,0 77.1998770270001,28.782884401,0 77.1993739710001,28.7824277490001,0 77.19860142,28.783199332,0 77.194684765,28.7862462410001,0 77.1944512030001,28.7878680740001,0 77.1945590010001,28.789277316,0 77.1941457760001,28.7898677750001,0 77.193364242,28.790536957,0 77.1924030440001,28.7898205380001,0 77.1910376050001,28.788198736,0 77.1893128400001,28.7875846490001,0 77.189564368,28.7871673820001,0 77.1889894460001,28.7863013520001,0 77.188693002,28.786167511,0 77.1879384170001,28.78491569,0 77.1873814620001,28.7843803150001,0 77.1871838320001,28.7843409490001,0 77.187129934,28.7838291910001,0 77.185539916,28.7829237670001,0 77.1841295610001,28.7817270210001,0 77.1842104090001,28.781112896,0 77.184426005,28.7811050220001,0 77.1843721060001,28.7800814720001,0 77.1829797170001,28.7800893460001,0 77.1819107220001,28.7784358980001,0 77.17999731,28.778971303,0 77.1749667450001,28.779089406,0 77.1731970640001,28.783096979,0 77.1731162150001,28.7841205,0 77.1723526470001,28.7843330760001,0 77.1710141570001,28.784427554,0 77.1714812810001,28.7851833760001,0 77.1719304390001,28.7854825540001,0 77.1725682430001,28.786222622,0 77.172685024,28.7867107490001,0 77.1729006190001,28.790363757,0 77.1730982490001,28.790395248,0 77.17338571,28.7911667720001,0 77.1728377370001,28.791851692,0 77.1724514620001,28.7928987440001,0 77.171768742,28.793796209,0 77.1711129720001,28.794292173,0 77.1697834650001,28.793914296,0 77.1669447890001,28.793898551,0 77.165812912,28.7937411020001,0 77.1658218950001,28.7952604770001,0 77.164690018,28.795551754,0 77.1647349340001,28.796677491,0 77.162695758,28.796740469,0 77.1626418590001,28.795732817,0 77.162453213,28.7955989880001,0 77.162048971,28.7946779210001,0 77.1610967570001,28.794126852,0 77.1605487840001,28.794111107,0 77.1600816600001,28.7929617240001,0 77.1596594520001,28.7928278910001,0 77.159479789,28.7931979,0 77.158608423,28.7931979,0 77.158365878,28.79310343,0 77.1583568950001,28.7928042730001,0 77.157755024,28.7928121460001,0 77.157755024,28.7926074600001,0 77.1572250180001,28.7927019300001,0 77.1569016240001,28.79187531,0 77.155724831,28.7919146730001,0 77.1557158480001,28.791670622,0 77.1546288870001,28.791599768,0 77.153793453,28.7913557160001,0 77.1537844700001,28.7911589,0 77.151906991,28.7908833560001,0 77.151906991,28.7903322670001,0 77.1501642600001,28.7904346120001,0 77.1501642600001,28.790324394,0 77.1495084890001,28.7903401390001,0 77.1494905230001,28.7889781490001,0 77.1415314500001,28.789230079,0 77.141270938,28.7894111530001,0 77.140291775,28.789450517,0 77.1402288930001,28.7897969200001,0 77.1396719370001,28.789977993,0 77.1381358180001,28.7899858660001,0 77.1380010710001,28.790969955,0 77.135180361,28.7910250640001,0 77.1352701920001,28.7929617240001,0 77.1365188500001,28.792953852,0 77.136527834,28.7935915250001,0 77.1439658840001,28.7936545040001,0 77.1440287660001,28.7944732390001,0 77.146481167,28.794646432,0 77.1465260830001,28.7950400510001,0 77.149194079,28.795047923,0 77.149706119,28.7952211150001,0 77.1495534050001,28.795433669,0 77.150981727,28.795496647,0 77.1509996930001,28.795772179,0 77.1537036220001,28.795717073,0 77.1537215880001,28.795984731,0 77.154098881,28.796039837,0 77.1547007520001,28.7978347050001,0 77.155113977,28.798299162,0 77.155652966,28.8001490950001,0 77.155823646,28.8020934570001,0 77.1558775450001,28.8035890960001,0 77.1557068650001,28.8043841370001,0 77.1552666900001,28.8043841370001,0 77.155248724,28.8046439020001,0 77.15480855,28.8049587670001,0 77.154566005,28.8049745100001,0 77.15461092,28.807217898,0 77.1548354990001,28.8072100270001,0 77.154844482,28.808217568,0 77.1540090490001,28.8082254390001,0 77.1540090490001,28.8084851940001,0 77.1538204030001,28.8085796500001,0 77.1534341270001,28.8083513810001,0 77.151188339,28.808312024,0 77.151188339,28.808146725,0 77.1505595180001,28.808138854,0 77.150550535,28.8068479390001,0 77.1473166,28.804950895,0 77.144927082,28.803896093,0 77.144864199,28.804832821,0 77.1418099270001,28.80463603,0 77.1414865340001,28.804502212,0 77.1409205950001,28.8053838340001,0 77.1407139830001,28.8054861640001,0 77.1376686940001,28.8055884950001,0 77.135961895,28.8112243900001,0 77.133078303,28.8112873590001,0 77.1297096210001,28.8142862220001,0 77.1282274,28.814679767,0 77.119953917,28.815411757,0 77.1172230380001,28.815301565,0 77.1157408180001,28.821479992,0 77.114671823,28.822959612,0 77.114734705,28.82321146,0 77.1143933450001,28.8246989250001,0 77.1160821780001,28.8251947420001,0 77.118327966,28.8273511250001,0 77.120798333,28.8288464010001,0 77.1233854810001,28.8301606530001,0 77.123475313,28.832663193,0 77.1173218530001,28.8327104100001,0 77.1174027010001,28.833576054,0 77.115956414,28.833591793,0 77.1159833630001,28.834929592,0 77.1152557280001,28.834945331,0 77.115309627,28.8359919500001,0 77.1180405050001,28.8361257280001,0 77.1180764380001,28.8376444850001,0 77.1215169850001,28.8375343170001,0 77.1214630860001,28.8363460670001,0 77.126107376,28.8355591390001,0 77.128820288,28.835228627,0 77.12956589,28.834772205,0 77.1315332010001,28.834362997,0 77.132647112,28.8342606950001,0 77.1336711910001,28.834347258,0 77.136635631,28.8351971500001,0 77.1372554690001,28.8355276620001,0 77.1386568410001,28.8359683420001,0 77.139689903,28.837345457,0 77.1407409320001,28.838439266,0 77.1422051860001,28.8394150290001,0 77.144720469,28.8383212300001,0 77.1467776110001,28.837912036,0 77.148619157,28.838030073,0 77.1509278280001,28.83787269,0 77.157728074,28.836936259,0 77.1568656920001,28.837951381,0 77.1568656920001,28.839037315,0 77.1595067390001,28.8411855430001,0 77.1647439170001,28.8478188010001,0 77.1661003730001,28.849345256,0 77.1669088570001,28.8490069200001,0 77.168687521,28.850462544,0 77.169064813,28.8506199070001,0 77.1698463480001,28.8505726980001,0 77.1720562030001,28.8500140560001,0 77.1726401080001,28.8540425050001,0 77.1729365520001,28.855317099,0 77.1732329960001,28.8558914480001,0 77.1730174,28.857339107,0 77.174984711,28.858495647,0 77.1755237,28.8579763860001,0 77.1767993080001,28.8579449160001,0 77.1778503370001,28.8583933690001,0 77.178092882,28.8586529990001,0 77.1804464680001,28.857819034,0 77.1819017390001,28.85773249,0 77.1833210770001,28.8579449160001,0 77.1845697350001,28.857905578,0 77.1879204510001,28.8582596200001,0 77.1907052280001,28.858385501,0 77.1919628700001,28.8583068250001,0 77.1920257520001,28.8584012360001,0 77.192986949,28.8583776340001,0 77.1930498310001,28.85851925,0 77.1935798370001,28.8584327070001,0 77.193804416,28.859014906,0 77.195322569,28.859368944,0 77.203649952,28.859077846,0 77.206964735,28.8592430640001,0 77.2069377860001,28.859046376,0</coordinates></LinearRing></outerBoundaryIs></Polygon>
  </Placemark>
  <Placemark>
	<Style><LineStyle><color>ff0000ff</color></LineStyle><PolyStyle><fill>0</fill></PolyStyle></Style>
	<ExtendedData><SchemaData schemaUrl="#Final_zoning_delhi">
		<SimpleData name="tessellate">-1</SimpleData>
		<SimpleData name="extrude">0</SimpleData>
		<SimpleData name="visibility">-1</SimpleData>
		<SimpleData name="Ward_Name">ALIPUR</SimpleData>
		<SimpleData name="Ward_No">3</SimpleData>
		<SimpleData name="internal">0</SimpleData>
		<SimpleData name="Zone_no">31</SimpleData>
		<SimpleData name="ycoord">3186925.230</SimpleData>
	</SchemaData></ExtendedData>
      <Polygon><outerBoundaryIs><LinearRing><coordinates>77.0926990310001,28.827115027,0 77.097073826,28.815411757,0 77.0978014620001,28.815640011,0 77.0991848670001,28.815584915,0 77.10435018,28.8141760290001,0 77.1044579780001,28.814262609,0 77.103433899,28.8158289100001,0 77.1009725150001,28.820771656,0 77.1143933450001,28.8246989250001,0 77.114734705,28.82321146,0 77.114671823,28.822959612,0 77.1157408180001,28.821479992,0 77.1172230380001,28.815301565,0 77.119953917,28.815411757,0 77.1282274,28.814679767,0 77.1297096210001,28.8142862220001,0 77.133078303,28.8112873590001,0 77.135961895,28.8112243900001,0 77.1376686940001,28.8055884950001,0 77.1407139830001,28.8054861640001,0 77.1409205950001,28.8053838340001,0 77.1414865340001,28.804502212,0 77.1418099270001,28.80463603,0 77.144864199,28.804832821,0 77.144927082,28.803896093,0 77.1473166,28.804950895,0 77.150550535,28.8068479390001,0 77.1505595180001,28.808138854,0 77.151188339,28.808146725,0 77.151188339,28.808312024,0 77.1534341270001,28.8083513810001,0 77.1538204030001,28.8085796500001,0 77.1540090490001,28.8084851940001,0 77.1540090490001,28.8082254390001,0 77.154844482,28.808217568,0 77.1548354990001,28.8072100270001,0 77.15461092,28.807217898,0 77.154566005,28.8049745100001,0 77.15480855,28.8049587670001,0 77.155248724,28.8046439020001,0 77.1552666900001,28.8043841370001,0 77.1557068650001,28.8043841370001,0 77.1558775450001,28.8035418650001,0 77.155652966,28.8001490950001,0 77.155113977,28.798299162,0 77.1547007520001,28.7978347050001,0 77.154098881,28.796039837,0 77.1537215880001,28.795984731,0 77.1537036220001,28.795717073,0 77.1509996930001,28.795772179,0 77.150981727,28.795496647,0 77.1495534050001,28.795433669,0 77.149706119,28.7952211150001,0 77.149194079,28.795047923,0 77.1465260830001,28.7950400510001,0 77.146481167,28.794646432,0 77.1440287660001,28.7944732390001,0 77.1439658840001,28.7936545040001,0 77.136527834,28.7935915250001,0 77.1365188500001,28.792953852,0 77.1352701920001,28.7929617240001,0 77.135180361,28.7910250640001,0 77.1380010710001,28.790969955,0 77.1381358180001,28.7899858660001,0 77.1396719370001,28.789977993,0 77.1402288930001,28.7897969200001,0 77.140291775,28.789450517,0 77.141270938,28.7894111530001,0 77.1415314500001,28.789230079,0 77.142025523,28.789174969,0 77.1480891510001,28.789017513,0 77.1480622020001,28.788198736,0 77.148385595,28.7881908630001,0 77.149355776,28.7856085230001,0 77.149364759,28.7816482870001,0 77.1481161010001,28.7816876540001,0 77.1479274550001,28.780018484,0 77.144963014,28.7801365870001,0 77.1442353790001,28.779798026,0 77.141648231,28.779420096,0 77.1402019430001,28.7786248640001,0 77.138764639,28.7780894570001,0 77.1384861610001,28.7785303810001,0 77.1380729360001,28.7787902100001,0 77.137453098,28.77842015,0 77.1369320760001,28.7783414140001,0 77.136438002,28.777798132,0 77.136366137,28.777294216,0 77.13554867,28.7773099630001,0 77.1352073100001,28.777617037,0 77.13324,28.7773965740001,0 77.132817791,28.7770816250001,0 77.132377617,28.7771997310001,0 77.13173083,28.7764044830001,0 77.1308325150001,28.776601327,0 77.129700637,28.775506868,0 77.129727587,28.7749556970001,0 77.1303294580001,28.7741840530001,0 77.12959284,28.7727746080001,0 77.1296197890001,28.772357282,0 77.130374374,28.77189271,0 77.1305001380001,28.7713178980001,0 77.1317398130001,28.7723100370001,0 77.1325662630001,28.773475396,0 77.1328267750001,28.7736250020001,0 77.1331681340001,28.7734360260001,0 77.133859837,28.7734202780001,0 77.136195457,28.7741761790001,0 77.1364200360001,28.7738454730001,0 77.136635631,28.773294294,0 77.136402069,28.7731289390001,0 77.1363571540001,28.7727352370001,0 77.135449855,28.771373017,0 77.1357013840001,28.7708690690001,0 77.1350276470001,28.769892665,0 77.1353690070001,28.768672146,0 77.1323237180001,28.7676484740001,0 77.131182858,28.7674516120001,0 77.130518104,28.7670893870001,0 77.1303204750001,28.7671996300001,0 77.129503008,28.7668059050001,0 77.129637755,28.7666011680001,0 77.1290628340001,28.766333434,0 77.1277243440001,28.766026326,0 77.1265924670001,28.7655223530001,0 77.126080427,28.765656221,0 77.1260894100001,28.765230993,0 77.1257480500001,28.7645065250001,0 77.1258288990001,28.763884424,0 77.1253527910001,28.763687555,0 77.125397707,28.763427689,0 77.1256851680001,28.763120573,0 77.1257211010001,28.762372466,0 77.1261702580001,28.761269983,0 77.123475313,28.7612384830001,0 77.1267361970001,28.757741959,0 77.1236639590001,28.755213993,0 77.1230531040001,28.7551509900001,0 77.1228195420001,28.7547887220001,0 77.121265457,28.754891102,0 77.1210857940001,28.7546548400001,0 77.12113071,28.7543870760001,0 77.120735451,28.753820042,0 77.1193610290001,28.7527883490001,0 77.111725349,28.7587736030001,0 77.1069463110001,28.763530061,0 77.1066858,28.76354581,0 77.1063354570001,28.7633253170001,0 77.105473074,28.763104823,0 77.1030116900001,28.760726612,0 77.1014216720001,28.75887598,0 77.1000023340001,28.759639862,0 77.099041137,28.7598131120001,0 77.0983314680001,28.760104488,0 77.096633652,28.76101011,0 77.0939027730001,28.756796932,0 77.089527978,28.75943511,0 77.0895459440001,28.7615062300001,0 77.0909293500001,28.763900173,0 77.09027358,28.764223036,0 77.089024921,28.7644986500001,0 77.0880816900001,28.764427778,0 77.086815066,28.7636481820001,0 77.0860514980001,28.763671806,0 77.0849375870001,28.763278068,0 77.084003339,28.763104823,0 77.083697912,28.7632071950001,0 77.083033158,28.7630339500001,0 77.0825660350001,28.762537837,0 77.082655866,28.762380341,0 77.0813622920001,28.7609392360001,0 77.0803022800001,28.760891986,0 77.0802304150001,28.7605376130001,0 77.079673459,28.7604431130001,0 77.0792153180001,28.760167488,0 77.0788470090001,28.7596713620001,0 77.0778319130001,28.75935636,0 77.0770413960001,28.760332863,0 77.0776612330001,28.7603643630001,0 77.0777600480001,28.7608526110001,0 77.07699648,28.761978723,0 77.0769425810001,28.762301592,0 77.077813947,28.763892298,0 77.078263104,28.764388405,0 77.078460734,28.7657822150001,0 77.0783709020001,28.765971205,0 77.0787481950001,28.7667192860001,0 77.0785056490001,28.7668610270001,0 77.0785056490001,28.7672705,0 77.0780744580001,28.7676327250001,0 77.0775983510001,28.7684752860001,0 77.0760801980001,28.769128858,0 77.075577142,28.7695304480001,0 77.0750561190001,28.7711997850001,0 77.074912388,28.7728690960001,0 77.0741847530001,28.7749242020001,0 77.0739961070001,28.7765068420001,0 77.073645764,28.777183984,0 77.0723162570001,28.778404403,0 77.0710586160001,28.7800027370001,0 77.0710945480001,28.780451526,0 77.0704836940001,28.7805538810001,0 77.0698189410001,28.780955427,0 77.0682648550001,28.782364762,0 77.067698917,28.7826324550001,0 77.0674473880001,28.7819632220001,0 77.0603686640001,28.7860021770001,0 77.0626773340001,28.788261719,0 77.062416823,28.7885372690001,0 77.0630097110001,28.7892143330001,0 77.063701414,28.7898677750001,0 77.0640248070001,28.7896394640001,0 77.0655878760001,28.7912218810001,0 77.065569909,28.791859564,0 77.0659472020001,28.79233192,0 77.0643032850001,28.793646632,0 77.0696752100001,28.7980551260001,0 77.0695404630001,28.798188952,0 77.0710675990001,28.799558694,0 77.071049633,28.8059584580001,0 77.069800974,28.806635409,0 77.0689296080001,28.8067456100001,0 77.0685612990001,28.8066590240001,0 77.0673665400001,28.808666235,0 77.0614107100001,28.808855147,0 77.0614556250001,28.8116415600001,0 77.0619496990001,28.813467643,0 77.060251883,28.815687236,0 77.060862737,28.816151613,0 77.0600273040001,28.8171669380001,0 77.05822169,28.8185521720001,0 77.057853381,28.8193549690001,0 77.055338098,28.819347099,0 77.054664362,28.820992028,0 77.0546553790001,28.8220623980001,0 77.0543679180001,28.8222748970001,0 77.0574311730001,28.825344274,0 77.059344584,28.8235577500001,0 77.0599644220001,28.8244234700001,0 77.061536474,28.825871568,0 77.061401726,28.826690049,0 77.0623000420001,28.8266743090001,0 77.0623359740001,28.8274927840001,0 77.066441275,28.827429825,0 77.0664322920001,28.8268002290001,0 77.0680223100001,28.8269576280001,0 77.068516383,28.8266113490001,0 77.06884876,28.826084059,0 77.0689924910001,28.825430845,0 77.0694416480001,28.82501373,0 77.0742027190001,28.8302393500001,0 77.0753974790001,28.8300268670001,0 77.076322743,28.830066216,0 77.078730228,28.830680053,0 77.079772274,28.830624965,0 77.0810838140001,28.830074086,0 77.0812544940001,28.830192131,0 77.0815599210001,28.830066216,0 77.081541955,28.8293972870001,0 77.083599097,28.8293264590001,0 77.0836619790001,28.83049118,0 77.0875786340001,28.830262959,0 77.0881805050001,28.8300976950001,0 77.0890069550001,28.82962551,0 77.0897435740001,28.8295940310001,0 77.0911090130001,28.828830662,0 77.09209716,28.828539478,0 77.0926990310001,28.827115027,0</coordinates></LinearRing></outerBoundaryIs></Polygon>
  </Placemark>
  <Placemark>
	<Style><LineStyle><color>ff0000ff</color></LineStyle><PolyStyle><fill>0</fill></PolyStyle></Style>
	<ExtendedData><SchemaData schemaUrl="#Final_zoning_delhi">
		<SimpleData name="tessellate">-1</SimpleData>
		<SimpleData name="extrude">0</SimpleData>
		<SimpleData name="visibility">-1</SimpleData>
		<SimpleData name="Ward_Name">SAHIBABAD DAULAT PUR</SimpleData>
		<SimpleData name="Ward_No">26</SimpleData>
		<SimpleData name="internal">0</SimpleData>
		<SimpleData name="Zone_no">37</SimpleData>
		<SimpleData name="ycoord">3181831.947</SimpleData>
	</SchemaData></ExtendedData>
      <Polygon><outerBoundaryIs><LinearRing><coordinates>77.1267361970001,28.757741959,0 77.1325303310001,28.7514967490001,0 77.1320272740001,28.7508745700001,0 77.1315332010001,28.750858819,0 77.131497268,28.749795593,0 77.1293143620001,28.7497877180001,0 77.129260463,28.7492521630001,0 77.1280926530001,28.7492521630001,0 77.1280836700001,28.7486929780001,0 77.1260265280001,28.7489765080001,0 77.12509228,28.748559088,0 77.127122473,28.746605851,0 77.1285777430001,28.744487179,0 77.1279309560001,28.744172131,0 77.122594964,28.7433293730001,0 77.1209869790001,28.743975225,0 77.1202054450001,28.7445423120001,0 77.11896577,28.744558064,0 77.117923724,28.7448179780001,0 77.1162528580001,28.743494775,0 77.114941317,28.7445186840001,0 77.1142226650001,28.743683805,0 77.1132435010001,28.7442036360001,0 77.1131896030001,28.7441248740001,0 77.1126865460001,28.744290274,0 77.111833146,28.7428095380001,0 77.109596341,28.7445265600001,0 77.109093285,28.7445265600001,0 77.1091382010001,28.742100667,0 77.105464091,28.742281823,0 77.104987984,28.741840747,0 77.105257479,28.741525691,0 77.1088058240001,28.7393675320001,0 77.105059849,28.738761035,0 77.1033620330001,28.73804426,0 77.1019606610001,28.7370596710001,0 77.10055929,28.735263758,0 77.100146065,28.733507198,0 77.100181997,28.7337828930001,0 77.0982057040001,28.7348226510001,0 77.0950526170001,28.73698878,0 77.0948190550001,28.73691789,0 77.092330722,28.7378473430001,0 77.0918815640001,28.738217546,0 77.0904442600001,28.7383278200001,0 77.0866623520001,28.7351692350001,0 77.087560667,28.734554836,0 77.0806346570001,28.7267248690001,0 77.076322743,28.7295922490001,0 77.0768796990001,28.7304666270001,0 77.0745171300001,28.7321523430001,0 77.0739062750001,28.733010945,0 77.0737445780001,28.733113347,0 77.0729271120001,28.7331212240001,0 77.0727115160001,28.733822278,0 77.0714359080001,28.734602098,0 77.070205216,28.735090466,0 77.069791991,28.7355709560001,0 77.0681480740001,28.73627987,0 77.0687229960001,28.7364295300001,0 77.0687589290001,28.737587412,0 77.0690284230001,28.73813878,0 77.0690643560001,28.738666515,0 77.0687858780001,28.739099729,0 77.0687948610001,28.741360286,0 77.0703309800001,28.7435341560001,0 77.071076582,28.745621343,0 77.071346077,28.7456370960001,0 77.071346077,28.7463695700001,0 77.0710137,28.7463931980001,0 77.0709957340001,28.7465034630001,0 77.071049633,28.749008012,0 77.072459988,28.7489450050001,0 77.0738433930001,28.753205753,0 77.0759813830001,28.752622962,0 77.0761610470001,28.759694987,0 77.076771901,28.7598209870001,0 77.076834783,28.7602777380001,0 77.0770413960001,28.760332863,0 77.0778319130001,28.75935636,0 77.0788470090001,28.7596713620001,0 77.0792153180001,28.760167488,0 77.079673459,28.7604431130001,0 77.0802304150001,28.7605376130001,0 77.0803022800001,28.760891986,0 77.0813622920001,28.7609392360001,0 77.082655866,28.762380341,0 77.0825660350001,28.762537837,0 77.083033158,28.7630339500001,0 77.083697912,28.7632071950001,0 77.084003339,28.763104823,0 77.0849375870001,28.763278068,0 77.0860514980001,28.763671806,0 77.086815066,28.7636481820001,0 77.0875696510001,28.764175788,0 77.088503899,28.7644829010001,0 77.089024921,28.7644986500001,0 77.09027358,28.764223036,0 77.0909293500001,28.763900173,0 77.0895459440001,28.7615062300001,0 77.089527978,28.75943511,0 77.0939027730001,28.756796932,0 77.096633652,28.76101011,0 77.0983314680001,28.760104488,0 77.099041137,28.7598131120001,0 77.1000023340001,28.759639862,0 77.1014216720001,28.75887598,0 77.1030116900001,28.760726612,0 77.105473074,28.763104823,0 77.1063354570001,28.7633253170001,0 77.1066858,28.76354581,0 77.1069463110001,28.763530061,0 77.111725349,28.7587736030001,0 77.1193610290001,28.7527883490001,0 77.120735451,28.753820042,0 77.12113071,28.7543870760001,0 77.1210857940001,28.7546548400001,0 77.121265457,28.754891102,0 77.1228195420001,28.7547887220001,0 77.1230531040001,28.7551509900001,0 77.1236639590001,28.755213993,0 77.1267361970001,28.757741959,0</coordinates></LinearRing></outerBoundaryIs></Polygon>
  </Placemark>
  <Placemark>
	<Style><LineStyle><color>ff0000ff</color></LineStyle><PolyStyle><fill>0</fill></PolyStyle></Style>
	<ExtendedData><SchemaData schemaUrl="#Final_zoning_delhi">
		<SimpleData name="tessellate">-1</SimpleData>
		<SimpleData name="extrude">0</SimpleData>
		<SimpleData name="visibility">-1</SimpleData>
		<SimpleData name="Ward_Name">BANKNER</SimpleData>
		<SimpleData name="Ward_No">2</SimpleData>
		<SimpleData name="internal">0</SimpleData>
		<SimpleData name="Zone_no">27</SimpleData>
		<SimpleData name="ycoord">3192969.185</SimpleData>
	</SchemaData></ExtendedData>
      <Polygon><outerBoundaryIs><LinearRing><coordinates>77.0841291030001,28.8824103220001,0 77.0863659080001,28.881906912,0 77.087156426,28.881427097,0 77.0875966,28.8807270350001,0 77.08762355,28.8800033700001,0 77.088171522,28.877745819,0 77.0882972860001,28.8766445570001,0 77.0879828760001,28.876101788,0 77.0878571120001,28.8761253870001,0 77.08776728,28.875716341,0 77.0879199940001,28.8755983470001,0 77.0878571120001,28.8745206610001,0 77.0879918590001,28.8744891960001,0 77.0879918590001,28.873977881,0 77.0878571120001,28.873946415,0 77.0877852460001,28.869596202,0 77.0875157520001,28.869053396,0 77.089150686,28.8690297960001,0 77.089087803,28.867385626,0 77.0911988440001,28.8673777590001,0 77.0911090130001,28.8630666080001,0 77.0934087,28.8630508730001,0 77.0952861790001,28.8634127650001,0 77.096768399,28.8642466850001,0 77.0971277250001,28.864750181,0 77.0982326530001,28.8651356680001,0 77.0992118170001,28.865088466,0 77.10036166,28.8632239520001,0 77.1019965940001,28.8640264050001,0 77.1020325270001,28.8644354960001,0 77.1062186760001,28.864451231,0 77.1062366420001,28.862806989,0 77.111662467,28.8627519180001,0 77.111527719,28.857346975,0 77.097783495,28.857527931,0 77.097783495,28.859290269,0 77.097576883,28.859974741,0 77.096939079,28.860973904,0 77.0958341510001,28.8617134350001,0 77.094540577,28.859951138,0 77.0935075150001,28.8603445110001,0 77.0935973460001,28.8608086890001,0 77.0922498730001,28.8608558930001,0 77.0922408900001,28.8605805340001,0 77.0910551140001,28.8606041360001,0 77.0910551140001,28.8592430640001,0 77.0898693380001,28.859337474,0 77.0875786340001,28.8592430640001,0 77.0884679660001,28.857071607,0 77.08144314,28.8571188130001,0 77.0829433270001,28.8531691630001,0 77.08560234,28.853326522,0 77.08577302,28.8511234690001,0 77.0876864320001,28.850682852,0 77.0873360890001,28.849636381,0 77.08990527,28.8427986520001,0 77.0930673400001,28.833607532,0 77.0942621,28.8307902280001,0 77.094702274,28.828657526,0 77.0951963470001,28.8276895320001,0 77.0955646570001,28.827366865,0 77.0926990310001,28.827115027,0 77.09209716,28.828539478,0 77.0911090130001,28.828830662,0 77.0897435740001,28.8295940310001,0 77.0890069550001,28.82962551,0 77.0881805050001,28.8300976950001,0 77.0875786340001,28.830262959,0 77.0836619790001,28.83049118,0 77.083599097,28.8293264590001,0 77.081541955,28.8293972870001,0 77.0815599210001,28.830066216,0 77.0812544940001,28.830192131,0 77.0810838140001,28.830074086,0 77.079772274,28.830624965,0 77.078730228,28.830680053,0 77.076322743,28.830066216,0 77.0753974790001,28.8300268670001,0 77.0742027190001,28.8302393500001,0 77.0694416480001,28.82501373,0 77.0689924910001,28.825430845,0 77.06884876,28.826084059,0 77.068516383,28.8266113490001,0 77.0680223100001,28.8269576280001,0 77.0664322920001,28.8268002290001,0 77.066441275,28.827429825,0 77.0623359740001,28.8274927840001,0 77.0623000420001,28.8266743090001,0 77.061401726,28.826690049,0 77.061536474,28.825871568,0 77.0599644220001,28.8244234700001,0 77.059344584,28.8235577500001,0 77.0574311730001,28.825344274,0 77.0543679180001,28.8222748970001,0 77.0530833270001,28.8233531240001,0 77.0512238140001,28.823998481,0 77.0510890670001,28.824321158,0 77.0490678580001,28.824919289,0 77.048439037,28.8253285340001,0 77.0479449630001,28.825336404,0 77.0474059740001,28.825729907,0 77.0464178270001,28.8256669470001,0 77.0443157700001,28.82643821,0 77.04346237,28.8269891080001,0 77.043022196,28.828311252,0 77.042617954,28.828539478,0 77.0424921900001,28.829113975,0 77.042078965,28.8294523760001,0 77.0421328640001,28.829877342,0 77.0418184530001,28.8309791,0 77.0418543860001,28.8329071480001,0 77.041737605,28.8333478390001,0 77.0419981160001,28.8337491820001,0 77.042384392,28.833961657,0 77.0427706670001,28.8351499340001,0 77.0422676110001,28.8361335970001,0 77.042276594,28.8364483670001,0 77.0418543860001,28.8370149510001,0 77.0418543860001,28.8375421860001,0 77.042716769,28.838620255,0 77.045016456,28.840398652,0 77.045429681,28.842153411,0 77.0455195120001,28.8437665050001,0 77.0454835800001,28.844592714,0 77.0451422200001,28.844765824,0 77.045250018,28.8451356480001,0 77.045061371,28.8453323620001,0 77.0454835800001,28.8462451120001,0 77.045663243,28.8471814600001,0 77.0458518890001,28.847598486,0 77.0465885070001,28.848251561,0 77.0470376650001,28.849164285,0 77.0483851380001,28.85065138,0 77.0494451500001,28.852366626,0 77.0512327970001,28.8546247290001,0 77.051044151,28.855033857,0 77.051717888,28.85633991,0 77.05175382,28.8567568990001,0 77.0520772140001,28.8574177840001,0 77.0519155170001,28.857606608,0 77.051960433,28.8581101350001,0 77.0518436520001,28.858125871,0 77.0520502640001,28.8591722570001,0 77.0529575630001,28.8608558930001,0 77.0532540070001,28.8610997820001,0 77.0532540070001,28.861335803,0 77.055302166,28.8635858430001,0 77.056973032,28.8662055840001,0 77.0583025390001,28.867999243,0 77.059703911,28.869368067,0 77.0600362870001,28.869871538,0 77.0602429,28.8698558040001,0 77.0611501980001,28.870847005,0 77.0637103970001,28.869297266,0 77.06919012,28.8671024170001,0 77.0695135130001,28.867519364,0 77.069890806,28.867424961,0 77.070438778,28.867810438,0 77.071283195,28.868762325,0 77.072127611,28.8687544580001,0 77.0721186280001,28.8685656550001,0 77.0733672860001,28.867771104,0 77.0745530620001,28.8672597560001,0 77.075478327,28.8686836570001,0 77.0754603610001,28.8689039270001,0 77.0766551200001,28.869604069,0 77.078487683,28.871413402,0 77.0792153180001,28.8717437980001,0 77.079368032,28.873442964,0 77.0779307280001,28.877289584,0 77.0810838140001,28.879932577,0 77.0822426410001,28.8816709380001,0 77.082422304,28.883149701,0 77.082655866,28.8834957920001,0 77.0841291030001,28.8824103220001,0</coordinates></LinearRing></outerBoundaryIs></Polygon>
  </Placemark>
  <Placemark>
	<Style><LineStyle><color>ff0000ff</color></LineStyle><PolyStyle><fill>0</fill></PolyStyle></Style>
	<ExtendedData><SchemaData schemaUrl="#Final_zoning_delhi">
		<SimpleData name="tessellate">-1</SimpleData>
		<SimpleData name="extrude">0</SimpleData>
		<SimpleData name="visibility">-1</SimpleData>
		<SimpleData name="Ward_Name">MALKAGANJ</SimpleData>
		<SimpleData name="Ward_No">9</SimpleData>
		<SimpleData name="internal">0</SimpleData>
		<SimpleData name="Zone_no">130</SimpleData>
		<SimpleData name="ycoord">3173837.866</SimpleData>
	</SchemaData></ExtendedData>
      <Polygon><outerBoundaryIs><LinearRing><coordinates>77.215121438,28.6803317160001,0 77.2139266790001,28.6777782340001,0 77.213288875,28.6774708670001,0 77.2119953010001,28.6774156980001,0 77.211465295,28.677179261,0 77.2105130800001,28.6759340150001,0 77.210324434,28.6750985890001,0 77.211429362,28.674877909,0 77.212013267,28.674294681,0 77.21170784,28.6738612,0 77.2111508840001,28.672245479,0 77.2105939290001,28.671654355,0 77.210243586,28.671000174,0 77.2100010410001,28.669447464,0 77.20905781,28.666783369,0 77.2082403430001,28.667067122,0 77.2058238750001,28.66887997,0 77.2040092780001,28.669187363,0 77.2032906260001,28.6694317,0 77.202769603,28.669857318,0 77.2021767150001,28.6710080560001,0 77.2018443380001,28.6712760340001,0 77.2006136460001,28.6712996790001,0 77.2006226290001,28.6715518930001,0 77.201781456,28.672623796,0 77.201655692,28.675145877,0 77.202464175,28.6762335060001,0 77.2026528220001,28.6762650310001,0 77.2025899400001,28.6764384200001,0 77.2028504510001,28.6766118090001,0 77.204934543,28.677644254,0 77.2102885020001,28.6786924510001,0 77.212148014,28.6797564,0 77.214789061,28.6804814550001,0 77.215121438,28.6803317160001,0</coordinates></LinearRing></outerBoundaryIs></Polygon>
  </Placemark>
  <Placemark>
	<Style><LineStyle><color>ff0000ff</color></LineStyle><PolyStyle><fill>0</fill></PolyStyle></Style>
	<ExtendedData><SchemaData schemaUrl="#Final_zoning_delhi">
		<SimpleData name="tessellate">-1</SimpleData>
		<SimpleData name="extrude">0</SimpleData>
		<SimpleData name="visibility">-1</SimpleData>
		<SimpleData name="Ward_Name">JHARODA</SimpleData>
		<SimpleData name="Ward_No">8</SimpleData>
		<SimpleData name="internal">0</SimpleData>
		<SimpleData name="Zone_no">39</SimpleData>
		<SimpleData name="ycoord">3181247.334</SimpleData>
	</SchemaData></ExtendedData>
      <Polygon><outerBoundaryIs><LinearRing><coordinates>77.2356569250001,28.760907736,0 77.2353335320001,28.7597422370001,0 77.2348035260001,28.758600351,0 77.2339860590001,28.7557022660001,0 77.2342375870001,28.7557573930001,0 77.23424657,28.7536625330001,0 77.233608766,28.7527174690001,0 77.2329080800001,28.750646175,0 77.232926047,28.749512065,0 77.2331775750001,28.748771736,0 77.232997912,28.748204673,0 77.232827232,28.748149541,0 77.232342142,28.746605851,0 77.2324589230001,28.744589569,0 77.232899097,28.7422897,0 77.2333482550001,28.7416753420001,0 77.23441725,28.739217877,0 77.2344442,28.738808294,0 77.2357198070001,28.736973027,0 77.235665908,28.7368863830001,0 77.235288616,28.7369966570001,0 77.2338872440001,28.7364846670001,0 77.2333213050001,28.735547325,0 77.233878261,28.731537926,0 77.2343903010001,28.730049132,0 77.2346418290001,28.729781304,0 77.235198784,28.726055278,0 77.235189801,28.725598377,0 77.2345070820001,28.7241488870001,0 77.2348394580001,28.723959822,0 77.2349113240001,28.72195098,0 77.2341387720001,28.72195098,0 77.2337255470001,28.7217934220001,0 77.233608766,28.7215728410001,0 77.2336267330001,28.7209741180001,0 77.234174705,28.719107025,0 77.2340579240001,28.718011964,0 77.233842328,28.717704714,0 77.233438086,28.7180277200001,0 77.2331057100001,28.7188076570001,0 77.231641456,28.720020881,0 77.231327046,28.7201232950001,0 77.2290812570001,28.7200996610001,0 77.2281470090001,28.7228569330001,0 77.2262695310001,28.7225654530001,0 77.226197665,28.7245033840001,0 77.2232601740001,28.724432484,0 77.223143393,28.721470428,0 77.2169270520001,28.723715611,0 77.2162173820001,28.722187316,0 77.201350265,28.7277331880001,0 77.1906962450001,28.7303090820001,0 77.191235234,28.731695469,0 77.1917472740001,28.7336804930001,0 77.1920257520001,28.7336647390001,0 77.1922503310001,28.733845909,0 77.1931396630001,28.7350668350001,0 77.195089007,28.73691789,0 77.196813772,28.7382490530001,0 77.197559374,28.738485353,0 77.1980803970001,28.7445186840001,0 77.200191438,28.744487179,0 77.2002094040001,28.745392936,0 77.2019341690001,28.745361432,0 77.2019970520001,28.7449991300001,0 77.204799795,28.745314175,0 77.2062730320001,28.745266918,0 77.206731173,28.7454795740001,0 77.2090757760001,28.745392936,0 77.209435102,28.745463821,0 77.2105040970001,28.7461254130001,0 77.211573092,28.7450463870001,0 77.212219879,28.745085767,0 77.2128756500001,28.7445974450001,0 77.2131451440001,28.74462895,0 77.2133427740001,28.7451251480001,0 77.2132709080001,28.7462908100001,0 77.212785818,28.7471099160001,0 77.2128487,28.74880324,0 77.2131361610001,28.7497483390001,0 77.2137829480001,28.751055711,0 77.2149058420001,28.75239457,0 77.2234039050001,28.7518984070001,0 77.2234937360001,28.756592175,0 77.2233679720001,28.758789354,0 77.2226493200001,28.7595217360001,0 77.221418628,28.7619157240001,0 77.2214455770001,28.7621125960001,0 77.2208347230001,28.762270093,0 77.2203226830001,28.765530228,0 77.219559115,28.768128813,0 77.219523183,28.76880601,0 77.2203226830001,28.7691446060001,0 77.2211401500001,28.769845419,0 77.2220833810001,28.7697509280001,0 77.222433724,28.7694517050001,0 77.2236644160001,28.769341464,0 77.224931041,28.7694359560001,0 77.22615275,28.770002904,0 77.226188682,28.769821796,0 77.2282997230001,28.769294218,0 77.229611263,28.7679162040001,0 77.2310395850001,28.7671602570001,0 77.2312461970001,28.76587671,0 77.2352347170001,28.761096735,0 77.2356569250001,28.760907736,0</coordinates></LinearRing></outerBoundaryIs></Polygon>
  </Placemark>
  <Placemark>
	<Style><LineStyle><color>ff0000ff</color></LineStyle><PolyStyle><fill>0</fill></PolyStyle></Style>
	<ExtendedData><SchemaData schemaUrl="#Final_zoning_delhi">
		<SimpleData name="tessellate">-1</SimpleData>
		<SimpleData name="extrude">0</SimpleData>
		<SimpleData name="visibility">-1</SimpleData>
		<SimpleData name="Ward_Name">MUKUND PUR</SimpleData>
		<SimpleData name="Ward_No">6</SimpleData>
		<SimpleData name="internal">0</SimpleData>
		<SimpleData name="Zone_no">36</SimpleData>
		<SimpleData name="ycoord">3181889.115</SimpleData>
	</SchemaData></ExtendedData>
      <Polygon><outerBoundaryIs><LinearRing><coordinates>77.2002094040001,28.745392936,0 77.200191438,28.744487179,0 77.1980803970001,28.7445186840001,0 77.197559374,28.738485353,0 77.196813772,28.7382490530001,0 77.195089007,28.73691789,0 77.1931396630001,28.7350668350001,0 77.1922503310001,28.733845909,0 77.1920257520001,28.7336647390001,0 77.1917472740001,28.7336804930001,0 77.191235234,28.731695469,0 77.1906962450001,28.7303090820001,0 77.1831503970001,28.732183852,0 77.1834558240001,28.7335859680001,0 77.1832492120001,28.734688744,0 77.1809854570001,28.735988428,0 77.177823387,28.7382805600001,0 77.176062689,28.7405411350001,0 77.17535302,28.7430221980001,0 77.17518234,28.7446683310001,0 77.1760806560001,28.7449676250001,0 77.1774730440001,28.7456922280001,0 77.1775988080001,28.745392936,0 77.1803386700001,28.7453535560001,0 77.1811202040001,28.7455583350001,0 77.181344783,28.7454244410001,0 77.1819286880001,28.745589839,0 77.1819466540001,28.746653108,0 77.1823778460001,28.7467712480001,0 77.1821083510001,28.747456459,0 77.1833929420001,28.7482834320001,0 77.1822880140001,28.749598699,0 77.1822880140001,28.750693429,0 77.181039356,28.7509375760001,0 77.1776347410001,28.749504189,0 77.1768891390001,28.7495278160001,0 77.1770328700001,28.755725892,0 77.1763501500001,28.7557101410001,0 77.1763860830001,28.758686977,0 77.1772754150001,28.7583247210001,0 77.179620018,28.7581987190001,0 77.17965595,28.7593957350001,0 77.1798715460001,28.759427235,0 77.17985358,28.759931238,0 77.177796438,28.7599863630001,0 77.1778144040001,28.76107311,0 77.1820005530001,28.76101011,0 77.1820005530001,28.7632150700001,0 77.183518706,28.7631993210001,0 77.1829258180001,28.7643175330001,0 77.184704482,28.7644435280001,0 77.1847583810001,28.7641679130001,0 77.1860429720001,28.7643096580001,0 77.1895553850001,28.764230911,0 77.189537419,28.76339619,0 77.1889085980001,28.7633568160001,0 77.188791817,28.760986485,0 77.1871479,28.761655853,0 77.1870221360001,28.759844613,0 77.1856387300001,28.759844613,0 77.1860429720001,28.7583404710001,0 77.1811561370001,28.757852212,0 77.181075289,28.7555762600001,0 77.184596684,28.755536883,0 77.1846056680001,28.756135409,0 77.1866089110001,28.756064531,0 77.1865100960001,28.7564504200001,0 77.1879024850001,28.7565685500001,0 77.188728935,28.756497672,0 77.1886750360001,28.7538830460001,0 77.1899506440001,28.753851544,0 77.190040475,28.7536625330001,0 77.1930049160001,28.7553715010001,0 77.1944332370001,28.7573088230001,0 77.19478358,28.758182968,0 77.1963556320001,28.7570883160001,0 77.198843965,28.7550092330001,0 77.1996614320001,28.7547887220001,0 77.2017095910001,28.7547729710001,0 77.201691624,28.753851544,0 77.2023024790001,28.752685967,0 77.2023204450001,28.7521740540001,0 77.2009639890001,28.7523315660001,0 77.200874157,28.7510005820001,0 77.200299236,28.7510005820001,0 77.2002094040001,28.745392936,0</coordinates></LinearRing></outerBoundaryIs></Polygon>
  </Placemark>
  <Placemark>
	<Style><LineStyle><color>ff0000ff</color></LineStyle><PolyStyle><fill>0</fill></PolyStyle></Style>
	<ExtendedData><SchemaData schemaUrl="#Final_zoning_delhi">
		<SimpleData name="tessellate">-1</SimpleData>
		<SimpleData name="extrude">0</SimpleData>
		<SimpleData name="visibility">-1</SimpleData>
		<SimpleData name="Ward_Name">BAWANA</SimpleData>
		<SimpleData name="Ward_No">28</SimpleData>
		<SimpleData name="internal">0</SimpleData>
		<SimpleData name="Zone_no">30</SimpleData>
		<SimpleData name="ycoord">3188359.513</SimpleData>
	</SchemaData></ExtendedData>
      <Polygon><outerBoundaryIs><LinearRing><coordinates>77.0082214620001,28.840681933,0 77.008634687,28.8405717680001,0 77.0096048670001,28.840650457,0 77.0116620090001,28.8405638990001,0 77.0116620090001,28.8403357,0 77.0123357460001,28.8402412730001,0 77.0143120390001,28.8402884860001,0 77.0151295060001,28.840044549,0 77.017545974,28.8399579900001,0 77.0175908900001,28.8398320860001,0 77.019261756,28.839674706,0 77.0191809080001,28.8395015880001,0 77.0203666840001,28.8393442080001,0 77.020420583,28.839100268,0 77.0210673700001,28.838990101,0 77.0233401080001,28.839186827,0 77.0260440370001,28.837738915,0 77.0271399810001,28.836873305,0 77.028774915,28.836550667,0 77.0301852700001,28.8359604730001,0 77.0310027370001,28.8357716100001,0 77.03120935,28.8355748770001,0 77.032431058,28.835283713,0 77.033607852,28.8345518620001,0 77.0350810890001,28.834221348,0 77.036392629,28.83348949,0 77.0385665520001,28.832741888,0 77.0401565700001,28.831844758,0 77.0412435310001,28.833048799,0 77.041737605,28.8333478390001,0 77.0418543860001,28.8329071480001,0 77.0418184530001,28.8309791,0 77.0421328640001,28.829877342,0 77.042078965,28.8294523760001,0 77.0424921900001,28.829113975,0 77.042617954,28.828539478,0 77.043022196,28.828311252,0 77.04346237,28.8269891080001,0 77.0443157700001,28.82643821,0 77.0461932490001,28.825729907,0 77.0474059740001,28.825729907,0 77.0479449630001,28.825336404,0 77.048439037,28.8253285340001,0 77.0490678580001,28.824919289,0 77.0510890670001,28.824321158,0 77.0512238140001,28.823998481,0 77.0530833270001,28.8233531240001,0 77.0546553790001,28.8220623980001,0 77.054664362,28.820992028,0 77.055338098,28.819347099,0 77.057853381,28.8193549690001,0 77.05822169,28.8185521720001,0 77.0600273040001,28.8171669380001,0 77.0608357880001,28.8161752250001,0 77.060251883,28.815687236,0 77.0619496990001,28.813467643,0 77.0614556250001,28.8116415600001,0 77.0614107100001,28.808855147,0 77.0673665400001,28.808666235,0 77.0685612990001,28.8066590240001,0 77.0689296080001,28.8067456100001,0 77.069800974,28.806635409,0 77.071049633,28.8059584580001,0 77.0710675990001,28.799558694,0 77.0695404630001,28.798188952,0 77.0696752100001,28.7980551260001,0 77.0643032850001,28.793646632,0 77.0659472020001,28.79233192,0 77.065569909,28.791859564,0 77.0655878760001,28.7912218810001,0 77.0640248070001,28.7896394640001,0 77.063701414,28.7898677750001,0 77.0630097110001,28.7892143330001,0 77.062416823,28.7885372690001,0 77.0626773340001,28.788261719,0 77.0604944280001,28.7861202730001,0 77.0603686640001,28.7860021770001,0 77.053990625,28.7896867010001,0 77.0533887540001,28.7893639170001,0 77.0528587480001,28.789482009,0 77.0438486460001,28.780608995,0 77.044109157,28.779246878,0 77.0379916300001,28.779286246,0 77.0382341750001,28.7799554960001,0 77.035988387,28.780294057,0 77.0346498970001,28.7806798570001,0 77.030373916,28.7807979580001,0 77.025693694,28.781679781,0 77.0229089160001,28.7817427680001,0 77.020447533,28.776790297,0 77.0193875210001,28.776963519,0 77.0180939470001,28.776900529,0 77.0172854630001,28.777065878,0 77.0172585130001,28.778569749,0 77.0165488440001,28.779050038,0 77.0157493440001,28.778609117,0 77.014904927,28.778616991,0 77.013404741,28.77890044,0 77.0120752340001,28.77956182,0 77.0094701200001,28.780490893,0 77.006873989,28.7816482870001,0 77.0027327550001,28.7828135410001,0 76.9997503480001,28.784159866,0 76.9967769250001,28.784710988,0 76.99354299,28.7847582270001,0 76.9915846630001,28.7851991220001,0 76.9906773640001,28.786073034,0 76.9897970150001,28.7865611620001,0 76.9889615820001,28.787663378,0 76.9859701920001,28.7898441560001,0 76.9854761190001,28.7904818480001,0 76.9838771170001,28.791835947,0 76.9837872860001,28.792111488,0 76.9827632060001,28.7930247040001,0 76.9820265880001,28.792953852,0 76.9804904690001,28.793497055,0 76.9789723160001,28.792733421,0 76.978145866,28.7921587230001,0 76.9772116180001,28.7913399710001,0 76.976582797,28.790489721,0 76.974381925,28.790489721,0 76.9744268410001,28.791017192,0 76.969584921,28.791064428,0 76.9695220390001,28.789348171,0 76.968938134,28.788395558,0 76.968866269,28.787852328,0 76.9557598490001,28.7880334050001,0 76.952696594,28.787962549,0 76.9522384530001,28.7881042610001,0 76.9532266,28.789293061,0 76.9540620330001,28.7900173570001,0 76.953091853,28.7912454990001,0 76.950217244,28.794103235,0 76.9484206130001,28.7954651580001,0 76.9465431340001,28.7975355630001,0 76.944135649,28.798188952,0 76.942707328,28.7981574630001,0 76.9420785070001,28.798299162,0 76.9433271650001,28.801203936,0 76.9445219250001,28.802786177,0 76.9453034590001,28.8040850130001,0 76.945923297,28.805572752,0 76.9459682120001,28.8062024760001,0 76.9455639710001,28.806792839,0 76.945510072,28.8071706690001,0 76.9457346500001,28.8077137980001,0 76.945923297,28.809193614,0 76.9458065160001,28.810224749,0 76.9461029600001,28.811074838,0 76.9464443200001,28.8117202710001,0 76.9468485610001,28.8119800170001,0 76.9471270390001,28.8123971850001,0 76.9470641570001,28.8130111250001,0 76.9473875510001,28.8136250630001,0 76.948061287,28.813916288,0 76.9483217980001,28.814845056,0 76.948968585,28.815884006,0 76.949166215,28.816080776,0 76.949651305,28.8160650340001,0 76.9510886100001,28.818150771,0 76.9568378270001,28.8165294090001,0 76.958077502,28.816009939,0 76.959119548,28.815246469,0 76.960305324,28.8152071150001,0 76.9604490550001,28.8153330490001,0 76.961086859,28.814986731,0 76.961760595,28.814892281,0 76.9620929720001,28.8157187190001,0 76.962443315,28.8159705850001,0 76.9628295900001,28.8165766340001,0 76.9639884170001,28.818906348,0 76.9648238500001,28.8198980350001,0 76.964904699,28.8202522060001,0 76.964707069,28.8207480450001,0 76.9648508,28.821062861,0 76.964096215,28.82187351,0 76.9637818040001,28.822778596,0 76.964365709,28.8233767350001,0 76.9650214800001,28.824557263,0 76.9645184230001,28.824667445,0 76.9648238500001,28.8253285340001,0 76.9656682670001,28.825674817,0 76.9656682670001,28.827209467,0 76.9658658960001,28.827776101,0 76.9666474300001,28.8275085240001,0 76.9669887900001,28.828366341,0 76.969135764,28.8278075800001,0 76.971210872,28.827571483,0 76.9731602160001,28.8268002290001,0 76.973708188,28.826367379,0 76.974660403,28.8250294700001,0 76.974929897,28.8242896780001,0 76.975666516,28.8232744220001,0 76.9756575330001,28.822597579,0 76.9769870390001,28.8225503570001,0 76.97841536,28.8221725830001,0 76.98023894,28.8214248990001,0 76.9828350720001,28.8245730030001,0 76.9834818590001,28.825084561,0 76.9834010100001,28.825517416,0 76.9862217200001,28.8311601020001,0 76.9865810460001,28.8322382370001,0 76.986599013,28.833300622,0 76.9868595240001,28.8341111760001,0 76.9871020690001,28.8344023440001,0 76.9876590250001,28.834504646,0 76.988808868,28.8355040540001,0 76.9890244640001,28.8355355310001,0 76.9896083690001,28.8364641050001,0 76.9901473580001,28.8371093810001,0 76.990291089,28.8371172500001,0 76.990362954,28.8376366160001,0 76.9909917740001,28.8381638480001,0 76.9919619550001,28.8383369680001,0 76.9943694400001,28.8392969940001,0 76.9945041870001,28.839745527,0 76.997666257,28.838549433,0 76.999229326,28.838281884,0 77.004071245,28.8398950380001,0 77.006613477,28.8405560300001,0 77.0082214620001,28.840681933,0</coordinates></LinearRing></outerBoundaryIs></Polygon>
  </Placemark>
  <Placemark>
	<Style><LineStyle><color>ff0000ff</color></LineStyle><PolyStyle><fill>0</fill></PolyStyle></Style>
	<ExtendedData><SchemaData schemaUrl="#Final_zoning_delhi">
		<SimpleData name="tessellate">-1</SimpleData>
		<SimpleData name="extrude">0</SimpleData>
		<SimpleData name="visibility">-1</SimpleData>
		<SimpleData name="Ward_Name">BHALSWA</SimpleData>
		<SimpleData name="Ward_No">19</SimpleData>
		<SimpleData name="internal">0</SimpleData>
		<SimpleData name="Zone_no">38</SimpleData>
		<SimpleData name="ycoord">3181676.959</SimpleData>
	</SchemaData></ExtendedData>
      <Polygon><outerBoundaryIs><LinearRing><coordinates>77.1692085440001,28.7383199430001,0 77.164294759,28.739383285,0 77.1634503430001,28.7377449460001,0 77.1634593260001,28.7358151380001,0 77.1632167810001,28.735775754,0 77.163171865,28.7352558810001,0 77.162803556,28.7352007430001,0 77.1627496570001,28.7347517590001,0 77.162965252,28.7342555120001,0 77.1633694940001,28.7339640640001,0 77.164761883,28.732097203,0 77.1616986280001,28.7303248360001,0 77.1591204630001,28.73379077,0 77.1583479120001,28.7340349570001,0 77.1576112930001,28.7354291720001,0 77.1566860290001,28.7357993840001,0 77.155113977,28.7369651500001,0 77.154916347,28.7372565900001,0 77.1534161610001,28.741533567,0 77.1527963230001,28.7423763400001,0 77.1496612030001,28.7520322930001,0 77.1520507220001,28.752615087,0 77.1565243320001,28.754229567,0 77.1564883990001,28.7518826560001,0 77.1580514680001,28.751866905,0 77.1580784170001,28.753575902,0 77.160432003,28.753520774,0 77.1603781040001,28.7551037380001,0 77.1634323760001,28.7560094040001,0 77.165678165,28.7559936530001,0 77.1691097290001,28.7562456630001,0 77.169433122,28.754623339,0 77.1694061730001,28.7539933030001,0 77.1691995610001,28.7540011780001,0 77.1691726110001,28.752355192,0 77.169972112,28.752315814,0 77.1699631280001,28.750150003,0 77.167941919,28.7477321170001,0 77.167941919,28.7470784120001,0 77.1686066720001,28.74706266,0 77.1686066720001,28.7456370960001,0 77.169666684,28.7449755010001,0 77.169028881,28.7441878830001,0 77.1729365520001,28.742329081,0 77.1721909500001,28.741163375,0 77.1699182130001,28.7393517790001,0 77.1692085440001,28.7383199430001,0</coordinates></LinearRing></outerBoundaryIs></Polygon>
  </Placemark>
  <Placemark>
	<Style><LineStyle><color>ff0000ff</color></LineStyle><PolyStyle><fill>0</fill></PolyStyle></Style>
	<ExtendedData><SchemaData schemaUrl="#Final_zoning_delhi">
		<SimpleData name="tessellate">-1</SimpleData>
		<SimpleData name="extrude">0</SimpleData>
		<SimpleData name="visibility">-1</SimpleData>
		<SimpleData name="Ward_Name">SAMAYPUR BADLI</SimpleData>
		<SimpleData name="Ward_No">17</SimpleData>
		<SimpleData name="internal">0</SimpleData>
		<SimpleData name="Zone_no">40</SimpleData>
		<SimpleData name="ycoord">3180851.850</SimpleData>
	</SchemaData></ExtendedData>
      <Polygon><outerBoundaryIs><LinearRing><coordinates>77.1571890850001,28.7356260940001,0 77.155751781,28.734846282,0 77.1445677550001,28.727425967,0 77.1431753670001,28.726197074,0 77.1415673820001,28.7238889220001,0 77.1355037540001,28.733444182,0 77.137012924,28.7351692350001,0 77.1387826050001,28.733995572,0 77.1432202820001,28.7380600130001,0 77.1435706250001,28.7386113790001,0 77.143714356,28.738603502,0 77.1437502890001,28.7391312350001,0 77.143876053,28.7392257540001,0 77.1372734350001,28.7464247030001,0 77.138288532,28.7471020400001,0 77.140085162,28.747015404,0 77.1438940190001,28.748433074,0 77.1497151020001,28.75187478,0 77.1527963230001,28.7423763400001,0 77.1534161610001,28.741533567,0 77.15461092,28.737933986,0 77.155113977,28.7369651500001,0 77.1566860290001,28.7357993840001,0 77.1571890850001,28.7356260940001,0</coordinates></LinearRing></outerBoundaryIs></Polygon>
  </Placemark>
  <Placemark>
	<Style><LineStyle><color>ff0000ff</color></LineStyle><PolyStyle><fill>0</fill></PolyStyle></Style>
	<ExtendedData><SchemaData schemaUrl="#Final_zoning_delhi">
		<SimpleData name="tessellate">-1</SimpleData>
		<SimpleData name="extrude">0</SimpleData>
		<SimpleData name="visibility">-1</SimpleData>
		<SimpleData name="Ward_Name">JAHANGIRPURI-I</SimpleData>
		<SimpleData name="Ward_No">16</SimpleData>
		<SimpleData name="internal">0</SimpleData>
		<SimpleData name="Zone_no">49</SimpleData>
		<SimpleData name="ycoord">3179615.129</SimpleData>
	</SchemaData></ExtendedData>
      <Polygon><outerBoundaryIs><LinearRing><coordinates>77.1728646870001,28.727205397,0 77.174472671,28.7281191820001,0 77.1758021780001,28.7263625030001,0 77.175083526,28.7247633470001,0 77.1752003070001,28.72465306,0 77.1749397950001,28.724511261,0 77.1755416660001,28.723628956,0 77.1720831530001,28.7224394080001,0 77.1711399220001,28.7235423010001,0 77.1695948190001,28.722636354,0 77.168516841,28.724077987,0 77.1674298790001,28.723116901,0 77.166486648,28.724676693,0 77.1659656250001,28.724377341,0 77.1616986280001,28.7303248360001,0 77.164761883,28.732097203,0 77.169729567,28.725409314,0 77.1728646870001,28.727205397,0</coordinates></LinearRing></outerBoundaryIs></Polygon>
  </Placemark>
  <Placemark>
	<Style><LineStyle><color>ff0000ff</color></LineStyle><PolyStyle><fill>0</fill></PolyStyle></Style>
	<ExtendedData><SchemaData schemaUrl="#Final_zoning_delhi">
		<SimpleData name="tessellate">-1</SimpleData>
		<SimpleData name="extrude">0</SimpleData>
		<SimpleData name="visibility">-1</SimpleData>
		<SimpleData name="Ward_Name">SARAI PIPAL THALA</SimpleData>
		<SimpleData name="Ward_No">15</SimpleData>
		<SimpleData name="internal">0</SimpleData>
		<SimpleData name="Zone_no">50</SimpleData>
		<SimpleData name="ycoord">3179435.954</SimpleData>
	</SchemaData></ExtendedData>
      <Polygon><outerBoundaryIs><LinearRing><coordinates>77.1616986280001,28.7303248360001,0 77.1659656250001,28.724377341,0 77.166486648,28.724676693,0 77.1674298790001,28.723116901,0 77.168516841,28.724077987,0 77.1695948190001,28.722636354,0 77.1711399220001,28.7235423010001,0 77.1720831530001,28.7224394080001,0 77.170996191,28.7218564460001,0 77.1680587,28.719422149,0 77.1719124730001,28.7148606440001,0 77.170008044,28.7135291820001,0 77.169361257,28.7142618820001,0 77.1690737960001,28.7149866980001,0 77.169334308,28.7155696990001,0 77.168858201,28.7161920880001,0 77.1680587,28.715640604,0 77.168723453,28.7149473060001,0 77.1673130980001,28.7139388640001,0 77.1509098610001,28.7316718380001,0 77.155859579,28.734917174,0 77.1571890850001,28.7356260940001,0 77.1576112930001,28.7354291720001,0 77.1583479120001,28.7340349570001,0 77.1591204630001,28.73379077,0 77.1616986280001,28.7303248360001,0</coordinates></LinearRing></outerBoundaryIs></Polygon>
  </Placemark>
  <Placemark>
	<Style><LineStyle><color>ff0000ff</color></LineStyle><PolyStyle><fill>0</fill></PolyStyle></Style>
	<ExtendedData><SchemaData schemaUrl="#Final_zoning_delhi">
		<SimpleData name="tessellate">-1</SimpleData>
		<SimpleData name="extrude">0</SimpleData>
		<SimpleData name="visibility">-1</SimpleData>
		<SimpleData name="Ward_Name">MAHIPALPUR</SimpleData>
		<SimpleData name="Ward_No">144</SimpleData>
		<SimpleData name="internal">0</SimpleData>
		<SimpleData name="Zone_no">277</SimpleData>
		<SimpleData name="ycoord">3158384.214</SimpleData>
	</SchemaData></ExtendedData>
      <Polygon><outerBoundaryIs><LinearRing><coordinates>77.145573869,28.5405870640001,0 77.149095264,28.5386694100001,0 77.1496612030001,28.53623086,0 77.1496073040001,28.536096699,0 77.1486011910001,28.5366964780001,0 77.1449719970001,28.5319139380001,0 77.145942178,28.53123521,0 77.144316227,28.5291042910001,0 77.1440916480001,28.5280072460001,0 77.1429777370001,28.5259394030001,0 77.142519597,28.524550295,0 77.1423758660001,28.523413739,0 77.1408127980001,28.523413739,0 77.139644988,28.523224312,0 77.134569506,28.5238320560001,0 77.1339227190001,28.522150884,0 77.1327908420001,28.522545528,0 77.1325303310001,28.5231769550001,0 77.132467449,28.524076732,0 77.1322608360001,28.5242582650001,0 77.1316050660001,28.5242030150001,0 77.13121879,28.5239109840001,0 77.1309313290001,28.523895198,0 77.1307426830001,28.523397953,0 77.1303833570001,28.5236347370001,0 77.1300869130001,28.523397953,0 77.129188598,28.5236584150001,0 77.127832142,28.5235952730001,0 77.1267002640001,28.5239425550001,0 77.124652106,28.5241398740001,0 77.123475313,28.5231374910001,0 77.1230081890001,28.5230427770001,0 77.122792593,28.523184847,0 77.1229183570001,28.5235163450001,0 77.1223973340001,28.523816271,0 77.121472069,28.5241004100001,0 77.121031895,28.523895198,0 77.120160529,28.5249607160001,0 77.120124597,28.526152504,0 77.1177440610001,28.5261209330001,0 77.1177440610001,28.5275415900001,0 77.1171511730001,28.5284413300001,0 77.1163606550001,28.529206892,0 77.115615054,28.529625186,0 77.1145819910001,28.5299093100001,0 77.1139082550001,28.529719894,0 77.1139441870001,28.5305722620001,0 77.114330463,28.531077365,0 77.112740445,28.5310457960001,0 77.1122463710001,28.53077746,0 77.111626534,28.531314132,0 77.1112761910001,28.5310852580001,0 77.110611438,28.530998443,0 77.1099556680001,28.5313299160001,0 77.109937701,28.5328294240001,0 77.1091382010001,28.5336817670001,0 77.1091382010001,28.534210531,0 77.1147167390001,28.537067392,0 77.115758784,28.537769757,0 77.1165133690001,28.5387877840001,0 77.118471696,28.543080752,0 77.119172382,28.5439014460001,0 77.1198910350001,28.544390703,0 77.1228105590001,28.5458268960001,0 77.1237987060001,28.5464897480001,0 77.1302216600001,28.5515635830001,0 77.1312098070001,28.5525893670001,0 77.1324943980001,28.5521396010001,0 77.1326201620001,28.5522421800001,0 77.132916606,28.552029132,0 77.133284915,28.551374206,0 77.1347940850001,28.5509875610001,0 77.1347940850001,28.5507587290001,0 77.1362403730001,28.550861309,0 77.1360068110001,28.5494725300001,0 77.136635631,28.5492910400001,0 77.1361685080001,28.545448122,0 77.1366446150001,28.5453139730001,0 77.1370668230001,28.5456454010001,0 77.1373003850001,28.545527034,0 77.1370937720001,28.5445406360001,0 77.1377495420001,28.544651113,0 77.1380459860001,28.5443354650001,0 77.139618038,28.5440355980001,0 77.1402378760001,28.542970273,0 77.1406870330001,28.5425441400001,0 77.1411272080001,28.5416524130001,0 77.1416212810001,28.541194709,0 77.1423668830001,28.5420075260001,0 77.1434897770001,28.5415419330001,0 77.143606558,28.541676087,0 77.145573869,28.5405870640001,0</coordinates></LinearRing></outerBoundaryIs></Polygon>
  </Placemark>
  <Placemark>
	<Style><LineStyle><color>ff0000ff</color></LineStyle><PolyStyle><fill>0</fill></PolyStyle></Style>
	<ExtendedData><SchemaData schemaUrl="#Final_zoning_delhi">
		<SimpleData name="tessellate">-1</SimpleData>
		<SimpleData name="extrude">0</SimpleData>
		<SimpleData name="visibility">-1</SimpleData>
		<SimpleData name="Ward_Name">KAPASHERA</SimpleData>
		<SimpleData name="Ward_No">143</SimpleData>
		<SimpleData name="internal">0</SimpleData>
		<SimpleData name="Zone_no">275</SimpleData>
		<SimpleData name="ycoord">3158909.069</SimpleData>
	</SchemaData></ExtendedData>
      <Polygon><outerBoundaryIs><LinearRing><coordinates>77.075792737,28.5678644810001,0 77.077382755,28.567335886,0 77.0777330980001,28.5677461390001,0 77.0817485680001,28.5656632970001,0 77.0821977250001,28.564724427,0 77.08164077,28.562728314,0 77.0819282310001,28.5626651950001,0 77.0837338440001,28.559753798,0 77.0848747050001,28.560313992,0 77.0853508120001,28.5597064570001,0 77.085566408,28.559422414,0 77.0855214920001,28.5588385450001,0 77.0853328460001,28.558704413,0 77.0854136940001,28.5573946390001,0 77.0855933570001,28.5571421510001,0 77.085970649,28.5570474680001,0 77.086276077,28.5564320240001,0 77.0873001560001,28.555429949,0 77.0873989710001,28.555153784,0 77.0898064560001,28.5565898310001,0 77.090471209,28.5567870880001,0 77.0922049580001,28.5568975520001,0 77.107063092,28.553670375,0 77.110234145,28.55262093,0 77.1110965280001,28.553228505,0 77.1135309620001,28.5515793640001,0 77.1167559140001,28.5521001480001,0 77.1186783090001,28.5516503800001,0 77.11896577,28.552518352,0 77.1203401920001,28.552786632,0 77.1206905350001,28.5523526480001,0 77.1211217260001,28.5522895230001,0 77.122082924,28.5527629600001,0 77.1227746270001,28.5522106170001,0 77.1228824240001,28.5515951450001,0 77.1234573460001,28.55109014,0 77.1235920940001,28.5506245870001,0 77.1238526050001,28.5504273180001,0 77.1236639590001,28.5500327780001,0 77.1237268410001,28.5491568950001,0 77.1252449940001,28.5476576200001,0 77.1228105590001,28.5458268960001,0 77.1198910350001,28.544390703,0 77.119172382,28.5439014460001,0 77.118157286,28.5425046840001,0 77.116297773,28.538408985,0 77.1153635260001,28.5374540880001,0 77.1066408840001,28.5329162370001,0 77.105392226,28.5320007510001,0 77.0932649700001,28.5141392950001,0 77.0876415160001,28.515591688,0 77.083365535,28.516854621,0 77.0802663470001,28.5180622870001,0 77.077203092,28.5185200920001,0 77.07497527,28.518701634,0 77.0736367810001,28.519364657,0 77.0722893080001,28.5202644660001,0 77.0721904930001,28.520051354,0 77.071992864,28.520098712,0 77.071795234,28.5186069160001,0 77.0700165700001,28.5198698140001,0 77.068606215,28.5205959730001,0 77.068606215,28.5196251290001,0 77.0675731520001,28.51996453,0 77.067123995,28.5192541530001,0 77.0665311070001,28.5192620460001,0 77.0665580560001,28.5203197170001,0 77.0637822620001,28.520359182,0 77.0637553120001,28.5205959730001,0 77.0623539410001,28.52058808,0 77.0621024120001,28.520138178,0 77.0603686640001,28.520122391,0 77.0603596810001,28.5203355030001,0 77.0590750900001,28.5203512890001,0 77.0581408420001,28.521606273,0 77.0576198190001,28.5220719550001,0 77.0576377850001,28.5226481350001,0 77.0589762750001,28.5226481350001,0 77.059057124,28.5242582650001,0 77.0594164500001,28.524408226,0 77.0607459560001,28.5265076700001,0 77.0601710340001,28.526997007,0 77.061132232,28.5270127920001,0 77.0611591810001,28.528275589,0 77.0634588680001,28.528275589,0 77.0637193800001,28.528693887,0 77.0644020990001,28.5311641800001,0 77.0646087120001,28.5310615810001,0 77.06471651,28.5353627550001,0 77.066001101,28.535410106,0 77.066046016,28.5366570190001,0 77.0681121420001,28.536609668,0 77.068201973,28.54056339,0 77.0699536880001,28.5413525380001,0 77.0735738990001,28.5425441400001,0 77.0700435190001,28.5432227960001,0 77.0610513830001,28.545456013,0 77.060287815,28.545747985,0 77.0594254330001,28.5463082540001,0 77.0662975450001,28.554348959,0 77.064554813,28.55546151,0 77.0612220630001,28.5570632480001,0 77.0632432730001,28.559422414,0 77.0635576830001,28.5602587610001,0 77.0636115820001,28.5610635420001,0 77.0633870030001,28.5619787750001,0 77.0628659800001,28.563012348,0 77.0624347890001,28.5633358310001,0 77.0664592410001,28.5681248330001,0 77.066926365,28.567722471,0 77.0675731520001,28.567959155,0 77.068516383,28.5695528140001,0 77.068210956,28.570294409,0 77.075792737,28.5678644810001,0</coordinates></LinearRing></outerBoundaryIs></Polygon>
  </Placemark>
  <Placemark>
	<Style><LineStyle><color>ff0000ff</color></LineStyle><PolyStyle><fill>0</fill></PolyStyle></Style>
	<ExtendedData><SchemaData schemaUrl="#Final_zoning_delhi">
		<SimpleData name="tessellate">-1</SimpleData>
		<SimpleData name="extrude">0</SimpleData>
		<SimpleData name="visibility">-1</SimpleData>
		<SimpleData name="Ward_Name">BIJWASAN</SimpleData>
		<SimpleData name="Ward_No">141</SimpleData>
		<SimpleData name="internal">0</SimpleData>
		<SimpleData name="Zone_no">271</SimpleData>
		<SimpleData name="ycoord">3159399.238</SimpleData>
	</SchemaData></ExtendedData>
      <Polygon><outerBoundaryIs><LinearRing><coordinates>77.077239025,28.5786014970001,0 77.081227545,28.578491055,0 77.0811107640001,28.576013984,0 77.0801316,28.573797192,0 77.0801675330001,28.573315961,0 77.079682442,28.573331739,0 77.0796554930001,28.571548797,0 77.080589741,28.5710991130001,0 77.077382755,28.567335886,0 77.068210956,28.570294409,0 77.068516383,28.5695528140001,0 77.0675731520001,28.567959155,0 77.066926365,28.567722471,0 77.0664592410001,28.5681248330001,0 77.0624347890001,28.5633358310001,0 77.0628659800001,28.563012348,0 77.0633870030001,28.5619787750001,0 77.0636115820001,28.5610635420001,0 77.0635576830001,28.5602587610001,0 77.0632432730001,28.559422414,0 77.0612220630001,28.5570632480001,0 77.064554813,28.55546151,0 77.0662975450001,28.554348959,0 77.0594254330001,28.5463082540001,0 77.060287815,28.545747985,0 77.0610513830001,28.545456013,0 77.0700435190001,28.5432227960001,0 77.0735738990001,28.5425441400001,0 77.0699536880001,28.5413525380001,0 77.068201973,28.54056339,0 77.0681121420001,28.536609668,0 77.066046016,28.5366570190001,0 77.066001101,28.535410106,0 77.06471651,28.5353627550001,0 77.0646087120001,28.5310615810001,0 77.0644020990001,28.5311641800001,0 77.0637193800001,28.528693887,0 77.0634588680001,28.528275589,0 77.0611591810001,28.528275589,0 77.061132232,28.5270127920001,0 77.0601710340001,28.526997007,0 77.0607459560001,28.5265076700001,0 77.0594164500001,28.524408226,0 77.059057124,28.5242582650001,0 77.0589762750001,28.5226481350001,0 77.0576377850001,28.5226481350001,0 77.0576198190001,28.5220719550001,0 77.0581408420001,28.521606273,0 77.0590750900001,28.5203512890001,0 77.0603596810001,28.5203355030001,0 77.0603686640001,28.520122391,0 77.0621024120001,28.520138178,0 77.0623539410001,28.52058808,0 77.0637553120001,28.5205959730001,0 77.0637822620001,28.520359182,0 77.0665580560001,28.5203197170001,0 77.0665311070001,28.5192620460001,0 77.067123995,28.5192541530001,0 77.0675731520001,28.51996453,0 77.068606215,28.5196251290001,0 77.068606215,28.5205959730001,0 77.0700165700001,28.5198698140001,0 77.071795234,28.5186069160001,0 77.0711664140001,28.5172966440001,0 77.0677168830001,28.5131131370001,0 77.0674653550001,28.5127184580001,0 77.0674114560001,28.512165904,0 77.064249386,28.5126632020001,0 77.0629108960001,28.5125447980001,0 77.061231047,28.512189585,0 77.059542214,28.5123474580001,0 77.057503038,28.512892117,0 77.055140469,28.514099828,0 77.054906907,28.5140761480001,0 77.054421817,28.514336633,0 77.0501099030001,28.5156548350001,0 77.0495619310001,28.5159311030001,0 77.046103417,28.5166257160001,0 77.0475676710001,28.5198540280001,0 77.0483761550001,28.520730154,0 77.044279837,28.52299542,0 77.043399488,28.5238320560001,0 77.0433545720001,28.524850218,0 77.0420879480001,28.5254342750001,0 77.0420160830001,28.5257263030001,0 77.0417286220001,28.525860477,0 77.0414770930001,28.5255763430001,0 77.0408662390001,28.525813122,0 77.0410369190001,28.526263,0 77.032458008,28.531030012,0 77.030562563,28.5315587900001,0 77.0248941930001,28.5327110430001,0 77.0241845240001,28.532979374,0 77.020986522,28.535528485,0 77.01807598,28.5372962530001,0 77.0176178390001,28.5374461960001,0 77.0169081700001,28.5389614,0 77.01442882,28.539868934,0 77.0138628820001,28.5401845960001,0 77.0135215220001,28.540571281,0 77.0122369310001,28.540034657,0 77.0100989410001,28.5402714030001,0 77.0096677490001,28.539774235,0 77.0083112930001,28.540673871,0 77.007718405,28.5408790500001,0 77.0074578940001,28.5408395920001,0 77.007044669,28.540381885,0 77.007278231,28.5412026,0 77.008535872,28.54386199,0 77.0105211490001,28.544587984,0 77.0118776050001,28.545377102,0 77.013548471,28.547002666,0 77.0160637540001,28.5513426430001,0 77.018516155,28.5533784250001,0 77.0208068590001,28.5547987150001,0 77.0217590730001,28.55565877,0 77.0229268830001,28.5576865780001,0 77.0244540190001,28.561024092,0 77.0255409800001,28.5629807890001,0 77.028712033,28.56658638,0 77.0294935680001,28.567951265,0 77.0398511430001,28.566830956,0 77.0393570690001,28.562965009,0 77.0443247530001,28.56142648,0 77.0439294940001,28.5607163830001,0 77.0442618710001,28.560471792,0 77.0444864500001,28.5606374830001,0 77.044818826,28.5606611530001,0 77.048636666,28.5606295920001,0 77.0485558180001,28.558688633,0 77.0505141450001,28.5579153950001,0 77.0509273700001,28.558475598,0 77.0529485800001,28.557126371,0 77.0654800780001,28.571872254,0 77.0576916840001,28.577157862,0 77.0645278640001,28.5851804340001,0 77.0740859380001,28.579145813,0 77.0751639170001,28.578885488,0 77.0772659740001,28.578735604,0 77.077239025,28.5786014970001,0</coordinates></LinearRing></outerBoundaryIs></Polygon>
  </Placemark>
  <Placemark>
	<Style><LineStyle><color>ff0000ff</color></LineStyle><PolyStyle><fill>0</fill></PolyStyle></Style>
	<ExtendedData><SchemaData schemaUrl="#Final_zoning_delhi">
		<SimpleData name="tessellate">-1</SimpleData>
		<SimpleData name="extrude">0</SimpleData>
		<SimpleData name="visibility">-1</SimpleData>
		<SimpleData name="Ward_Name">ADARASH  NAGAR</SimpleData>
		<SimpleData name="Ward_No">14</SimpleData>
		<SimpleData name="internal">0</SimpleData>
		<SimpleData name="Zone_no">59</SimpleData>
		<SimpleData name="ycoord">3178396.943</SimpleData>
	</SchemaData></ExtendedData>
      <Polygon><outerBoundaryIs><LinearRing><coordinates>77.1777694880001,28.708313473,0 77.1781557640001,28.707998316,0 77.177625758,28.707801342,0 77.1767723580001,28.707005565,0 77.176502864,28.7070370810001,0 77.17555065,28.705634608,0 77.1756494640001,28.7055085420001,0 77.17555065,28.705051552,0 77.1673130980001,28.7139467430001,0 77.168723453,28.7149473060001,0 77.1680587,28.715640604,0 77.168858201,28.7161920880001,0 77.169334308,28.7155696990001,0 77.1690737960001,28.7149866980001,0 77.169361257,28.7142618820001,0 77.170008044,28.7135291820001,0 77.1719124730001,28.7148606440001,0 77.1680587,28.719422149,0 77.1712028040001,28.721998247,0 77.172954518,28.7227781550001,0 77.1755416660001,28.723628956,0 77.178263562,28.720391147,0 77.179817647,28.719012488,0 77.1807608780001,28.7177756180001,0 77.179377473,28.7167672040001,0 77.1780479660001,28.7154200100001,0 77.1771316840001,28.7148054950001,0 77.1766555770001,28.7141043130001,0 77.176538796,28.713552818,0 77.1769340550001,28.711795894,0 77.176844224,28.7108504510001,0 77.176475914,28.7106219680001,0 77.1767813420001,28.7102437880001,0 77.1768262570001,28.7095583330001,0 77.1777694880001,28.708313473,0</coordinates></LinearRing></outerBoundaryIs></Polygon>
  </Placemark>
  <Placemark>
	<Style><LineStyle><color>ff0000ff</color></LineStyle><PolyStyle><fill>0</fill></PolyStyle></Style>
	<ExtendedData><SchemaData schemaUrl="#Final_zoning_delhi">
		<SimpleData name="tessellate">-1</SimpleData>
		<SimpleData name="extrude">0</SimpleData>
		<SimpleData name="visibility">-1</SimpleData>
		<SimpleData name="Ward_Name">DHIR PUR</SimpleData>
		<SimpleData name="Ward_No">13</SimpleData>
		<SimpleData name="internal">0</SimpleData>
		<SimpleData name="Zone_no">51</SimpleData>
		<SimpleData name="ycoord">3178973.368</SimpleData>
	</SchemaData></ExtendedData>
      <Polygon><outerBoundaryIs><LinearRing><coordinates>77.1831503970001,28.732183852,0 77.201350265,28.7277331880001,0 77.216450944,28.72210066,0 77.216307214,28.721627986,0 77.217654687,28.7189573410001,0 77.2165048430001,28.7186264600001,0 77.2154807640001,28.7185398,0 77.215292118,28.7181774050001,0 77.215022623,28.716806595,0 77.215363983,28.716003008,0 77.215902972,28.7154121310001,0 77.2116449580001,28.714781859,0 77.2069198190001,28.715522429,0 77.2040092780001,28.715286077,0 77.2041709750001,28.7136709960001,0 77.2006944940001,28.7137025100001,0 77.2007573760001,28.7121661900001,0 77.200946023,28.711835287,0 77.2009550060001,28.711433475,0 77.200299236,28.71092136,0 77.200604663,28.7102831820001,0 77.2002543200001,28.7072419350001,0 77.1987721,28.70825832,0 77.1955381650001,28.7094322720001,0 77.189744031,28.710645605,0 77.1865100960001,28.711898316,0 77.1862585680001,28.7115989270001,0 77.1853602520001,28.711827408,0 77.185270421,28.7116383210001,0 77.1843361730001,28.711717107,0 77.1834737900001,28.71146499,0 77.1809315580001,28.7096765150001,0 77.180401552,28.7096292430001,0 77.179413405,28.709274695,0 77.1791528940001,28.7089674200001,0 77.178604922,28.709101361,0 77.1777694880001,28.708313473,0 77.1768262570001,28.7095583330001,0 77.1767813420001,28.7102437880001,0 77.176475914,28.7106219680001,0 77.176844224,28.7108504510001,0 77.1769340550001,28.711795894,0 77.176538796,28.713552818,0 77.1766555770001,28.7141043130001,0 77.1771316840001,28.7148054950001,0 77.1780479660001,28.7154200100001,0 77.179377473,28.7167672040001,0 77.1807608780001,28.7177756180001,0 77.179817647,28.719012488,0 77.178263562,28.720391147,0 77.177041853,28.7217697890001,0 77.1756404810001,28.7234162560001,0 77.1749397950001,28.724511261,0 77.1752003070001,28.72465306,0 77.175083526,28.7247633470001,0 77.1752991210001,28.7252990280001,0 77.175856077,28.7262837270001,0 77.174472671,28.7281191820001,0 77.179350523,28.7310810500001,0 77.1801140910001,28.732073572,0 77.180536299,28.7329558060001,0 77.1831503970001,28.732183852,0</coordinates></LinearRing></outerBoundaryIs></Polygon>
  </Placemark>
  <Placemark>
	<Style><LineStyle><color>ff0000ff</color></LineStyle><PolyStyle><fill>0</fill></PolyStyle></Style>
	<ExtendedData><SchemaData schemaUrl="#Final_zoning_delhi">
		<SimpleData name="tessellate">-1</SimpleData>
		<SimpleData name="extrude">0</SimpleData>
		<SimpleData name="visibility">-1</SimpleData>
		<SimpleData name="Ward_Name">G.T.B. NAGAR</SimpleData>
		<SimpleData name="Ward_No">12</SimpleData>
		<SimpleData name="internal">0</SimpleData>
		<SimpleData name="Zone_no">77</SimpleData>
		<SimpleData name="ycoord">3176798.403</SimpleData>
	</SchemaData></ExtendedData>
      <Polygon><outerBoundaryIs><LinearRing><coordinates>77.2150136400001,28.70345995,0 77.2142321060001,28.702254414,0 77.2129475150001,28.701371921,0 77.2112047830001,28.6998275400001,0 77.209767479,28.697747318,0 77.2092105230001,28.6971484590001,0 77.2105939290001,28.6966205140001,0 77.2048177620001,28.684894726,0 77.2031828280001,28.684587379,0 77.203066047,28.6847213510001,0 77.202841468,28.684697709,0 77.202293496,28.6853990880001,0 77.202670788,28.6859192090001,0 77.2025180740001,28.6865023710001,0 77.2032546930001,28.686959442,0 77.201889254,28.6885749360001,0 77.1997512630001,28.6866915040001,0 77.199149392,28.6872667820001,0 77.19894278,28.687298304,0 77.1981522620001,28.688236079,0 77.198709218,28.688693142,0 77.198502605,28.6888980320001,0 77.198808032,28.689173845,0 77.1985205710001,28.6895205800001,0 77.1999129600001,28.6906001790001,0 77.2013951800001,28.6908996280001,0 77.201044837,28.6920343740001,0 77.2010178880001,28.6926253830001,0 77.2016287420001,28.6931533480001,0 77.202769603,28.6953361,0 77.2040631770001,28.6949421050001,0 77.2046740310001,28.6988110730001,0 77.1952327370001,28.7022780520001,0 77.1955201980001,28.7094322720001,0 77.1987721,28.70825832,0 77.2002543200001,28.7072419350001,0 77.200604663,28.7102831820001,0 77.200299236,28.71092136,0 77.2009550060001,28.711433475,0 77.200946023,28.711835287,0 77.2007573760001,28.7121661900001,0 77.2006944940001,28.7137025100001,0 77.2041709750001,28.7136709960001,0 77.2044764020001,28.710212273,0 77.2082133930001,28.7102674240001,0 77.208285259,28.706524944,0 77.2083661070001,28.706209782,0 77.2091925570001,28.705303685,0 77.2091925570001,28.7048860900001,0 77.210324434,28.704468493,0 77.2107825750001,28.705469147,0 77.211806654,28.705240652,0 77.2150136400001,28.70345995,0</coordinates></LinearRing></outerBoundaryIs></Polygon>
  </Placemark>
  <Placemark>
	<Style><LineStyle><color>ff0000ff</color></LineStyle><PolyStyle><fill>0</fill></PolyStyle></Style>
	<ExtendedData><SchemaData schemaUrl="#Final_zoning_delhi">
		<SimpleData name="tessellate">-1</SimpleData>
		<SimpleData name="extrude">0</SimpleData>
		<SimpleData name="visibility">-1</SimpleData>
		<SimpleData name="Ward_Name">TIMAR PUR</SimpleData>
		<SimpleData name="Ward_No">10</SimpleData>
		<SimpleData name="internal">0</SimpleData>
		<SimpleData name="Zone_no">80</SimpleData>
		<SimpleData name="ycoord">3176679.332</SimpleData>
	</SchemaData></ExtendedData>
      <Polygon><outerBoundaryIs><LinearRing><coordinates>77.2334470700001,28.7180277200001,0 77.232342142,28.7151048740001,0 77.2300694040001,28.7081558940001,0 77.2298987240001,28.7054376300001,0 77.2296561790001,28.7040981700001,0 77.2290273580001,28.7041769620001,0 77.227715818,28.703696328,0 77.227617003,28.7024592770001,0 77.226727671,28.7019313590001,0 77.225101721,28.7006233720001,0 77.2222540610001,28.6928066250001,0 77.221921685,28.6924993010001,0 77.221014386,28.692113175,0 77.220807774,28.6923180590001,0 77.220035222,28.691206956,0 77.2196848790001,28.68978063,0 77.2192357220001,28.689008357,0 77.2160916180001,28.6861713870001,0 77.2165317930001,28.6843273160001,0 77.2154717810001,28.6820497640001,0 77.2147261790001,28.6817266470001,0 77.215121438,28.6803317160001,0 77.214789061,28.6804814550001,0 77.213594302,28.6802292620001,0 77.2119593680001,28.67968547,0 77.2104412150001,28.678739738,0 77.2078540670001,28.678258987,0 77.2080696630001,28.678519066,0 77.2085727190001,28.680142571,0 77.2065065940001,28.6825699010001,0 77.203146895,28.684445526,0 77.2031828280001,28.684587379,0 77.2048177620001,28.684894726,0 77.2105939290001,28.6966205140001,0 77.2092105230001,28.6971484590001,0 77.2112856320001,28.699914215,0 77.2129475150001,28.701371921,0 77.2142860050001,28.7023174490001,0 77.2163341630001,28.705934014,0 77.217969097,28.707754068,0 77.2194064020001,28.708313473,0 77.227176829,28.7091722700001,0 77.2271229300001,28.710188637,0 77.2266108900001,28.7118904370001,0 77.226736654,28.714545506,0 77.2260808840001,28.7167435690001,0 77.2256766420001,28.7176338100001,0 77.2252274850001,28.7182010400001,0 77.223044579,28.7195324420001,0 77.22413154,28.720895338,0 77.223143393,28.721470428,0 77.2232601740001,28.724432484,0 77.226197665,28.7245033840001,0 77.2262695310001,28.7225654530001,0 77.2281470090001,28.7228569330001,0 77.2290812570001,28.7200996610001,0 77.231327046,28.7201232950001,0 77.231641456,28.720020881,0 77.2331057100001,28.7188076570001,0 77.2334470700001,28.7180277200001,0</coordinates></LinearRing></outerBoundaryIs></Polygon>
  </Placemark>
  <Placemark>
	<Style><LineStyle><color>ff0000ff</color></LineStyle><PolyStyle><fill>0</fill></PolyStyle></Style>
	<ExtendedData><SchemaData schemaUrl="#Final_zoning_delhi">
		<SimpleData name="tessellate">-1</SimpleData>
		<SimpleData name="extrude">0</SimpleData>
		<SimpleData name="visibility">-1</SimpleData>
		<SimpleData name="Ward_Name">RAJA GARDEN</SimpleData>
		<SimpleData name="Ward_No">101</SimpleData>
		<SimpleData name="internal">0</SimpleData>
		<SimpleData name="Zone_no">163</SimpleData>
		<SimpleData name="ycoord">3171576.694</SimpleData>
	</SchemaData></ExtendedData>
      <Polygon><outerBoundaryIs><LinearRing><coordinates>77.129628772,28.6522478840001,0 77.1272212870001,28.6515226330001,0 77.1232776830001,28.649283784,0 77.118696275,28.647446947,0 77.1169804930001,28.6464220880001,0 77.114303513,28.649938101,0 77.112884175,28.6514595670001,0 77.111860096,28.6530677260001,0 77.1152377610001,28.6538402640001,0 77.1146987720001,28.656449508,0 77.113387232,28.6562445550001,0 77.113288417,28.657663454,0 77.11711524,28.658830091,0 77.118732208,28.660501196,0 77.1193520450001,28.660248956,0 77.1204120570001,28.6593424610001,0 77.12110376,28.6601149530001,0 77.1225680140001,28.659303048,0 77.1234663290001,28.658979861,0 77.1251821120001,28.658932565,0 77.1264936520001,28.6593503440001,0 77.1277063780001,28.660091305,0 77.128613676,28.660390841,0 77.129934199,28.6612736800001,0 77.131227773,28.6603671940001,0 77.1324584650001,28.6591375130001,0 77.13173083,28.658467489,0 77.1320452400001,28.6581127690001,0 77.1319194760001,28.6578920530001,0 77.1332310170001,28.658365014,0 77.1334376290001,28.658554198,0 77.1337879720001,28.660375076,0 77.135854097,28.6593818740001,0 77.1367613960001,28.658782795,0 77.136976991,28.6588064430001,0 77.137785475,28.658404428,0 77.1356744340001,28.6551803670001,0 77.1343808600001,28.6539033280001,0 77.1344167930001,28.6534934110001,0 77.129628772,28.6522478840001,0</coordinates></LinearRing></outerBoundaryIs></Polygon>
  </Placemark>
  <Placemark>
	<Style><LineStyle><color>ff0000ff</color></LineStyle><PolyStyle><fill>0</fill></PolyStyle></Style>
	<ExtendedData><SchemaData schemaUrl="#Final_zoning_delhi">
		<SimpleData name="tessellate">-1</SimpleData>
		<SimpleData name="extrude">0</SimpleData>
		<SimpleData name="visibility">-1</SimpleData>
		<SimpleData name="Ward_Name">RAGHUBIR NAGAR</SimpleData>
		<SimpleData name="Ward_No">102</SimpleData>
		<SimpleData name="internal">0</SimpleData>
		<SimpleData name="Zone_no">155</SimpleData>
		<SimpleData name="ycoord">3171902.705</SimpleData>
	</SchemaData></ExtendedData>
      <Polygon><outerBoundaryIs><LinearRing><coordinates>77.12110376,28.6601149530001,0 77.1204120570001,28.6593424610001,0 77.1193520450001,28.660248956,0 77.118732208,28.660501196,0 77.11711524,28.658830091,0 77.113288417,28.657663454,0 77.113387232,28.6562445550001,0 77.1146987720001,28.656449508,0 77.1152377610001,28.6538402640001,0 77.1093088810001,28.652539559,0 77.1086890430001,28.658388662,0 77.1088327730001,28.660674612,0 77.111698399,28.6606509640001,0 77.1139082550001,28.661092383,0 77.1153904750001,28.6617545080001,0 77.1176362630001,28.6620303920001,0 77.118426781,28.661912156,0 77.1192172980001,28.6615338,0 77.12110376,28.6601149530001,0</coordinates></LinearRing></outerBoundaryIs></Polygon>
  </Placemark>
  <Placemark>
	<Style><LineStyle><color>ff0000ff</color></LineStyle><PolyStyle><fill>0</fill></PolyStyle></Style>
	<ExtendedData><SchemaData schemaUrl="#Final_zoning_delhi">
		<SimpleData name="tessellate">-1</SimpleData>
		<SimpleData name="extrude">0</SimpleData>
		<SimpleData name="visibility">-1</SimpleData>
		<SimpleData name="Ward_Name">RAJOURI GARDEN</SimpleData>
		<SimpleData name="Ward_No">105</SimpleData>
		<SimpleData name="internal">0</SimpleData>
		<SimpleData name="Zone_no">185</SimpleData>
		<SimpleData name="ycoord">3170329.323</SimpleData>
	</SchemaData></ExtendedData>
      <Polygon><outerBoundaryIs><LinearRing><coordinates>77.1250383810001,28.6502534320001,0 77.12973657,28.638317467,0 77.128523844,28.6378286460001,0 77.1276165460001,28.6372373290001,0 77.126691281,28.6375684670001,0 77.124149049,28.637812878,0 77.1201964620001,28.637773457,0 77.1194688260001,28.637655194,0 77.1184177970001,28.6368667680001,0 77.1137735070001,28.6393897090001,0 77.113387232,28.6390428080001,0 77.1128033270001,28.6388930100001,0 77.1117433150001,28.638956083,0 77.109120234,28.640548665,0 77.107772761,28.6408403730001,0 77.107763778,28.6415893490001,0 77.107458351,28.642559068,0 77.1065241030001,28.644522131,0 77.1066229180001,28.6446876890001,0 77.1072427550001,28.6450109200001,0 77.109093285,28.645137059,0 77.110135331,28.6457677500001,0 77.1096682070001,28.6463747870001,0 77.1103329600001,28.6468004990001,0 77.110198213,28.6469739360001,0 77.1107012690001,28.647344462,0 77.1120846750001,28.648164342,0 77.1112672080001,28.6492286010001,0 77.1108360160001,28.6490394,0 77.1101263470001,28.6491182340001,0 77.109560409,28.6498198510001,0 77.109901769,28.6516014650001,0 77.1098478700001,28.65261839,0 77.111860096,28.6530677260001,0 77.112884175,28.6514595670001,0 77.114303513,28.649938101,0 77.1169804930001,28.6464220880001,0 77.118696275,28.647446947,0 77.1224332670001,28.6488896160001,0 77.1250383810001,28.6502534320001,0</coordinates></LinearRing></outerBoundaryIs></Polygon>
  </Placemark>
  <Placemark>
	<Style><LineStyle><color>ff0000ff</color></LineStyle><PolyStyle><fill>0</fill></PolyStyle></Style>
	<ExtendedData><SchemaData schemaUrl="#Final_zoning_delhi">
		<SimpleData name="tessellate">-1</SimpleData>
		<SimpleData name="extrude">0</SimpleData>
		<SimpleData name="visibility">-1</SimpleData>
		<SimpleData name="Ward_Name">NANGAL RAYA</SimpleData>
		<SimpleData name="Ward_No">110</SimpleData>
		<SimpleData name="internal">0</SimpleData>
		<SimpleData name="Zone_no">224</SimpleData>
		<SimpleData name="ycoord">3167246.020</SimpleData>
	</SchemaData></ExtendedData>
      <Polygon><outerBoundaryIs><LinearRing><coordinates>77.1191993320001,28.616318305,0 77.1151569130001,28.611973123,0 77.1132345180001,28.609268136,0 77.1098927850001,28.6053643160001,0 77.1007838680001,28.6092287050001,0 77.1001730140001,28.609323341,0 77.099310631,28.6092444770001,0 77.0989063900001,28.6094574090001,0 77.0988884230001,28.6116734490001,0 77.099849621,28.6114289770001,0 77.1005682730001,28.6107980790001,0 77.1047274730001,28.612816938,0 77.1074403850001,28.6147805570001,0 77.1065959680001,28.6158214970001,0 77.1036315280001,28.6206869640001,0 77.1036944100001,28.620947186,0 77.103874073,28.6210181550001,0 77.103901023,28.623297033,0 77.1060659620001,28.623289148,0 77.1060839290001,28.6249923600001,0 77.1108629660001,28.6249292790001,0 77.1108360160001,28.623178753,0 77.114240631,28.623131442,0 77.1142496150001,28.623667642,0 77.1160552280001,28.6236203300001,0 77.117591347,28.6227135190001,0 77.1216247830001,28.6200088090001,0 77.120286293,28.6184080300001,0 77.1184537300001,28.6196460730001,0 77.1173577850001,28.618376487,0 77.11879509,28.6174144300001,0 77.118327966,28.6168781980001,0 77.1191993320001,28.616318305,0</coordinates></LinearRing></outerBoundaryIs></Polygon>
  </Placemark>
  <Placemark>
	<Style><LineStyle><color>ff0000ff</color></LineStyle><PolyStyle><fill>0</fill></PolyStyle></Style>
	<ExtendedData><SchemaData schemaUrl="#Final_zoning_delhi">
		<SimpleData name="tessellate">-1</SimpleData>
		<SimpleData name="extrude">0</SimpleData>
		<SimpleData name="visibility">-1</SimpleData>
		<SimpleData name="Ward_Name">HARI NAGAR</SimpleData>
		<SimpleData name="Ward_No">111</SimpleData>
		<SimpleData name="internal">0</SimpleData>
		<SimpleData name="Zone_no">206</SimpleData>
		<SimpleData name="ycoord">3168635.879</SimpleData>
	</SchemaData></ExtendedData>
      <Polygon><outerBoundaryIs><LinearRing><coordinates>77.132278802,28.6315526240001,0 77.123807689,28.6216884180001,0 77.119747304,28.6167283680001,0 77.1191993320001,28.616318305,0 77.118327966,28.6168781980001,0 77.11879509,28.6174144300001,0 77.1173577850001,28.618376487,0 77.1184537300001,28.6196460730001,0 77.120286293,28.6184080300001,0 77.1216247830001,28.6200088090001,0 77.116163026,28.6235966740001,0 77.1142496150001,28.623667642,0 77.114240631,28.623131442,0 77.1108360160001,28.623178753,0 77.1109977130001,28.6307010740001,0 77.1111324610001,28.6313870450001,0 77.1114468710001,28.6317260870001,0 77.1102161790001,28.6328457050001,0 77.1096682070001,28.63435165,0 77.1100904150001,28.6341624230001,0 77.1111055110001,28.6340835780001,0 77.1153904750001,28.6340756930001,0 77.1154084410001,28.633555315,0 77.1157767510001,28.6333424320001,0 77.119917984,28.6333503170001,0 77.120259344,28.6334685850001,0 77.1225141150001,28.6332083950001,0 77.1253438080001,28.6316630100001,0 77.1278501080001,28.634627606,0 77.1281196030001,28.635108557,0 77.1284609620001,28.636653892,0 77.1290718170001,28.637119065,0 77.130068947,28.637426551,0 77.132278802,28.6315526240001,0</coordinates></LinearRing></outerBoundaryIs></Polygon>
  </Placemark>
  <Placemark>
	<Style><LineStyle><color>ff0000ff</color></LineStyle><PolyStyle><fill>0</fill></PolyStyle></Style>
	<ExtendedData><SchemaData schemaUrl="#Final_zoning_delhi">
		<SimpleData name="tessellate">-1</SimpleData>
		<SimpleData name="extrude">0</SimpleData>
		<SimpleData name="visibility">-1</SimpleData>
		<SimpleData name="Ward_Name">SUBHASH NAGAR</SimpleData>
		<SimpleData name="Ward_No">112</SimpleData>
		<SimpleData name="internal">0</SimpleData>
		<SimpleData name="Zone_no">198</SimpleData>
		<SimpleData name="ycoord">3169430.121</SimpleData>
	</SchemaData></ExtendedData>
      <Polygon><outerBoundaryIs><LinearRing><coordinates>77.12973657,28.638317467,0 77.1300509800001,28.637426551,0 77.1290718170001,28.637119065,0 77.1284609620001,28.636653892,0 77.1281196030001,28.635108557,0 77.1278501080001,28.634627606,0 77.1253438080001,28.6316630100001,0 77.1225141150001,28.6332083950001,0 77.120259344,28.6334685850001,0 77.119917984,28.6333503170001,0 77.1157767510001,28.6333424320001,0 77.1154084410001,28.633555315,0 77.1153904750001,28.6340756930001,0 77.1111055110001,28.6340835780001,0 77.1100904150001,28.6341624230001,0 77.1096682070001,28.63435165,0 77.1102161790001,28.6328457050001,0 77.1114468710001,28.6317260870001,0 77.1111324610001,28.6313870450001,0 77.1036584770001,28.631197813,0 77.1033261010001,28.6330901270001,0 77.1033620330001,28.6343910730001,0 77.1047993380001,28.6344304950001,0 77.1053383270001,28.63486414,0 77.1057964680001,28.635644696,0 77.1058144340001,28.637379245,0 77.107700896,28.637465972,0 77.107772761,28.6408403730001,0 77.109120234,28.640548665,0 77.1117433150001,28.638956083,0 77.1128033270001,28.6388930100001,0 77.113387232,28.6390428080001,0 77.1137735070001,28.6393897090001,0 77.1184177970001,28.6368667680001,0 77.1194688260001,28.637655194,0 77.1201964620001,28.637773457,0 77.124149049,28.637812878,0 77.126691281,28.6375684670001,0 77.1276165460001,28.6372373290001,0 77.128523844,28.6378286460001,0 77.12973657,28.638317467,0</coordinates></LinearRing></outerBoundaryIs></Polygon>
  </Placemark>
  <Placemark>
	<Style><LineStyle><color>ff0000ff</color></LineStyle><PolyStyle><fill>0</fill></PolyStyle></Style>
	<ExtendedData><SchemaData schemaUrl="#Final_zoning_delhi">
		<SimpleData name="tessellate">-1</SimpleData>
		<SimpleData name="extrude">0</SimpleData>
		<SimpleData name="visibility">-1</SimpleData>
		<SimpleData name="Ward_Name">MADHU VIHAR</SimpleData>
		<SimpleData name="Ward_No">148</SimpleData>
		<SimpleData name="internal">0</SimpleData>
		<SimpleData name="Zone_no">235</SimpleData>
		<SimpleData name="ycoord">3166366.798</SimpleData>
	</SchemaData></ExtendedData>
      <Polygon><outerBoundaryIs><LinearRing><coordinates>77.056218447,28.6146149520001,0 77.0561735310001,28.6129746600001,0 77.0566406550001,28.612951002,0 77.0566226890001,28.611704993,0 77.0587786460001,28.611657676,0 77.0587516960001,28.6106324680001,0 77.0625964860001,28.6105536050001,0 77.0625605530001,28.6086293390001,0 77.0632522560001,28.608045744,0 77.06634246,28.6088343860001,0 77.0669802640001,28.6070205,0 77.065255499,28.606547307,0 77.0654710950001,28.6063659160001,0 77.0651297350001,28.606358029,0 77.065120752,28.606200298,0 77.0643032850001,28.6062476170001,0 77.0642673520001,28.6048674560001,0 77.0637822620001,28.604859569,0 77.063809211,28.6037948600001,0 77.0625605530001,28.6037633130001,0 77.0625605530001,28.6035345970001,0 77.060314765,28.603558257,0 77.0603417140001,28.604914776,0 77.056793369,28.604922662,0 77.05676642,28.6028563300001,0 77.054529614,28.6042286320001,0 77.0528228150001,28.6048437960001,0 77.0532360400001,28.605861174,0 77.050810589,28.6082034730001,0 77.049993122,28.6087397490001,0 77.048771414,28.6092365910001,0 77.0487534470001,28.610451084,0 77.0481425930001,28.6104668560001,0 77.04813361,28.610908486,0 77.048843279,28.610932145,0 77.0488612450001,28.6113343420001,0 77.0500739710001,28.61131857,0 77.05010092,28.612903685,0 77.0505500780001,28.612903685,0 77.0505949940001,28.6147174700001,0 77.056218447,28.6146149520001,0</coordinates></LinearRing></outerBoundaryIs></Polygon>
  </Placemark>
  <Placemark>
	<Style><LineStyle><color>ff0000ff</color></LineStyle><PolyStyle><fill>0</fill></PolyStyle></Style>
	<ExtendedData><SchemaData schemaUrl="#Final_zoning_delhi">
		<SimpleData name="tessellate">-1</SimpleData>
		<SimpleData name="extrude">0</SimpleData>
		<SimpleData name="visibility">-1</SimpleData>
		<SimpleData name="Ward_Name">BUDH VIHAR</SimpleData>
		<SimpleData name="Ward_No">23</SimpleData>
		<SimpleData name="internal">0</SimpleData>
		<SimpleData name="Zone_no">61</SimpleData>
		<SimpleData name="ycoord">3178264.051</SimpleData>
	</SchemaData></ExtendedData>
      <Polygon><outerBoundaryIs><LinearRing><coordinates>77.097073826,28.720706267,0 77.096319242,28.718618582,0 77.0934985320001,28.7157666580001,0 77.0928966600001,28.714821251,0 77.0929325930001,28.714238247,0 77.09372311,28.7125443630001,0 77.0938488740001,28.7115989270001,0 77.0917198670001,28.7081401360001,0 77.083033158,28.708274078,0 77.083024175,28.7075334570001,0 77.080993983,28.709668637,0 77.080625673,28.7119613450001,0 77.0803651620001,28.7126389060001,0 77.0795027790001,28.713158891,0 77.0768168170001,28.7142303680001,0 77.076771901,28.7166805420001,0 77.077885812,28.7211789450001,0 77.0829792600001,28.717673201,0 77.0851082670001,28.720091783,0 77.0845243620001,28.7205329510001,0 77.086042515,28.722336996,0 77.0868420150001,28.7220297590001,0 77.0883242350001,28.7237077340001,0 77.090641889,28.723628956,0 77.090812569,28.7235423010001,0 77.090507142,28.7230853890001,0 77.0929146270001,28.723046,0 77.0931661550001,28.7225024310001,0 77.0945854930001,28.7225024310001,0 77.0945944760001,28.721604353,0 77.0951604150001,28.7215964750001,0 77.095142448,28.721139555,0 77.095277196,28.7211316770001,0 77.0952951620001,28.720911094,0 77.0955736400001,28.720895338,0 77.0955916060001,28.7206353650001,0 77.096705517,28.720848071,0 77.097073826,28.720706267,0</coordinates></LinearRing></outerBoundaryIs></Polygon>
  </Placemark>
  <Placemark>
	<Style><LineStyle><color>ff0000ff</color></LineStyle><PolyStyle><fill>0</fill></PolyStyle></Style>
	<ExtendedData><SchemaData schemaUrl="#Final_zoning_delhi">
		<SimpleData name="tessellate">-1</SimpleData>
		<SimpleData name="extrude">0</SimpleData>
		<SimpleData name="visibility">-1</SimpleData>
		<SimpleData name="Ward_Name">NANGLOI JAT WEST</SimpleData>
		<SimpleData name="Ward_No">31</SimpleData>
		<SimpleData name="internal">0</SimpleData>
		<SimpleData name="Zone_no">116</SimpleData>
		<SimpleData name="ycoord">3174719.057</SimpleData>
	</SchemaData></ExtendedData>
      <Polygon><outerBoundaryIs><LinearRing><coordinates>77.0395636820001,28.6880548290001,0 77.065740589,28.685801,0 77.0656148250001,28.682144334,0 77.0592817020001,28.6821995,0 77.056389127,28.682073406,0 77.0464627430001,28.6821995,0 77.0465256250001,28.6790943880001,0 77.0460225690001,28.6791022690001,0 77.0459147710001,28.6773920540001,0 77.043192876,28.677368411,0 77.0432108420001,28.6777467100001,0 77.0417465880001,28.677738828,0 77.0417645540001,28.6822546660001,0 77.0354224480001,28.682301952,0 77.035476347,28.685202072,0 77.0336258180001,28.685202072,0 77.0343534530001,28.6861556260001,0 77.033544969,28.686187149,0 77.0335539530001,28.687345587,0 77.0317034230001,28.6873849900001,0 77.0321885130001,28.6886300990001,0 77.0395636820001,28.6880548290001,0</coordinates></LinearRing></outerBoundaryIs></Polygon>
  </Placemark>
  <Placemark>
	<Style><LineStyle><color>ff0000ff</color></LineStyle><PolyStyle><fill>0</fill></PolyStyle></Style>
	<ExtendedData><SchemaData schemaUrl="#Final_zoning_delhi">
		<SimpleData name="tessellate">-1</SimpleData>
		<SimpleData name="extrude">0</SimpleData>
		<SimpleData name="visibility">-1</SimpleData>
		<SimpleData name="Ward_Name">NITHARI</SimpleData>
		<SimpleData name="Ward_No">34</SimpleData>
		<SimpleData name="internal">0</SimpleData>
		<SimpleData name="Zone_no">74</SimpleData>
		<SimpleData name="ycoord">3177014.523</SimpleData>
	</SchemaData></ExtendedData>
      <Polygon><outerBoundaryIs><LinearRing><coordinates>77.047801233,28.713844323,0 77.0505141450001,28.71380493,0 77.050469229,28.712142554,0 77.0511878820001,28.712150432,0 77.0511609320001,28.709235301,0 77.0499392230001,28.708589234,0 77.0498404090001,28.7017264950001,0 77.049660746,28.701277368,0 77.0477742840001,28.701891962,0 77.0457440910001,28.7029556750001,0 77.04562731,28.7007573230001,0 77.0441989890001,28.6979049120001,0 77.0430311790001,28.6961083260001,0 77.0429503300001,28.6926726630001,0 77.043695932,28.6926569030001,0 77.0424652400001,28.691514284,0 77.0395636820001,28.6880548290001,0 77.0312183330001,28.688685262,0 77.031254265,28.69004068,0 77.0307871420001,28.6900643210001,0 77.030805108,28.6929642260001,0 77.0323052940001,28.6929957460001,0 77.0323052940001,28.6933503490001,0 77.0309308720001,28.6933424690001,0 77.0309937540001,28.696636273,0 77.0303200180001,28.6964786770001,0 77.0303379840001,28.698275257,0 77.0304457820001,28.698291016,0 77.030391883,28.7014507150001,0 77.027589139,28.701497992,0 77.0277059200001,28.707367999,0 77.0229987480001,28.7107953,0 77.0230436640001,28.713324341,0 77.023160445,28.7135370610001,0 77.0237892650001,28.71412007,0 77.0247055470001,28.71364736,0 77.0258553910001,28.713615846,0 77.026070986,28.714183097,0 77.0278137180001,28.714151583,0 77.027858634,28.7164126810001,0 77.0309847710001,28.7164048020001,0 77.0309847710001,28.717334438,0 77.0307152760001,28.7173501940001,0 77.030607478,28.717933182,0 77.0321076650001,28.7179253040001,0 77.0320807160001,28.7189494630001,0 77.029376787,28.7190046100001,0 77.0294037360001,28.7211553110001,0 77.0302032370001,28.7208401930001,0 77.0315686760001,28.7206983890001,0 77.0326466540001,28.7203596350001,0 77.035476347,28.7198711980001,0 77.0371831460001,28.7197057590001,0 77.038279091,28.719737271,0 77.0383958720001,28.7193827580001,0 77.038359939,28.7178228870001,0 77.0410818350001,28.7177992530001,0 77.040992003,28.712323762,0 77.046543592,28.71222134,0 77.047801233,28.713844323,0</coordinates></LinearRing></outerBoundaryIs></Polygon>
  </Placemark>
  <Placemark>
	<Style><LineStyle><color>ff0000ff</color></LineStyle><PolyStyle><fill>0</fill></PolyStyle></Style>
	<ExtendedData><SchemaData schemaUrl="#Final_zoning_delhi">
		<SimpleData name="tessellate">-1</SimpleData>
		<SimpleData name="extrude">0</SimpleData>
		<SimpleData name="visibility">-1</SimpleData>
		<SimpleData name="Ward_Name">SULTANPUR MAJRA</SimpleData>
		<SimpleData name="Ward_No">39</SimpleData>
		<SimpleData name="internal">0</SimpleData>
		<SimpleData name="Zone_no">91</SimpleData>
		<SimpleData name="ycoord">3176244.355</SimpleData>
	</SchemaData></ExtendedData>
      <Polygon><outerBoundaryIs><LinearRing><coordinates>77.0817216180001,28.70357026,0 77.0810119490001,28.7018289270001,0 77.0767808840001,28.7031132610001,0 77.0750651020001,28.702924158,0 77.075379512,28.6999614920001,0 77.0717143860001,28.6908050650001,0 77.065327364,28.692743584,0 77.065596859,28.693098187,0 77.065839404,28.693027267,0 77.0661178820001,28.69376011,0 77.0666029720001,28.6944141490001,0 77.0670341630001,28.694335349,0 77.067725866,28.6957931320001,0 77.0693338500001,28.695225781,0 77.069693176,28.6960610470001,0 77.0701423340001,28.6958876900001,0 77.0709957340001,28.69740061,0 77.0717413350001,28.699740865,0 77.0716065880001,28.699788142,0 77.072235409,28.7015216300001,0 77.071660487,28.7017107360001,0 77.0717413350001,28.704271513,0 77.0749483210001,28.704389701,0 77.0749842540001,28.703633294,0 77.0817216180001,28.70357026,0</coordinates></LinearRing></outerBoundaryIs></Polygon>
  </Placemark>
  <Placemark>
	<Style><LineStyle><color>ff0000ff</color></LineStyle><PolyStyle><fill>0</fill></PolyStyle></Style>
	<ExtendedData><SchemaData schemaUrl="#Final_zoning_delhi">
		<SimpleData name="tessellate">-1</SimpleData>
		<SimpleData name="extrude">0</SimpleData>
		<SimpleData name="visibility">-1</SimpleData>
		<SimpleData name="Ward_Name">ROHINI NORTH</SimpleData>
		<SimpleData name="Ward_No">49</SimpleData>
		<SimpleData name="internal">0</SimpleData>
		<SimpleData name="Zone_no">43</SimpleData>
		<SimpleData name="ycoord">3180561.265</SimpleData>
	</SchemaData></ExtendedData>
      <Polygon><outerBoundaryIs><LinearRing><coordinates>77.1372734350001,28.7464247030001,0 77.143876053,28.7392257540001,0 77.1437502890001,28.7391312350001,0 77.143714356,28.738603502,0 77.1435706250001,28.7386113790001,0 77.1432202820001,28.7380600130001,0 77.1387826050001,28.733995572,0 77.137012924,28.7351692350001,0 77.1355037540001,28.733444182,0 77.1415673820001,28.7238889220001,0 77.141145174,28.7231878010001,0 77.1405882190001,28.7214231610001,0 77.1399414320001,28.7185082880001,0 77.1386388750001,28.7187525100001,0 77.1338149210001,28.7272526620001,0 77.1305989530001,28.723755,0 77.122720728,28.7291747510001,0 77.131802695,28.739359656,0 77.1272841690001,28.746408951,0 77.1258648310001,28.7479368910001,0 77.12509228,28.748559088,0 77.1260265280001,28.7489765080001,0 77.1280836700001,28.7486929780001,0 77.1280926530001,28.7492521630001,0 77.129260463,28.7492521630001,0 77.1293143620001,28.7497877180001,0 77.131497268,28.749795593,0 77.1315332010001,28.750858819,0 77.1320272740001,28.7508745700001,0 77.1325303310001,28.7514967490001,0 77.1372734350001,28.7464247030001,0</coordinates></LinearRing></outerBoundaryIs></Polygon>
  </Placemark>
  <Placemark>
	<Style><LineStyle><color>ff0000ff</color></LineStyle><PolyStyle><fill>0</fill></PolyStyle></Style>
	<ExtendedData><SchemaData schemaUrl="#Final_zoning_delhi">
		<SimpleData name="tessellate">-1</SimpleData>
		<SimpleData name="extrude">0</SimpleData>
		<SimpleData name="visibility">-1</SimpleData>
		<SimpleData name="Ward_Name">LIBAS PUR</SimpleData>
		<SimpleData name="Ward_No">18</SimpleData>
		<SimpleData name="internal">0</SimpleData>
		<SimpleData name="Zone_no">35</SimpleData>
		<SimpleData name="ycoord">3183111.868</SimpleData>
	</SchemaData></ExtendedData>
      <Polygon><outerBoundaryIs><LinearRing><coordinates>77.168444976,28.7561590340001,0 77.1634323760001,28.7560094040001,0 77.1603781040001,28.7551037380001,0 77.160432003,28.753520774,0 77.1580784170001,28.753575902,0 77.1580514680001,28.751866905,0 77.1564883990001,28.7518826560001,0 77.1565243320001,28.754229567,0 77.1520507220001,28.752615087,0 77.1496612030001,28.7520322930001,0 77.1497151020001,28.75187478,0 77.1437952040001,28.748385818,0 77.140085162,28.747015404,0 77.138288532,28.7471020400001,0 77.1372734350001,28.7464247030001,0 77.123475313,28.7612384830001,0 77.1261702580001,28.761269983,0 77.1257211010001,28.762372466,0 77.1256851680001,28.763120573,0 77.125397707,28.763427689,0 77.1253527910001,28.763687555,0 77.1258288990001,28.763884424,0 77.1257480500001,28.7645065250001,0 77.1260894100001,28.765230993,0 77.126080427,28.765656221,0 77.1265924670001,28.7655223530001,0 77.1277243440001,28.766026326,0 77.1290628340001,28.766333434,0 77.129637755,28.7666011680001,0 77.129503008,28.7668059050001,0 77.1303204750001,28.7671996300001,0 77.130518104,28.7670893870001,0 77.131182858,28.7674516120001,0 77.1318116780001,28.7674988590001,0 77.1351713780001,28.7685934020001,0 77.135386973,28.7684280400001,0 77.1373722500001,28.769034366,0 77.1383154810001,28.7679477020001,0 77.1402199090001,28.7676720970001,0 77.140291775,28.7677665900001,0 77.142151287,28.766538172,0 77.1448821660001,28.766506674,0 77.1459691270001,28.7631599470001,0 77.1477837240001,28.7632150700001,0 77.14831373,28.7654672310001,0 77.149706119,28.7661208210001,0 77.149706119,28.766420054,0 77.1510805410001,28.766427928,0 77.152544795,28.7656798450001,0 77.1538832850001,28.7647427650001,0 77.1541976950001,28.7642860340001,0 77.1547995670001,28.7644671520001,0 77.155823646,28.7625693370001,0 77.1565872140001,28.7628134560001,0 77.157350782,28.763254444,0 77.165166125,28.761167609,0 77.1662081710001,28.7606242370001,0 77.1689749820001,28.760403738,0 77.168992948,28.759639862,0 77.1695588870001,28.759639862,0 77.1695499030001,28.7585531,0 77.168849218,28.758403473,0 77.168831251,28.7580097150001,0 77.168453959,28.758041216,0 77.168444976,28.7561590340001,0</coordinates></LinearRing></outerBoundaryIs></Polygon>
  </Placemark>
  <Placemark>
	<Style><LineStyle><color>ff0000ff</color></LineStyle><PolyStyle><fill>0</fill></PolyStyle></Style>
	<ExtendedData><SchemaData schemaUrl="#Final_zoning_delhi">
		<SimpleData name="tessellate">-1</SimpleData>
		<SimpleData name="extrude">0</SimpleData>
		<SimpleData name="visibility">-1</SimpleData>
		<SimpleData name="Ward_Name">BRAHAM PURI</SimpleData>
		<SimpleData name="Ward_No">254</SimpleData>
		<SimpleData name="internal">0</SimpleData>
		<SimpleData name="Zone_no">104</SimpleData>
		<SimpleData name="ycoord">3175460.273</SimpleData>
	</SchemaData></ExtendedData>
      <Polygon><outerBoundaryIs><LinearRing><coordinates>77.260989416,28.6927672240001,0 77.2605312750001,28.6920107340001,0 77.2598844880001,28.692255018,0 77.25963296,28.692113175,0 77.2595880440001,28.6920264940001,0 77.2606929720001,28.691530044,0 77.260342629,28.6910493520001,0 77.260100084,28.691175436,0 77.2597587240001,28.690773544,0 77.2605492420001,28.690450454,0 77.2604504270001,28.6901746450001,0 77.260881618,28.690127363,0 77.2609534840001,28.689575742,0 77.2613307760001,28.689087161,0 77.2610972140001,28.688905913,0 77.2619236640001,28.6880075460001,0 77.2622290910001,28.68788934,0 77.262678249,28.6886616210001,0 77.2633340190001,28.688472491,0 77.2641155530001,28.68845673,0 77.264124537,28.687802655,0 77.263684362,28.686234432,0 77.2638101260001,28.6859980150001,0 77.26347775,28.6853990880001,0 77.2640436880001,28.685217833,0 77.2637831770001,28.684500691,0 77.265040818,28.684122417,0 77.264906071,28.6837520220001,0 77.266118797,28.6834131480001,0 77.265624723,28.6821758580001,0 77.2642053850001,28.6825777820001,0 77.2633070700001,28.683074274,0 77.2631902890001,28.682766922,0 77.262884861,28.6829954660001,0 77.263181306,28.683294937,0 77.262336889,28.684027848,0 77.2616002710001,28.683287056,0 77.2597138090001,28.6835786450001,0 77.258815493,28.684027848,0 77.2586627800001,28.683799306,0 77.258375319,28.6838544720001,0 77.2582585380001,28.6837283790001,0 77.257656667,28.684406123,0 77.2572075090001,28.6846740670001,0 77.2568302160001,28.684216986,0 77.256381059,28.68426427,0 77.25533003,28.683925398,0 77.2548808720001,28.684122417,0 77.252123044,28.6843824810001,0 77.2513864260001,28.683964802,0 77.2497964080001,28.684256389,0 77.249976071,28.68460314,0 77.249949121,28.685154788,0 77.2501108180001,28.6853281620001,0 77.250757605,28.6853912070001,0 77.250964218,28.685903447,0 77.2503084480001,28.687613523,0 77.2509462510001,28.688307003,0 77.2511528640001,28.6890241180001,0 77.2519882970001,28.689599383,0 77.2524284720001,28.690403173,0 77.253605265,28.6902061660001,0 77.2541712030001,28.6903007290001,0 77.2545305290001,28.693027267,0 77.255267148,28.692885425,0 77.256273261,28.6936261500001,0 77.2570008960001,28.693240028,0 77.2583304030001,28.693058787,0 77.258375319,28.692522941,0 77.259228718,28.692105295,0 77.2599114380001,28.6933503490001,0 77.2596868590001,28.693468549,0 77.2600911010001,28.6941304700001,0 77.2604594100001,28.69395711,0 77.2603516120001,28.69372859,0 77.260809753,28.693476429,0 77.2605222920001,28.692893306,0 77.260989416,28.6927672240001,0</coordinates></LinearRing></outerBoundaryIs></Polygon>
  </Placemark>
  <Placemark>
	<Style><LineStyle><color>ff0000ff</color></LineStyle><PolyStyle><fill>0</fill></PolyStyle></Style>
	<ExtendedData><SchemaData schemaUrl="#Final_zoning_delhi">
		<SimpleData name="tessellate">-1</SimpleData>
		<SimpleData name="extrude">0</SimpleData>
		<SimpleData name="visibility">-1</SimpleData>
		<SimpleData name="Ward_Name">DICHAON KALAN</SimpleData>
		<SimpleData name="Ward_No">139</SimpleData>
		<SimpleData name="internal">0</SimpleData>
		<SimpleData name="Zone_no">189</SimpleData>
		<SimpleData name="ycoord">3169804.641</SimpleData>
	</SchemaData></ExtendedData>
      <Polygon><outerBoundaryIs><LinearRing><coordinates>76.9507023340001,28.6694395820001,0 76.952418116,28.6694947550001,0 76.9536937240001,28.6689903160001,0 76.953406263,28.6673587560001,0 76.9580505530001,28.66477343,0 76.962883489,28.661431329,0 76.963251798,28.661155443,0 76.9634134950001,28.6599100070001,0 76.965353856,28.658845856,0 76.9692615280001,28.6578053430001,0 76.9704473040001,28.6577028680001,0 76.9734656430001,28.6568121170001,0 76.9756844820001,28.656796351,0 76.9759629600001,28.6571904900001,0 76.977058904,28.6571195450001,0 76.9775170450001,28.656938241,0 76.9781907820001,28.6563864450001,0 76.9793855410001,28.654447254,0 76.9819457400001,28.652050805,0 76.9838771170001,28.6506554790001,0 76.984748483,28.6493705010001,0 76.9903899030001,28.649244368,0 76.990560583,28.649110351,0 76.9904887180001,28.646619177,0 76.992393146,28.6480382070001,0 76.9924650120001,28.6497725510001,0 76.994629951,28.649741018,0 76.996794891,28.6513807360001,0 76.998151347,28.650292849,0 76.99949882,28.649599118,0 77.0043497230001,28.652957363,0 77.0084280740001,28.651506867,0 77.0082124780001,28.6424881140001,0 77.006909921,28.64248023,0 77.0068290730001,28.639831218,0 77.0116350600001,28.6397760290001,0 77.011410481,28.628311968,0 77.0151923880001,28.6282567740001,0 77.015300186,28.626537844,0 77.0146174660001,28.6261199350001,0 77.0126232060001,28.6254970100001,0 77.010763694,28.625291997,0 77.007386028,28.6244167410001,0 77.0065595780001,28.6242984620001,0 77.005319903,28.6246296410001,0 77.004062262,28.625213145,0 77.003020216,28.625914922,0 77.001627827,28.627247497,0 76.999930012,28.6310874260001,0 76.9975943920001,28.629116228,0 76.994629951,28.6271292220001,0 76.9927165400001,28.6256310580001,0 76.988593273,28.6222088550001,0 76.9864642650001,28.619969381,0 76.9852784890001,28.6200324660001,0 76.985287472,28.620182291,0 76.9843172920001,28.6203005740001,0 76.9828979540001,28.620340002,0 76.9828350720001,28.620079779,0 76.9824577790001,28.6201665200001,0 76.9819547230001,28.618747113,0 76.980616233,28.619267564,0 76.981182172,28.6202690320001,0 76.980041311,28.620884102,0 76.980032328,28.620773705,0 76.9789633330001,28.620813132,0 76.9789633330001,28.621081239,0 76.977912304,28.6211364370001,0 76.977741624,28.620245375,0 76.9774092470001,28.620213833,0 76.9773733150001,28.619504132,0 76.9771846690001,28.619377963,0 76.9767444940001,28.619512018,0 76.9765378820001,28.6190388810001,0 76.9756844820001,28.6192360220001,0 76.975432954,28.618754999,0 76.9749748130001,28.618313401,0 76.9745975210001,28.6181635730001,0 76.9747682,28.6178008310001,0 76.974759217,28.616972827,0 76.973411744,28.616996484,0 76.973366829,28.6159476710001,0 76.9713276530001,28.61627099,0 76.9717229120001,28.6142285390001,0 76.969890348,28.614252197,0 76.969854416,28.6126513300001,0 76.9673660820001,28.6139052140001,0 76.964734019,28.615663779,0 76.9632428150001,28.615671665,0 76.963251798,28.616397164,0 76.9614372020001,28.6164444780001,0 76.961428218,28.6159082410001,0 76.9536577910001,28.6159555560001,0 76.953702707,28.6188969400001,0 76.955059163,28.618865398,0 76.955086113,28.619362192,0 76.955777815,28.6193069920001,0 76.95570595,28.6199220680001,0 76.9542057640001,28.6206633080001,0 76.948285866,28.6221063450001,0 76.9423210520001,28.6230920150001,0 76.9393116960001,28.623147212,0 76.9423569850001,28.626995177,0 76.9427881760001,28.628138499,0 76.9431025870001,28.629597204,0 76.9444500600001,28.6331058960001,0 76.9432014010001,28.6334764700001,0 76.9410274780001,28.634454148,0 76.9392398310001,28.635431818,0 76.937524049,28.6366460080001,0 76.9337151920001,28.6403200290001,0 76.931604151,28.642022965,0 76.9307687180001,28.6429296090001,0 76.9297895540001,28.6447034560001,0 76.9286486940001,28.645751983,0 76.9281276710001,28.6466507110001,0 76.9266724,28.648053974,0 76.9252889950001,28.6489842170001,0 76.924974584,28.649291668,0 76.9248847530001,28.649607001,0 76.925684253,28.6511836550001,0 76.928567845,28.6554010880001,0 76.9289900540001,28.656378563,0 76.931065162,28.6591217480001,0 76.9316311,28.660580022,0 76.9325473820001,28.6620855690001,0 76.933131287,28.664268969,0 76.933230102,28.665191185,0 76.934891985,28.6673587560001,0 76.9358531820001,28.667776501,0 76.9373354030001,28.6677922650001,0 76.9408298490001,28.6681784800001,0 76.942437833,28.6681942440001,0 76.9429588560001,28.6680681330001,0 76.943731407,28.6687853870001,0 76.944468026,28.669147953,0 76.947207887,28.6696287460001,0 76.948285866,28.6699519,0 76.9507023340001,28.6694395820001,0</coordinates></LinearRing></outerBoundaryIs></Polygon>
  </Placemark>
  <Placemark>
	<Style><LineStyle><color>ff0000ff</color></LineStyle><PolyStyle><fill>0</fill></PolyStyle></Style>
	<ExtendedData><SchemaData schemaUrl="#Final_zoning_delhi">
		<SimpleData name="tessellate">-1</SimpleData>
		<SimpleData name="extrude">0</SimpleData>
		<SimpleData name="visibility">-1</SimpleData>
		<SimpleData name="Ward_Name">MOTI NAGAR</SimpleData>
		<SimpleData name="Ward_No">99</SimpleData>
		<SimpleData name="internal">0</SimpleData>
		<SimpleData name="Zone_no">138</SimpleData>
		<SimpleData name="ycoord">3173320.306</SimpleData>
	</SchemaData></ExtendedData>
      <Polygon><outerBoundaryIs><LinearRing><coordinates>77.1577370570001,28.671173572,0 77.1547816,28.669912491,0 77.1531736160001,28.6684385840001,0 77.1502990070001,28.667721327,0 77.1440377490001,28.666941009,0 77.1430585860001,28.666933127,0 77.14019296,28.6672011160001,0 77.1380459860001,28.667232644,0 77.1375968290001,28.6676188610001,0 77.1364469850001,28.6682336540001,0 77.1380100540001,28.669589337,0 77.1386298910001,28.67039328,0 77.1401031280001,28.67375874,0 77.1518890250001,28.6721903070001,0 77.1577370570001,28.671173572,0</coordinates></LinearRing></outerBoundaryIs></Polygon>
  </Placemark>
  <Placemark>
	<Style><LineStyle><color>ff0000ff</color></LineStyle><PolyStyle><fill>0</fill></PolyStyle></Style>
	<ExtendedData><SchemaData schemaUrl="#Final_zoning_delhi">
		<SimpleData name="tessellate">-1</SimpleData>
		<SimpleData name="extrude">0</SimpleData>
		<SimpleData name="visibility">-1</SimpleData>
		<SimpleData name="Ward_Name">MANGOLPURI</SimpleData>
		<SimpleData name="Ward_No">47</SimpleData>
		<SimpleData name="internal">0</SimpleData>
		<SimpleData name="Zone_no">92</SimpleData>
		<SimpleData name="ycoord">3176154.434</SimpleData>
	</SchemaData></ExtendedData>
      <Polygon><outerBoundaryIs><LinearRing><coordinates>77.0993016480001,28.696801749,0 77.098861474,28.6964707980001,0 77.091827665,28.6966047540001,0 77.0917108840001,28.6923811,0 77.081838399,28.6926017420001,0 77.0819012810001,28.695359739,0 77.080931101,28.695367619,0 77.0809760160001,28.6964629180001,0 77.07947583,28.6965259560001,0 77.0803382130001,28.696935705,0 77.082018062,28.6972351360001,0 77.0827367140001,28.697770957,0 77.0832577370001,28.69770004,0 77.0844614800001,28.696738711,0 77.091594103,28.6966126340001,0 77.0916300360001,28.698298896,0 77.0919713960001,28.699323248,0 77.092941576,28.700591854,0 77.0944597290001,28.699937854,0 77.0965887360001,28.6986456010001,0 77.0993016480001,28.702333207,0 77.103505764,28.6994099230001,0 77.102688297,28.6984722490001,0 77.099139951,28.698535286,0 77.098358417,28.6974951670001,0 77.0993016480001,28.696801749,0</coordinates></LinearRing></outerBoundaryIs></Polygon>
  </Placemark>
  <Placemark>
	<Style><LineStyle><color>ff0000ff</color></LineStyle><PolyStyle><fill>0</fill></PolyStyle></Style>
	<ExtendedData><SchemaData schemaUrl="#Final_zoning_delhi">
		<SimpleData name="tessellate">-1</SimpleData>
		<SimpleData name="extrude">0</SimpleData>
		<SimpleData name="visibility">-1</SimpleData>
		<SimpleData name="Ward_Name">LAJPAT NAGAR</SimpleData>
		<SimpleData name="Ward_No">155</SimpleData>
		<SimpleData name="internal">1</SimpleData>
		<SimpleData name="Zone_no">3</SimpleData>
		<SimpleData name="ycoord">3162696.226</SimpleData>
	</SchemaData></ExtendedData>
      <Polygon><outerBoundaryIs><LinearRing><coordinates>77.2551324010001,28.5704048590001,0 77.2543688330001,28.569671154,0 77.2525991510001,28.566460147,0 77.2516559200001,28.5658447590001,0 77.2502725150001,28.56560018,0 77.2501377680001,28.566255018,0 77.2474518050001,28.566041999,0 77.247415872,28.5662629080001,0 77.2469756980001,28.5662155700001,0 77.2468948490001,28.5663102450001,0 77.2472362090001,28.566957189,0 77.247478754,28.566878294,0 77.2476943500001,28.567304328,0 77.2468948490001,28.5676041290001,0 77.246292978,28.5665153740001,0 77.236204898,28.5706967610001,0 77.2382800060001,28.5744519790001,0 77.238980692,28.574317867,0 77.2390345910001,28.5727637260001,0 77.2414780080001,28.572803171,0 77.241415126,28.576305871,0 77.243184807,28.5763374270001,0 77.243139892,28.5793745820001,0 77.2457090730001,28.5794219140001,0 77.245682124,28.581812132,0 77.247415872,28.5796901260001,0 77.247613502,28.579658572,0 77.2476314680001,28.5794613570001,0 77.2490597890001,28.5794771340001,0 77.2493562330001,28.5796112400001,0 77.2495628460001,28.579406137,0 77.2504970940001,28.579406137,0 77.2505060770001,28.578822379,0 77.2523386400001,28.57910637,0 77.2521769430001,28.578538387,0 77.2531561070001,28.5771973060001,0 77.2529135620001,28.5769133100001,0 77.2526440670001,28.576905421,0 77.2525093200001,28.5770474190001,0 77.251539139,28.5766450900001,0 77.2519343980001,28.576013984,0 77.250928285,28.575438096,0 77.2551324010001,28.5704048590001,0</coordinates></LinearRing></outerBoundaryIs></Polygon>
  </Placemark>
  <Placemark>
	<Style><LineStyle><color>ff0000ff</color></LineStyle><PolyStyle><fill>0</fill></PolyStyle></Style>
	<ExtendedData><SchemaData schemaUrl="#Final_zoning_delhi">
		<SimpleData name="tessellate">-1</SimpleData>
		<SimpleData name="extrude">0</SimpleData>
		<SimpleData name="visibility">-1</SimpleData>
		<SimpleData name="Ward_Name">PALAM</SimpleData>
		<SimpleData name="Ward_No">145</SimpleData>
		<SimpleData name="internal">0</SimpleData>
		<SimpleData name="Zone_no">255</SimpleData>
		<SimpleData name="ycoord">3163707.335</SimpleData>
	</SchemaData></ExtendedData>
      <Polygon><outerBoundaryIs><LinearRing><coordinates>77.080221432,28.5893137520001,0 77.080661606,28.5889351340001,0 77.080985,28.5882567740001,0 77.080454994,28.5869552560001,0 77.0805448250001,28.58657663,0 77.0820989110001,28.5863321,0 77.0836440130001,28.5856694990001,0 77.0864557400001,28.584076085,0 77.0865276050001,28.5870420250001,0 77.087533718,28.586481973,0 77.0876055830001,28.589463621,0 77.0888632250001,28.589447846,0 77.0888722080001,28.5891717710001,0 77.0910910470001,28.5891165560001,0 77.091189861,28.5900473200001,0 77.0967234830001,28.5899763300001,0 77.0883601680001,28.580187105,0 77.089725607,28.5794613570001,0 77.087964909,28.57576154,0 77.0850813170001,28.5768107550001,0 77.0811197470001,28.5768896430001,0 77.081227545,28.578491055,0 77.077239025,28.5786014970001,0 77.0772659740001,28.578735604,0 77.0751639170001,28.578885488,0 77.0740859380001,28.579145813,0 77.0645278640001,28.5851804340001,0 77.0666209380001,28.5875626330001,0 77.068201973,28.5865924060001,0 77.0682199390001,28.587688841,0 77.0679773940001,28.5879570320001,0 77.069118255,28.5879175920001,0 77.0712113290001,28.590418046,0 77.0717682850001,28.5905679140001,0 77.0732954210001,28.5902760660001,0 77.073753562,28.592673926,0 77.0751010340001,28.592729139,0 77.075415445,28.593999035,0 77.0775264860001,28.5934390210001,0 77.0770234290001,28.591900937,0 77.0765832550001,28.5913488,0 77.0779666600001,28.5902681790001,0 77.078424801,28.590212964,0 77.080221432,28.5893137520001,0</coordinates></LinearRing></outerBoundaryIs></Polygon>
  </Placemark>
  <Placemark>
	<Style><LineStyle><color>ff0000ff</color></LineStyle><PolyStyle><fill>0</fill></PolyStyle></Style>
	<ExtendedData><SchemaData schemaUrl="#Final_zoning_delhi">
		<SimpleData name="tessellate">-1</SimpleData>
		<SimpleData name="extrude">0</SimpleData>
		<SimpleData name="visibility">-1</SimpleData>
		<SimpleData name="Ward_Name">KISHANGARH</SimpleData>
		<SimpleData name="Ward_No">172</SimpleData>
		<SimpleData name="internal">0</SimpleData>
		<SimpleData name="Zone_no">283</SimpleData>
		<SimpleData name="ycoord">3155919.504</SimpleData>
	</SchemaData></ExtendedData>
      <Polygon><outerBoundaryIs><LinearRing><coordinates>77.0932649700001,28.5141392950001,0 77.105392226,28.5320007510001,0 77.1061288440001,28.532616337,0 77.1091382010001,28.534210531,0 77.1091741330001,28.5335791700001,0 77.109937701,28.5328294240001,0 77.1099556680001,28.5313299160001,0 77.110611438,28.530998443,0 77.1112761910001,28.5310852580001,0 77.111626534,28.531314132,0 77.1122463710001,28.53077746,0 77.112740445,28.5310457960001,0 77.114330463,28.531077365,0 77.1139441870001,28.5305722620001,0 77.1139082550001,28.529719894,0 77.1145819910001,28.5299093100001,0 77.115615054,28.529625186,0 77.1163606550001,28.529206892,0 77.1171511730001,28.5284413300001,0 77.1177440610001,28.5275415900001,0 77.1177440610001,28.5261209330001,0 77.120124597,28.526152504,0 77.120160529,28.5249607160001,0 77.121031895,28.523895198,0 77.121472069,28.5241004100001,0 77.1223973340001,28.523816271,0 77.1229183570001,28.5235163450001,0 77.122792593,28.523184847,0 77.1230081890001,28.5230427770001,0 77.123475313,28.5231374910001,0 77.124652106,28.5241398740001,0 77.1267002640001,28.5239425550001,0 77.127832142,28.5235952730001,0 77.129188598,28.5236584150001,0 77.1300869130001,28.523397953,0 77.1303833570001,28.5236347370001,0 77.1307426830001,28.523397953,0 77.1309313290001,28.523895198,0 77.13121879,28.5239109840001,0 77.1316050660001,28.5242030150001,0 77.1322608360001,28.5242582650001,0 77.132467449,28.524076732,0 77.1325303310001,28.5231769550001,0 77.1327908420001,28.522545528,0 77.1339227190001,28.522150884,0 77.134569506,28.5238320560001,0 77.139644988,28.523224312,0 77.1408127980001,28.523413739,0 77.1423758660001,28.523413739,0 77.142519597,28.524550295,0 77.1429777370001,28.5259394030001,0 77.143741305,28.527281138,0 77.1455918350001,28.5265708100001,0 77.1460948910001,28.52660238,0 77.1463104870001,28.5270127920001,0 77.1461308240001,28.52713118,0 77.146553032,28.5277783650001,0 77.1468764260001,28.5275810530001,0 77.1496522200001,28.530974766,0 77.152275301,28.5345025340001,0 77.1664417330001,28.5262708920001,0 77.1690468470001,28.5248975740001,0 77.1696936340001,28.5266102730001,0 77.1703943200001,28.5274863430001,0 77.1706907640001,28.5277152250001,0 77.1719124730001,28.5281493100001,0 77.1719933210001,28.5288438430001,0 77.1716789110001,28.529262139,0 77.172101119,28.5294436630001,0 77.1735114740001,28.529380524,0 77.1759459080001,28.529546263,0 77.176430999,28.5294594470001,0 77.1768532070001,28.5290253680001,0 77.1769969370001,28.528086171,0 77.1774011790001,28.527659978,0 77.1773293140001,28.52632614,0 77.177050836,28.5259946520001,0 77.176502864,28.5257894440001,0 77.175766245,28.525134354,0 77.174472671,28.525221174,0 77.1741941930001,28.5242819430001,0 77.1739067330001,28.5240056970001,0 77.1735833390001,28.524053053,0 77.173322828,28.5233032400001,0 77.1729096030001,28.5233900600001,0 77.1729096030001,28.5231374910001,0 77.1726580740001,28.523161169,0 77.172271799,28.522821777,0 77.1715531470001,28.522561313,0 77.1705739830001,28.5225928850001,0 77.1691187120001,28.5221824550001,0 77.168049717,28.522206134,0 77.1675107280001,28.5217404530001,0 77.165812912,28.520990623,0 77.1638545850001,28.520659117,0 77.159758267,28.518401694,0 77.160467936,28.517478189,0 77.164429506,28.514320846,0 77.1659386760001,28.5126000540001,0 77.1636928880001,28.5112897070001,0 77.1634862750001,28.5110450020001,0 77.165642232,28.508234799,0 77.1694780380001,28.5073112050001,0 77.1699631280001,28.5089057810001,0 77.170340421,28.5092531120001,0 77.1706009320001,28.509158385,0 77.171157888,28.509995132,0 77.17372707,28.5089057810001,0 77.1746253850001,28.5082269050001,0 77.1769340550001,28.5078874660001,0 77.1767004930001,28.5075953890001,0 77.1727389230001,28.5041377690001,0 77.1664776650001,28.5014694820001,0 77.163315595,28.499961634,0 77.158536558,28.4980037670001,0 77.146553032,28.4926273410001,0 77.145609801,28.4936694890001,0 77.144118598,28.4947511010001,0 77.1441365640001,28.4964248160001,0 77.1433460470001,28.49702482,0 77.1433550300001,28.4974906100001,0 77.1435526590001,28.4974906100001,0 77.1435526590001,28.497648505,0 77.143301131,28.497822189,0 77.1433190970001,28.4981379770001,0 77.1427531590001,28.4989274430001,0 77.1414865340001,28.5002063650001,0 77.1401480440001,28.5002142590001,0 77.139447358,28.5003089940001,0 77.1394383750001,28.500427411,0 77.138800571,28.5004195170001,0 77.1387826050001,28.500869503,0 77.1353420570001,28.5009642370001,0 77.1353330740001,28.500403728,0 77.133257966,28.500403728,0 77.13324,28.5001826810001,0 77.132503381,28.500174787,0 77.1305899700001,28.501201071,0 77.1305270880001,28.499890583,0 77.1291796150001,28.4999142670001,0 77.1291436820001,28.4994563810001,0 77.128478929,28.4994563810001,0 77.128514861,28.4998590050001,0 77.128074687,28.499898477,0 77.1276794280001,28.498880075,0 77.126987725,28.4976958730001,0 77.125667202,28.497687979,0 77.1250743140001,28.497474821,0 77.1245353250001,28.4972458730001,0 77.124481426,28.4966458700001,0 77.123987352,28.4963537620001,0 77.123026155,28.4965274480001,0 77.122693778,28.4960142840001,0 77.122451233,28.495959021,0 77.121741564,28.496180076,0 77.120726468,28.495769544,0 77.1205468050001,28.495951126,0 77.1173667690001,28.496330078,0 77.1161360770001,28.496922188,0 77.1148604690001,28.497309031,0 77.1137106250001,28.4979406090001,0 77.1115007700001,28.498714287,0 77.105302394,28.501406327,0 77.1029847410001,28.5028194230001,0 77.1005143740001,28.5036404310001,0 77.09771163,28.5048166710001,0 77.0960497470001,28.5067428360001,0 77.095995848,28.5070901730001,0 77.0963461910001,28.5079348290001,0 77.0986548610001,28.5114396870001,0 77.0951244820001,28.5133025820001,0 77.0951873640001,28.5134130920001,0 77.0932649700001,28.5141392950001,0</coordinates></LinearRing></outerBoundaryIs></Polygon>
  </Placemark>
  <Placemark>
	<Style><LineStyle><color>ff0000ff</color></LineStyle><PolyStyle><fill>0</fill></PolyStyle></Style>
	<ExtendedData><SchemaData schemaUrl="#Final_zoning_delhi">
		<SimpleData name="tessellate">-1</SimpleData>
		<SimpleData name="extrude">0</SimpleData>
		<SimpleData name="visibility">-1</SimpleData>
		<SimpleData name="Ward_Name">VISHWASH NAGAR</SimpleData>
		<SimpleData name="Ward_No">226</SimpleData>
		<SimpleData name="internal">0</SimpleData>
		<SimpleData name="Zone_no">148</SimpleData>
		<SimpleData name="ycoord">3172748.477</SimpleData>
	</SchemaData></ExtendedData>
      <Polygon><outerBoundaryIs><LinearRing><coordinates>77.30342583,28.666743959,0 77.3026622620001,28.6665784360001,0 77.2954847230001,28.663220627,0 77.297200505,28.656678109,0 77.2941013180001,28.656134195,0 77.294721155,28.653469762,0 77.292556215,28.653075609,0 77.291810614,28.6554405030001,0 77.2913973890001,28.6562287890001,0 77.2861871600001,28.662984158,0 77.3002996930001,28.6697312090001,0 77.300335626,28.670156827,0 77.3004973220001,28.670196236,0 77.3019885260001,28.6701410630001,0 77.303318032,28.669612982,0 77.30342583,28.666743959,0</coordinates></LinearRing></outerBoundaryIs></Polygon>
  </Placemark>
  <Placemark>
	<Style><LineStyle><color>ff0000ff</color></LineStyle><PolyStyle><fill>0</fill></PolyStyle></Style>
	<ExtendedData><SchemaData schemaUrl="#Final_zoning_delhi">
		<SimpleData name="tessellate">-1</SimpleData>
		<SimpleData name="extrude">0</SimpleData>
		<SimpleData name="visibility">-1</SimpleData>
		<SimpleData name="Ward_Name">MADIPUR</SimpleData>
		<SimpleData name="Ward_No">104</SimpleData>
		<SimpleData name="internal">0</SimpleData>
		<SimpleData name="Zone_no">136</SimpleData>
		<SimpleData name="ycoord">3173399.106</SimpleData>
	</SchemaData></ExtendedData>
      <Polygon><outerBoundaryIs><LinearRing><coordinates>77.1142496150001,28.6770531610001,0 77.118804073,28.6764699450001,0 77.117959657,28.6721587810001,0 77.117959657,28.670369635,0 77.116639133,28.6705587970001,0 77.1160462450001,28.6672011160001,0 77.1163516720001,28.667145942,0 77.1161360770001,28.6660109260001,0 77.115920481,28.666034573,0 77.115722852,28.664915309,0 77.111788231,28.66542765,0 77.1138363900001,28.677100448,0 77.1142496150001,28.6770531610001,0</coordinates></LinearRing></outerBoundaryIs></Polygon>
  </Placemark>
  <Placemark>
	<Style><LineStyle><color>ff0000ff</color></LineStyle><PolyStyle><fill>0</fill></PolyStyle></Style>
	<ExtendedData><SchemaData schemaUrl="#Final_zoning_delhi">
		<SimpleData name="tessellate">-1</SimpleData>
		<SimpleData name="extrude">0</SimpleData>
		<SimpleData name="visibility">-1</SimpleData>
		<SimpleData name="Ward_Name">RAJENDER NAGAR</SimpleData>
		<SimpleData name="Ward_No">149</SimpleData>
		<SimpleData name="internal">0</SimpleData>
		<SimpleData name="Zone_no">190</SimpleData>
		<SimpleData name="ycoord">3169800.964</SimpleData>
	</SchemaData></ExtendedData>
      <Polygon><outerBoundaryIs><LinearRing><coordinates>77.196849705,28.6456652630001,0 77.1973707280001,28.645271081,0 77.196912587,28.643536662,0 77.196535295,28.642748281,0 77.1946578160001,28.6402096520001,0 77.1933552580001,28.6381282460001,0 77.189878778,28.6342018450001,0 77.1892948730001,28.633705121,0 77.1881719790001,28.6313081980001,0 77.1868424730001,28.6291398820001,0 77.18432719,28.62617513,0 77.1807429120001,28.623699183,0 77.1788205170001,28.625157949,0 77.1777425390001,28.625749335,0 77.176538796,28.627184417,0 77.1759009930001,28.6283277380001,0 77.1754069190001,28.6311583890001,0 77.1751014920001,28.631678779,0 77.1741582610001,28.6320414730001,0 77.174266059,28.6332162800001,0 77.17372707,28.633500123,0 77.170654831,28.630937617,0 77.1699271960001,28.6319783960001,0 77.1709063600001,28.63244359,0 77.169702617,28.634067809,0 77.16990923,28.63428069,0 77.1693073580001,28.6350375970001,0 77.166657328,28.6334922390001,0 77.1668459740001,28.633239933,0 77.166181221,28.6328772430001,0 77.164456456,28.6353056670001,0 77.1706907640001,28.6388614730001,0 77.1720472200001,28.6392399110001,0 77.1727928220001,28.63968142,0 77.1738169010001,28.6411793840001,0 77.1741582610001,28.641999313,0 77.1743828400001,28.6421333390001,0 77.174652334,28.642156991,0 77.174876913,28.6420071970001,0 77.1808866420001,28.642882306,0 77.180904609,28.644072758,0 77.181380716,28.6468241490001,0 77.1834288750001,28.6499223340001,0 77.1870490850001,28.6479672560001,0 77.188764867,28.650426865,0 77.1926366060001,28.648329894,0 77.196849705,28.6456652630001,0</coordinates></LinearRing></outerBoundaryIs></Polygon>
  </Placemark>
  <Placemark>
	<Style><LineStyle><color>ff0000ff</color></LineStyle><PolyStyle><fill>0</fill></PolyStyle></Style>
	<ExtendedData><SchemaData schemaUrl="#Final_zoning_delhi">
		<SimpleData name="tessellate">-1</SimpleData>
		<SimpleData name="extrude">0</SimpleData>
		<SimpleData name="visibility">-1</SimpleData>
		<SimpleData name="Ward_Name">R. K. PURAM</SimpleData>
		<SimpleData name="Ward_No">167</SimpleData>
		<SimpleData name="internal">0</SimpleData>
		<SimpleData name="Zone_no">264</SimpleData>
		<SimpleData name="ycoord">3162037.377</SimpleData>
	</SchemaData></ExtendedData>
      <Polygon><outerBoundaryIs><LinearRing><coordinates>77.189537419,28.56871654,0 77.188522322,28.5622391420001,0 77.1872916300001,28.5619235460001,0 77.1855309320001,28.561820977,0 77.1836714200001,28.560613812,0 77.181614278,28.5599905,0 77.1807518950001,28.5619235460001,0 77.1792427250001,28.563619863,0 77.175362003,28.560519132,0 77.1729994340001,28.5577575900001,0 77.1694780380001,28.5609215220001,0 77.1688402340001,28.561663179,0 77.1708704270001,28.5629886790001,0 77.174337924,28.5643930590001,0 77.173664187,28.5655686220001,0 77.173996564,28.5657500830001,0 77.1742480920001,28.5653477120001,0 77.1745265700001,28.565513394,0 77.175254206,28.566034109,0 77.174885896,28.566373362,0 77.175856077,28.566957189,0 77.173394693,28.569395027,0 77.1723885800001,28.571730249,0 77.1701338080001,28.5710359990001,0 77.1685078580001,28.575169873,0 77.1760177740001,28.5785778310001,0 77.1788295,28.5737577470001,0 77.179754765,28.572582276,0 77.180329687,28.572077372,0 77.181982587,28.570996553,0 77.183617521,28.5702470730001,0 77.188863682,28.5696395960001,0 77.189537419,28.56871654,0</coordinates></LinearRing></outerBoundaryIs></Polygon>
  </Placemark>
  <Placemark>
	<Style><LineStyle><color>ff0000ff</color></LineStyle><PolyStyle><fill>0</fill></PolyStyle></Style>
	<ExtendedData><SchemaData schemaUrl="#Final_zoning_delhi">
		<SimpleData name="tessellate">-1</SimpleData>
		<SimpleData name="extrude">0</SimpleData>
		<SimpleData name="visibility">-1</SimpleData>
		<SimpleData name="Ward_Name">SAFDARJANG ENCLAVE</SimpleData>
		<SimpleData name="Ward_No">163</SimpleData>
		<SimpleData name="internal">1</SimpleData>
		<SimpleData name="Zone_no">7</SimpleData>
		<SimpleData name="ycoord">3160913.842</SimpleData>
	</SchemaData></ExtendedData>
      <Polygon><outerBoundaryIs><LinearRing><coordinates>77.2073869430001,28.56150538,0 77.2071174490001,28.559524986,0 77.206219133,28.5555640850001,0 77.2048536940001,28.55275507,0 77.2036409680001,28.549590892,0 77.20273367,28.5498118350001,0 77.201655692,28.5504825530001,0 77.1994458360001,28.5479969310001,0 77.1983768410001,28.548257333,0 77.1985654870001,28.5488333690001,0 77.1984487060001,28.5498591800001,0 77.199454819,28.550301065,0 77.199185325,28.5506956030001,0 77.1990415940001,28.5506324770001,0 77.1987541330001,28.5511927200001,0 77.198610403,28.551145375,0 77.197927683,28.5506403680001,0 77.197325812,28.5491332230001,0 77.1966610590001,28.5479890400001,0 77.1960861370001,28.546087303,0 77.191837106,28.547373544,0 77.1838421,28.5506166960001,0 77.1849919430001,28.5521790550001,0 77.1884055410001,28.5618130870001,0 77.1888816480001,28.5640932490001,0 77.189537419,28.56871654,0 77.190759127,28.568432521,0 77.1914598130001,28.568101165,0 77.19230423,28.5674384490001,0 77.192995932,28.567154427,0 77.1934810230001,28.56710709,0 77.19677784,28.568290512,0 77.197559374,28.5691899030001,0 77.197622256,28.5696790430001,0 77.1992661730001,28.5697816040001,0 77.1993649880001,28.567533123,0 77.200164488,28.5657027460001,0 77.200775343,28.5625862960001,0 77.201718574,28.562799322,0 77.203209777,28.562609966,0 77.204260806,28.5632017040001,0 77.2054016660001,28.5635488550001,0 77.2068210050001,28.5625468470001,0 77.2067401560001,28.5622864810001,0 77.2071623640001,28.5619472160001,0 77.2073869430001,28.56150538,0</coordinates></LinearRing></outerBoundaryIs></Polygon>
  </Placemark>
  <Placemark>
	<Style><LineStyle><color>ff0000ff</color></LineStyle><PolyStyle><fill>0</fill></PolyStyle></Style>
	<ExtendedData><SchemaData schemaUrl="#Final_zoning_delhi">
		<SimpleData name="tessellate">-1</SimpleData>
		<SimpleData name="extrude">0</SimpleData>
		<SimpleData name="visibility">-1</SimpleData>
		<SimpleData name="Ward_Name">HAUZ KHAS</SimpleData>
		<SimpleData name="Ward_No">164</SimpleData>
		<SimpleData name="internal">1</SimpleData>
		<SimpleData name="Zone_no">8</SimpleData>
		<SimpleData name="ycoord">3160645.306</SimpleData>
	</SchemaData></ExtendedData>
      <Polygon><outerBoundaryIs><LinearRing><coordinates>77.212687003,28.5541595870001,0 77.21170784,28.553039131,0 77.2111688510001,28.551950226,0 77.2090398430001,28.545771659,0 77.2088332310001,28.543498991,0 77.2038296150001,28.543877772,0 77.200299236,28.5450614550001,0 77.1960861370001,28.546087303,0 77.1966610590001,28.5479890400001,0 77.197325812,28.5491332230001,0 77.197927683,28.5506403680001,0 77.198610403,28.551145375,0 77.1987541330001,28.5511927200001,0 77.1990415940001,28.5506324770001,0 77.199185325,28.5506956030001,0 77.199454819,28.550301065,0 77.1984487060001,28.5498591800001,0 77.1985654870001,28.5488333690001,0 77.1983768410001,28.548257333,0 77.1994458360001,28.5479969310001,0 77.201655692,28.5504825530001,0 77.20273367,28.5498118350001,0 77.2036409680001,28.549590892,0 77.2048536940001,28.55275507,0 77.206219133,28.5555640850001,0 77.2071174490001,28.559524986,0 77.2073869430001,28.56150538,0 77.2084020400001,28.560708493,0 77.209102725,28.560400782,0 77.2091925570001,28.5607242730001,0 77.210414266,28.561884096,0 77.2108005410001,28.563138585,0 77.212615138,28.5649216690001,0 77.214277021,28.565647518,0 77.2152472020001,28.566657386,0 77.216450944,28.5660893370001,0 77.216639591,28.5661445640001,0 77.2168372200001,28.566491705,0 77.2177714680001,28.566073557,0 77.217457058,28.5655291740001,0 77.2192716540001,28.5645035150001,0 77.2194064020001,28.5647402070001,0 77.219729795,28.5645981920001,0 77.2198375930001,28.5642589340001,0 77.21965793,28.5639038950001,0 77.2214455770001,28.5628229920001,0 77.2201250540001,28.56152116,0 77.221176083,28.5604165620001,0 77.212687003,28.5541595870001,0</coordinates></LinearRing></outerBoundaryIs></Polygon>
  </Placemark>
  <Placemark>
	<Style><LineStyle><color>ff0000ff</color></LineStyle><PolyStyle><fill>0</fill></PolyStyle></Style>
	<ExtendedData><SchemaData schemaUrl="#Final_zoning_delhi">
		<SimpleData name="tessellate">-1</SimpleData>
		<SimpleData name="extrude">0</SimpleData>
		<SimpleData name="visibility">-1</SimpleData>
		<SimpleData name="Ward_Name">KOTLA MUBARAKPUR</SimpleData>
		<SimpleData name="Ward_No">158</SimpleData>
		<SimpleData name="internal">1</SimpleData>
		<SimpleData name="Zone_no">2</SimpleData>
		<SimpleData name="ycoord">3162844.961</SimpleData>
	</SchemaData></ExtendedData>
      <Polygon><outerBoundaryIs><LinearRing><coordinates>77.2222360950001,28.5792246990001,0 77.221247948,28.577552299,0 77.2213916790001,28.577362969,0 77.221984567,28.577023753,0 77.222846949,28.576905421,0 77.2239069610001,28.576495203,0 77.224931041,28.5758956510001,0 77.2262425810001,28.5755090960001,0 77.2268893680001,28.575445985,0 77.226691739,28.5748148710001,0 77.22581139,28.573221292,0 77.227814633,28.57236927,0 77.225335283,28.56788815,0 77.224221372,28.5683141800001,0 77.2228289830001,28.568574531,0 77.21698095,28.568858549,0 77.217088748,28.569955169,0 77.2175379060001,28.5708466570001,0 77.2178702830001,28.572321935,0 77.2184991030001,28.573418519,0 77.2186608,28.5740259740001,0 77.218642834,28.5746334250001,0 77.2182206260001,28.575643207,0 77.21569636,28.573962862,0 77.2143219370001,28.5732449600001,0 77.2128037840001,28.573150291,0 77.209336287,28.5732765160001,0 77.2096147650001,28.574933205,0 77.211600042,28.5800293340001,0 77.2222360950001,28.5792246990001,0</coordinates></LinearRing></outerBoundaryIs></Polygon>
  </Placemark>
  <Placemark>
	<Style><LineStyle><color>ff0000ff</color></LineStyle><PolyStyle><fill>0</fill></PolyStyle></Style>
	<ExtendedData><SchemaData schemaUrl="#Final_zoning_delhi">
		<SimpleData name="tessellate">-1</SimpleData>
		<SimpleData name="extrude">0</SimpleData>
		<SimpleData name="visibility">-1</SimpleData>
		<SimpleData name="Ward_Name">MANGLAPURI</SimpleData>
		<SimpleData name="Ward_No">130</SimpleData>
		<SimpleData name="internal">0</SimpleData>
		<SimpleData name="Zone_no">246</SimpleData>
		<SimpleData name="ycoord">3165116.666</SimpleData>
	</SchemaData></ExtendedData>
      <Polygon><outerBoundaryIs><LinearRing><coordinates>77.09226784,28.601728506,0 77.0926271660001,28.6011290980001,0 77.0926181830001,28.6004823650001,0 77.092438519,28.600143222,0 77.094971769,28.5986525600001,0 77.0947292230001,28.5982976380001,0 77.095115499,28.598076796,0 77.0933997170001,28.595686948,0 77.0943788800001,28.595221591,0 77.094226167,28.5947325700001,0 77.0938848070001,28.593943822,0 77.0930942900001,28.59423566,0 77.092806829,28.593628321,0 77.0920342780001,28.5938964970001,0 77.0918815640001,28.593596771,0 77.091621053,28.5936914220001,0 77.091450373,28.59337592,0 77.090641889,28.593659872,0 77.090004085,28.5923663090001,0 77.089222551,28.59265815,0 77.0890788200001,28.5925082860001,0 77.0887015280001,28.5913803500001,0 77.0888272920001,28.5912778100001,0 77.0889261070001,28.589581939,0 77.088818309,28.589447846,0 77.0876055830001,28.589463621,0 77.087533718,28.586481973,0 77.0865276050001,28.5870420250001,0 77.0864557400001,28.584076085,0 77.0836440130001,28.5856694990001,0 77.0820989110001,28.5863321,0 77.0805358420001,28.5865845180001,0 77.080454994,28.5869552560001,0 77.080985,28.5882567740001,0 77.080661606,28.5889351340001,0 77.080221432,28.5893137520001,0 77.0805358420001,28.589400519,0 77.081227545,28.5899290030001,0 77.0815509380001,28.5905127,0 77.080625673,28.5951900420001,0 77.0808682190001,28.596381035,0 77.07944888,28.5964125840001,0 77.0784158180001,28.5967596260001,0 77.0784427670001,28.597548352,0 77.0776253,28.597548352,0 77.0776342840001,28.5979821500001,0 77.0778947950001,28.5979821500001,0 77.0779127610001,28.598526366,0 77.078092424,28.598526366,0 77.0781283570001,28.5992914180001,0 77.077715132,28.599299305,0 77.077813947,28.6005296870001,0 77.0772569910001,28.600545461,0 77.077274957,28.60146035,0 77.0770234290001,28.6014682370001,0 77.0770234290001,28.6030613880001,0 77.0771491930001,28.6030613880001,0 77.0771491930001,28.6034320680001,0 77.077301907,28.6034399550001,0 77.077382755,28.6049620960001,0 77.0769605470001,28.6049620960001,0 77.07696953,28.604859569,0 77.074669843,28.604977869,0 77.0746788260001,28.6047964750001,0 77.0741128880001,28.6047885890001,0 77.0724150720001,28.605001529,0 77.073043892,28.6055220490001,0 77.0765383390001,28.6067365850001,0 77.0792961670001,28.6081640400001,0 77.081398225,28.607249209,0 77.0814521240001,28.6070993650001,0 77.0811197470001,28.6063659160001,0 77.0813892410001,28.6055535950001,0 77.082889428,28.6041734250001,0 77.0850004690001,28.60313237,0 77.085862852,28.601870471,0 77.0867970990001,28.6016417500001,0 77.0875786340001,28.6026670460001,0 77.0879110100001,28.6024698750001,0 77.0897435740001,28.604023576,0 77.090614939,28.6029825200001,0 77.09226784,28.601728506,0</coordinates></LinearRing></outerBoundaryIs></Polygon>
  </Placemark>
  <Placemark>
	<Style><LineStyle><color>ff0000ff</color></LineStyle><PolyStyle><fill>0</fill></PolyStyle></Style>
	<ExtendedData><SchemaData schemaUrl="#Final_zoning_delhi">
		<SimpleData name="tessellate">-1</SimpleData>
		<SimpleData name="extrude">0</SimpleData>
		<SimpleData name="visibility">-1</SimpleData>
		<SimpleData name="Ward_Name">MANGOL PURI  NORTH</SimpleData>
		<SimpleData name="Ward_No">38</SimpleData>
		<SimpleData name="internal">0</SimpleData>
		<SimpleData name="Zone_no">83</SimpleData>
		<SimpleData name="ycoord">3176549.756</SimpleData>
	</SchemaData></ExtendedData>
      <Polygon><outerBoundaryIs><LinearRing><coordinates>77.088243387,28.703483588,0 77.0920791930001,28.700930672,0 77.092941576,28.700591854,0 77.0919713960001,28.699323248,0 77.0916300360001,28.698298896,0 77.091594103,28.6966126340001,0 77.0844614800001,28.696738711,0 77.0832577370001,28.69770004,0 77.0858898010001,28.700323951,0 77.0810119490001,28.7018289270001,0 77.0817216180001,28.70357026,0 77.088243387,28.703483588,0</coordinates></LinearRing></outerBoundaryIs></Polygon>
  </Placemark>
  <Placemark>
	<Style><LineStyle><color>ff0000ff</color></LineStyle><PolyStyle><fill>0</fill></PolyStyle></Style>
	<ExtendedData><SchemaData schemaUrl="#Final_zoning_delhi">
		<SimpleData name="tessellate">-1</SimpleData>
		<SimpleData name="extrude">0</SimpleData>
		<SimpleData name="visibility">-1</SimpleData>
		<SimpleData name="Ward_Name">TAGORE GARDEN</SimpleData>
		<SimpleData name="Ward_No">106</SimpleData>
		<SimpleData name="internal">0</SimpleData>
		<SimpleData name="Zone_no">180</SimpleData>
		<SimpleData name="ycoord">3170536.806</SimpleData>
	</SchemaData></ExtendedData>
      <Polygon><outerBoundaryIs><LinearRing><coordinates>77.1077547950001,28.6415893490001,0 77.1046645900001,28.6402727240001,0 77.1042693320001,28.64109266,0 77.1031374550001,28.6406669250001,0 77.1027781280001,28.641439554,0 77.1025804990001,28.641368599,0 77.10238287,28.641762796,0 77.0990950360001,28.6405250130001,0 77.0982326530001,28.640367333,0 77.0960317810001,28.6415893490001,0 77.0960766960001,28.6434657080001,0 77.095852118,28.643481476,0 77.0959509320001,28.6448217110001,0 77.0972534890001,28.6445615490001,0 77.0983763840001,28.644632503,0 77.098358417,28.644277736,0 77.099508261,28.6442540840001,0 77.099472328,28.6450424550001,0 77.1050149330001,28.643363219,0 77.1051227310001,28.6437889430001,0 77.105059849,28.645003036,0 77.1052395120001,28.644995153,0 77.1052395120001,28.645349917,0 77.1060030800001,28.6453104990001,0 77.1054371420001,28.646461506,0 77.1051047650001,28.6467847320001,0 77.1051766300001,28.652208468,0 77.1098478700001,28.65261839,0 77.109901769,28.6516014650001,0 77.109560409,28.6498198510001,0 77.1101263470001,28.6491182340001,0 77.1108360160001,28.6490394,0 77.1112672080001,28.6492286010001,0 77.1120846750001,28.648164342,0 77.1107012690001,28.647344462,0 77.110198213,28.6469739360001,0 77.1103329600001,28.6468004990001,0 77.1096682070001,28.6463747870001,0 77.110135331,28.6457677500001,0 77.109093285,28.645137059,0 77.1072427550001,28.6450109200001,0 77.1066229180001,28.6446876890001,0 77.1065241030001,28.644522131,0 77.107458351,28.642559068,0 77.1077547950001,28.6415893490001,0</coordinates></LinearRing></outerBoundaryIs></Polygon>
  </Placemark>
  <Placemark>
	<Style><LineStyle><color>ff0000ff</color></LineStyle><PolyStyle><fill>0</fill></PolyStyle></Style>
	<ExtendedData><SchemaData schemaUrl="#Final_zoning_delhi">
		<SimpleData name="tessellate">-1</SimpleData>
		<SimpleData name="extrude">0</SimpleData>
		<SimpleData name="visibility">-1</SimpleData>
		<SimpleData name="Ward_Name">LADOSARAI</SimpleData>
		<SimpleData name="Ward_No">169</SimpleData>
		<SimpleData name="internal">1</SimpleData>
		<SimpleData name="Zone_no">20</SimpleData>
		<SimpleData name="ycoord">3157183.630</SimpleData>
	</SchemaData></ExtendedData>
      <Polygon><outerBoundaryIs><LinearRing><coordinates>77.204287756,28.528086171,0 77.206093369,28.5278730740001,0 77.211869537,28.5283781910001,0 77.214851943,28.5293173850001,0 77.220682009,28.530666969,0 77.2218677860001,28.5269180820001,0 77.2165856920001,28.5256236990001,0 77.2159209380001,28.5257420880001,0 77.2164329780001,28.524116195,0 77.216549759,28.522616563,0 77.2153011010001,28.5179202100001,0 77.2143668530001,28.518022821,0 77.2143938020001,28.516759902,0 77.2147261790001,28.5160573960001,0 77.2080966120001,28.51765184,0 77.2085278040001,28.5192383670001,0 77.201215517,28.520872228,0 77.1995446510001,28.5216299520001,0 77.1970922500001,28.5224034560001,0 77.193831366,28.5238478420001,0 77.192034735,28.5244240120001,0 77.1911364200001,28.524431905,0 77.1900045420001,28.524037268,0 77.1884145240001,28.524345085,0 77.188154013,28.5246607930001,0 77.1866538260001,28.524573973,0 77.1867436580001,28.523934662,0 77.1852255050001,28.5238715200001,0 77.1851895730001,28.5241793370001,0 77.184731432,28.524171445,0 77.184704482,28.5245976520001,0 77.1841654930001,28.524629222,0 77.1832581950001,28.524037268,0 77.1826563230001,28.523413739,0 77.1822071660001,28.522632349,0 77.181210036,28.521874632,0 77.180392569,28.5214563070001,0 77.1789642480001,28.5211800540001,0 77.1786318710001,28.5203828620001,0 77.178497124,28.5194751600001,0 77.1776706740001,28.5193883360001,0 77.177553893,28.5189700010001,0 77.1768621900001,28.51886739,0 77.176844224,28.517778132,0 77.175793195,28.5177702390001,0 77.175146408,28.5154338200001,0 77.173691137,28.5129552650001,0 77.17352944,28.511542305,0 77.1735833390001,28.508976826,0 77.171157888,28.509995132,0 77.1706009320001,28.509158385,0 77.170340421,28.5092531120001,0 77.1699631280001,28.5089057810001,0 77.1694780380001,28.5073112050001,0 77.1656242660001,28.5082505870001,0 77.1634862750001,28.5110450020001,0 77.1636928880001,28.5112897070001,0 77.1659386760001,28.5126000540001,0 77.164429506,28.514320846,0 77.160467936,28.517478189,0 77.159758267,28.518401694,0 77.1638545850001,28.520659117,0 77.165812912,28.520990623,0 77.1675107280001,28.5217404530001,0 77.168049717,28.522206134,0 77.169163628,28.522190348,0 77.1705380500001,28.5225849920001,0 77.1715441630001,28.522561313,0 77.1722628160001,28.5228138850001,0 77.1726401080001,28.5231532760001,0 77.1729096030001,28.5231374910001,0 77.1729096030001,28.5233900600001,0 77.173322828,28.5233032400001,0 77.1735833390001,28.524053053,0 77.1739067330001,28.5240056970001,0 77.1741941930001,28.5242819430001,0 77.174472671,28.525221174,0 77.175766245,28.525134354,0 77.1760087900001,28.525465846,0 77.177050836,28.5259946520001,0 77.1773293140001,28.52632614,0 77.1774011790001,28.527659978,0 77.1769969370001,28.528086171,0 77.1768532070001,28.5290253680001,0 77.176430999,28.5294594470001,0 77.1759459080001,28.529546263,0 77.1735114740001,28.529380524,0 77.172101119,28.5294436630001,0 77.1716789110001,28.529262139,0 77.170888393,28.530161864,0 77.1728736700001,28.5361756180001,0 77.1764489650001,28.5418654810001,0 77.1774101620001,28.5358441600001,0 77.179988327,28.534983943,0 77.180599181,28.535015511,0 77.1854500840001,28.5325137400001,0 77.185369236,28.5320717810001,0 77.184704482,28.530998443,0 77.1849110950001,28.5305801540001,0 77.184803297,28.5299329870001,0 77.1849200780001,28.529719894,0 77.1843810890001,28.528993798,0 77.184902112,28.5285597160001,0 77.186528062,28.5283939760001,0 77.1886750360001,28.5270917180001,0 77.1902021720001,28.528646533,0 77.1939930620001,28.531077365,0 77.1948374790001,28.531819232,0 77.1953674850001,28.531574574,0 77.197963616,28.5309668740001,0 77.2029582490001,28.528567609,0 77.204287756,28.528086171,0</coordinates></LinearRing></outerBoundaryIs></Polygon>
  </Placemark>
  <Placemark>
	<Style><LineStyle><color>ff0000ff</color></LineStyle><PolyStyle><fill>0</fill></PolyStyle></Style>
	<ExtendedData><SchemaData schemaUrl="#Final_zoning_delhi">
		<SimpleData name="tessellate">-1</SimpleData>
		<SimpleData name="extrude">0</SimpleData>
		<SimpleData name="visibility">-1</SimpleData>
		<SimpleData name="Ward_Name">NARELA</SimpleData>
		<SimpleData name="Ward_No">1</SimpleData>
		<SimpleData name="internal">0</SimpleData>
		<SimpleData name="Zone_no">28</SimpleData>
		<SimpleData name="ycoord">3192775.798</SimpleData>
	</SchemaData></ExtendedData>
      <Polygon><outerBoundaryIs><LinearRing><coordinates>77.0967504330001,28.8708076720001,0 77.0968941630001,28.870917805,0 77.0974511190001,28.8707526060001,0 77.099678941,28.870587406,0 77.1021942230001,28.870201939,0 77.1021942230001,28.8704458060001,0 77.1032452520001,28.8705480730001,0 77.1058503670001,28.869887271,0 77.107368519,28.869690603,0 77.1090034530001,28.8697378030001,0 77.109793971,28.870013138,0 77.1099916,28.86972207,0 77.1101622800001,28.8697142030001,0 77.11047669,28.868746591,0 77.1110965280001,28.8687151240001,0 77.1109617810001,28.8682273810001,0 77.111087545,28.867959909,0 77.1118061970001,28.8673148240001,0 77.1121834890001,28.8672204210001,0 77.1121206070001,28.86650453,0 77.1124529840001,28.866480929,0 77.1124529840001,28.8663707910001,0 77.113117737,28.866362924,0 77.113117737,28.8658673030001,0 77.1137824910001,28.8658594360001,0 77.1138094400001,28.8657178300001,0 77.1141508,28.865631292,0 77.1139891030001,28.8652064720001,0 77.115624037,28.864702978,0 77.115525222,28.863994936,0 77.1166481160001,28.8632003500001,0 77.116666083,28.8626811130001,0 77.1178608420001,28.862106801,0 77.1195945910001,28.860564799,0 77.1196305230001,28.860313041,0 77.1199000180001,28.860313041,0 77.1199090010001,28.8599668730001,0 77.120870198,28.859951138,0 77.120897148,28.858267487,0 77.1214630860001,28.8580550620001,0 77.1239334530001,28.857614475,0 77.124292779,28.857724622,0 77.1242388810001,28.8580078570001,0 77.1245622740001,28.8587080720001,0 77.124625156,28.859187992,0 77.1247688870001,28.8591958590001,0 77.124858718,28.8595656320001,0 77.1250832970001,28.859557764,0 77.12509228,28.859896066,0 77.125370758,28.860336643,0 77.126763146,28.860462522,0 77.1280926530001,28.8611312510001,0 77.130203694,28.861941588,0 77.130545054,28.8621225360001,0 77.130616919,28.8624922980001,0 77.1320901560001,28.8632947570001,0 77.132305752,28.8633419600001,0 77.132341684,28.8629564660001,0 77.1357462990001,28.862547369,0 77.139105998,28.8619730570001,0 77.1398066840001,28.8622090760001,0 77.140094145,28.8619809240001,0 77.1401300780001,28.8612964660001,0 77.1404714380001,28.8603759810001,0 77.141001444,28.8596443070001,0 77.141145174,28.858416972,0 77.1423848490001,28.858180944,0 77.142052473,28.8570322680001,0 77.1421692540001,28.8562533640001,0 77.143408929,28.854931575,0 77.1444779240001,28.8547112750001,0 77.145133694,28.8541998630001,0 77.1454930200001,28.8531691630001,0 77.145304374,28.852988199,0 77.1446755530001,28.8513437760001,0 77.1421962030001,28.847472591,0 77.1417290790001,28.8462293750001,0 77.1415314500001,28.8426806200001,0 77.1422770510001,28.8416498060001,0 77.1423399340001,28.8404694720001,0 77.1422051860001,28.8394150290001,0 77.1407409320001,28.838439266,0 77.139689903,28.837345457,0 77.1386568410001,28.8359683420001,0 77.1351264620001,28.8347249890001,0 77.1336711910001,28.834347258,0 77.132647112,28.8342606950001,0 77.12956589,28.834772205,0 77.128820288,28.835228627,0 77.126107376,28.8355591390001,0 77.1214630860001,28.8363460670001,0 77.1215169850001,28.8375343170001,0 77.1180764380001,28.8376444850001,0 77.1180405050001,28.8361257280001,0 77.115309627,28.8359919500001,0 77.1152557280001,28.834945331,0 77.1159833630001,28.834929592,0 77.115956414,28.833591793,0 77.1174027010001,28.833576054,0 77.1173218530001,28.8327104100001,0 77.123475313,28.832663193,0 77.1233854810001,28.8301606530001,0 77.120798333,28.8288464010001,0 77.118327966,28.8273511250001,0 77.1160821780001,28.8251947420001,0 77.1009725150001,28.820771656,0 77.103433899,28.8158289100001,0 77.1044579780001,28.814262609,0 77.104314248,28.814160287,0 77.0991848670001,28.815584915,0 77.0978014620001,28.815640011,0 77.097073826,28.815411757,0 77.0926990310001,28.827115027,0 77.0955646570001,28.827366865,0 77.0951963470001,28.8276895320001,0 77.094702274,28.828657526,0 77.0942621,28.8307902280001,0 77.0930673400001,28.833607532,0 77.08990527,28.8427986520001,0 77.0873360890001,28.849636381,0 77.0876864320001,28.850682852,0 77.08577302,28.8511234690001,0 77.08560234,28.853326522,0 77.0829433270001,28.8531691630001,0 77.08144314,28.8571188130001,0 77.0884679660001,28.857071607,0 77.0875786340001,28.8592430640001,0 77.0898693380001,28.859337474,0 77.0910551140001,28.8592430640001,0 77.0910551140001,28.8606041360001,0 77.0922408900001,28.8605805340001,0 77.0922498730001,28.8608558930001,0 77.0935973460001,28.8608086890001,0 77.0935075150001,28.8603445110001,0 77.094540577,28.859951138,0 77.0958341510001,28.8617134350001,0 77.096939079,28.860973904,0 77.097576883,28.859974741,0 77.097783495,28.859290269,0 77.097783495,28.857527931,0 77.111527719,28.857346975,0 77.111662467,28.8627519180001,0 77.1062366420001,28.862806989,0 77.1062186760001,28.864451231,0 77.1020325270001,28.8644354960001,0 77.1019965940001,28.8640264050001,0 77.10036166,28.8632239520001,0 77.0992118170001,28.865088466,0 77.0982326530001,28.8651356680001,0 77.0971277250001,28.864750181,0 77.096768399,28.8642466850001,0 77.0952861790001,28.8634127650001,0 77.0934087,28.8630508730001,0 77.0911090130001,28.8630666080001,0 77.0911988440001,28.8673777590001,0 77.089087803,28.867385626,0 77.089150686,28.8690297960001,0 77.0875157520001,28.869053396,0 77.0877852460001,28.869596202,0 77.0878571120001,28.873946415,0 77.0879918590001,28.873977881,0 77.0879918590001,28.8744891960001,0 77.0878571120001,28.8745206610001,0 77.0879199940001,28.875370225,0 77.0920881770001,28.8725225860001,0 77.0946483750001,28.8713190030001,0 77.0967504330001,28.8708076720001,0</coordinates></LinearRing></outerBoundaryIs></Polygon>
  </Placemark>
  <Placemark>
	<Style><LineStyle><color>ff0000ff</color></LineStyle><PolyStyle><fill>0</fill></PolyStyle></Style>
	<ExtendedData><SchemaData schemaUrl="#Final_zoning_delhi">
		<SimpleData name="tessellate">-1</SimpleData>
		<SimpleData name="extrude">0</SimpleData>
		<SimpleData name="visibility">-1</SimpleData>
		<SimpleData name="Ward_Name">BHALASWA JAHAGIR PUR</SimpleData>
		<SimpleData name="Ward_No">5</SimpleData>
		<SimpleData name="internal">0</SimpleData>
		<SimpleData name="Zone_no">33</SimpleData>
		<SimpleData name="ycoord">3184339.460</SimpleData>
	</SchemaData></ExtendedData>
      <Polygon><outerBoundaryIs><LinearRing><coordinates>77.1749667450001,28.779089406,0 77.1757123460001,28.778262678,0 77.1732329960001,28.776176143,0 77.173053333,28.7757430830001,0 77.1738887660001,28.774483263,0 77.1733497770001,28.773924213,0 77.1736552040001,28.773191931,0 77.173152148,28.7728533480001,0 77.1715800960001,28.7726564970001,0 77.171400433,28.770766705,0 77.17190349,28.7700973950001,0 77.1720292540001,28.769672185,0 77.1713555170001,28.7677035950001,0 77.1716609440001,28.7670893870001,0 77.1716160290001,28.7669082740001,0 77.1726940070001,28.7661759430001,0 77.174436739,28.7657664660001,0 77.1750026770001,28.7639552960001,0 77.175191323,28.7626874590001,0 77.174346907,28.760639987,0 77.1745984350001,28.759789487,0 77.175119458,28.7592224840001,0 77.1763860830001,28.758686977,0 77.1763501500001,28.7557101410001,0 77.1770328700001,28.755725892,0 77.1768891390001,28.7495278160001,0 77.1776347410001,28.749504189,0 77.181039356,28.7509375760001,0 77.1822880140001,28.750693429,0 77.1822880140001,28.749598699,0 77.1833929420001,28.7482834320001,0 77.1821083510001,28.747456459,0 77.1823778460001,28.7467712480001,0 77.1819466540001,28.746653108,0 77.1819286880001,28.745589839,0 77.181344783,28.7454244410001,0 77.1811202040001,28.7455583350001,0 77.1803386700001,28.7453535560001,0 77.1775988080001,28.745392936,0 77.1774730440001,28.7456922280001,0 77.1760806560001,28.7449676250001,0 77.17518234,28.7446683310001,0 77.17535302,28.7430221980001,0 77.176062689,28.7405411350001,0 77.177823387,28.7382805600001,0 77.1809854570001,28.735988428,0 77.1832492120001,28.734688744,0 77.1834558240001,28.7335859680001,0 77.1831503970001,28.732183852,0 77.180536299,28.7329558060001,0 77.1801140910001,28.732073572,0 77.179350523,28.7310810500001,0 77.1728646870001,28.727205397,0 77.169729567,28.7314197690001,0 77.1692714260001,28.7311519450001,0 77.16740293,28.7336647390001,0 77.1690109140001,28.7345784670001,0 77.1692175270001,28.734263389,0 77.1721640010001,28.7359805510001,0 77.173394693,28.7369809040001,0 77.1692085440001,28.7383199430001,0 77.1699182130001,28.7393517790001,0 77.1721909500001,28.741163375,0 77.1729365520001,28.742329081,0 77.169028881,28.7441878830001,0 77.169666684,28.7449755010001,0 77.1686066720001,28.7456370960001,0 77.1686066720001,28.74706266,0 77.167941919,28.7470784120001,0 77.167941919,28.7477321170001,0 77.1699631280001,28.750150003,0 77.169972112,28.752315814,0 77.1691726110001,28.752355192,0 77.1691995610001,28.7540011780001,0 77.1694061730001,28.7539933030001,0 77.169433122,28.754623339,0 77.1691097290001,28.7562456630001,0 77.168444976,28.7561905360001,0 77.168453959,28.758041216,0 77.168831251,28.7580097150001,0 77.168849218,28.758403473,0 77.1695499030001,28.7585531,0 77.1695588870001,28.759639862,0 77.168992948,28.759639862,0 77.1689749820001,28.760403738,0 77.1662081710001,28.7606242370001,0 77.165166125,28.761167609,0 77.157350782,28.763254444,0 77.1565872140001,28.7628134560001,0 77.155823646,28.7625693370001,0 77.1547995670001,28.7644671520001,0 77.1541976950001,28.7642860340001,0 77.1538832850001,28.7647427650001,0 77.152544795,28.7656798450001,0 77.1510805410001,28.766427928,0 77.149706119,28.766420054,0 77.149706119,28.7661208210001,0 77.14831373,28.7654672310001,0 77.1477837240001,28.7632150700001,0 77.1459691270001,28.7631599470001,0 77.1448821660001,28.766506674,0 77.142151287,28.766538172,0 77.140291775,28.7677665900001,0 77.1402199090001,28.7676720970001,0 77.1383154810001,28.7679477020001,0 77.1373722500001,28.769034366,0 77.135386973,28.7684280400001,0 77.1351713780001,28.7685934020001,0 77.1353690070001,28.768672146,0 77.1350276470001,28.769892665,0 77.1357013840001,28.7708690690001,0 77.135449855,28.771373017,0 77.1363571540001,28.7727352370001,0 77.136402069,28.7731289390001,0 77.136635631,28.773294294,0 77.136195457,28.7741761790001,0 77.133859837,28.7734202780001,0 77.1331681340001,28.7734360260001,0 77.1328267750001,28.7736250020001,0 77.1325662630001,28.773475396,0 77.1317398130001,28.7723100370001,0 77.1305001380001,28.7713178980001,0 77.130374374,28.77189271,0 77.1296197890001,28.772357282,0 77.12959284,28.7727746080001,0 77.1303294580001,28.7741840530001,0 77.129727587,28.7749556970001,0 77.129700637,28.775506868,0 77.1308325150001,28.776601327,0 77.13173083,28.7764044830001,0 77.132377617,28.7771997310001,0 77.132817791,28.7770816250001,0 77.13324,28.7773965740001,0 77.1352073100001,28.777617037,0 77.13554867,28.7773099630001,0 77.136366137,28.777294216,0 77.136438002,28.777798132,0 77.1369320760001,28.7783414140001,0 77.137453098,28.77842015,0 77.1380729360001,28.7787902100001,0 77.1384861610001,28.7785303810001,0 77.138764639,28.7780894570001,0 77.1402019430001,28.7786248640001,0 77.141648231,28.779420096,0 77.1442353790001,28.779798026,0 77.144963014,28.7801365870001,0 77.1479274550001,28.780018484,0 77.1481161010001,28.7816876540001,0 77.149364759,28.7816482870001,0 77.1494096750001,28.7839709090001,0 77.1493108600001,28.7858604620001,0 77.148385595,28.7881908630001,0 77.1480622020001,28.788198736,0 77.1480891510001,28.789017513,0 77.1494905230001,28.7889781490001,0 77.1495084890001,28.7903401390001,0 77.1501642600001,28.790324394,0 77.1501642600001,28.7904346120001,0 77.151906991,28.7903322670001,0 77.151906991,28.7908833560001,0 77.1537844700001,28.7911589,0 77.153793453,28.7913557160001,0 77.1546288870001,28.791599768,0 77.1557158480001,28.791670622,0 77.155724831,28.7919146730001,0 77.1569016240001,28.79187531,0 77.1572250180001,28.7927019300001,0 77.157755024,28.7926074600001,0 77.157755024,28.7928121460001,0 77.1583568950001,28.7928042730001,0 77.158365878,28.79310343,0 77.158608423,28.7931979,0 77.159479789,28.7931979,0 77.1596594520001,28.7928278910001,0 77.1600816600001,28.7929617240001,0 77.1605487840001,28.794111107,0 77.1610967570001,28.794126852,0 77.162048971,28.7946779210001,0 77.162453213,28.7955989880001,0 77.1626418590001,28.795732817,0 77.162695758,28.796740469,0 77.1647349340001,28.796677491,0 77.164690018,28.795551754,0 77.1658218950001,28.7952604770001,0 77.165812912,28.7937411020001,0 77.1669447890001,28.793898551,0 77.1697834650001,28.793914296,0 77.1711129720001,28.794292173,0 77.171768742,28.793796209,0 77.172343664,28.793079812,0 77.1728377370001,28.791851692,0 77.17338571,28.7911667720001,0 77.1730982490001,28.790395248,0 77.1729006190001,28.790363757,0 77.1725682430001,28.786222622,0 77.1719304390001,28.7854825540001,0 77.1714812810001,28.7851833760001,0 77.1710141570001,28.784427554,0 77.1723526470001,28.7843330760001,0 77.1731162150001,28.7841205,0 77.1731970640001,28.783096979,0 77.1749667450001,28.779089406,0</coordinates></LinearRing></outerBoundaryIs></Polygon>
  </Placemark>
  <Placemark>
	<Style><LineStyle><color>ff0000ff</color></LineStyle><PolyStyle><fill>0</fill></PolyStyle></Style>
	<ExtendedData><SchemaData schemaUrl="#Final_zoning_delhi">
		<SimpleData name="tessellate">-1</SimpleData>
		<SimpleData name="extrude">0</SimpleData>
		<SimpleData name="visibility">-1</SimpleData>
		<SimpleData name="Ward_Name">BURARI</SimpleData>
		<SimpleData name="Ward_No">7</SimpleData>
		<SimpleData name="internal">0</SimpleData>
		<SimpleData name="Zone_no">32</SimpleData>
		<SimpleData name="ycoord">3184434.781</SimpleData>
	</SchemaData></ExtendedData>
      <Polygon><outerBoundaryIs><LinearRing><coordinates>77.216855186,28.786025796,0 77.2181936760001,28.7854983,0 77.219990307,28.786025796,0 77.220538279,28.785868335,0 77.22846142,28.786584781,0 77.2290902400001,28.7861832570001,0 77.2295573640001,28.786285606,0 77.232557737,28.7846401300001,0 77.231398911,28.783514262,0 77.2317851860001,28.7832150780001,0 77.231371961,28.782774175,0 77.231327046,28.7822387890001,0 77.2310845,28.7820419550001,0 77.230554494,28.7824120020001,0 77.2275271720001,28.7807585910001,0 77.2273654750001,28.7805223870001,0 77.226503092,28.780010611,0 77.2254879960001,28.779577567,0 77.224697479,28.7789319350001,0 77.224427984,28.7785461280001,0 77.2243740850001,28.778168194,0 77.2259641030001,28.775498994,0 77.22615275,28.770002904,0 77.224931041,28.7694359560001,0 77.2236644160001,28.769341464,0 77.222433724,28.7694517050001,0 77.2220833810001,28.7697509280001,0 77.2211401500001,28.769845419,0 77.2203226830001,28.7691446060001,0 77.219523183,28.76880601,0 77.219559115,28.768128813,0 77.2203226830001,28.765530228,0 77.2208347230001,28.762270093,0 77.2214455770001,28.7621125960001,0 77.221418628,28.7619157240001,0 77.2226493200001,28.7595217360001,0 77.2233679720001,28.758789354,0 77.2234937360001,28.756592175,0 77.2234039050001,28.7518984070001,0 77.2149058420001,28.75239457,0 77.2137829480001,28.751055711,0 77.2131361610001,28.7497483390001,0 77.2128487,28.74880324,0 77.212785818,28.7471099160001,0 77.2132709080001,28.7462908100001,0 77.2133427740001,28.7451251480001,0 77.2131451440001,28.74462895,0 77.2128756500001,28.7445974450001,0 77.212219879,28.745085767,0 77.211573092,28.7450463870001,0 77.2105040970001,28.7461254130001,0 77.209435102,28.745463821,0 77.2090757760001,28.745392936,0 77.206731173,28.7454795740001,0 77.2062730320001,28.745266918,0 77.204799795,28.745314175,0 77.2019970520001,28.7449991300001,0 77.2019341690001,28.745361432,0 77.2002094040001,28.745392936,0 77.200299236,28.7510005820001,0 77.200874157,28.7510005820001,0 77.2009639890001,28.7523315660001,0 77.2023204450001,28.7521740540001,0 77.2023024790001,28.752685967,0 77.201691624,28.753851544,0 77.2017095910001,28.7547729710001,0 77.1996614320001,28.7547887220001,0 77.198843965,28.7550092330001,0 77.1963556320001,28.7570883160001,0 77.19478358,28.758182968,0 77.1944332370001,28.7573088230001,0 77.1930049160001,28.7553715010001,0 77.190040475,28.7536625330001,0 77.1899506440001,28.753851544,0 77.1886750360001,28.7538830460001,0 77.188728935,28.756497672,0 77.1879024850001,28.7565685500001,0 77.1865100960001,28.7564504200001,0 77.1866089110001,28.756064531,0 77.1846056680001,28.756135409,0 77.184596684,28.755536883,0 77.181075289,28.7555762600001,0 77.1811561370001,28.757852212,0 77.1860429720001,28.7583404710001,0 77.1856387300001,28.759844613,0 77.1870221360001,28.759844613,0 77.1871479,28.761655853,0 77.188791817,28.760986485,0 77.1889085980001,28.7633568160001,0 77.189537419,28.76339619,0 77.1895553850001,28.764230911,0 77.1860429720001,28.7643096580001,0 77.1847583810001,28.7641679130001,0 77.184704482,28.7644435280001,0 77.1829258180001,28.7643175330001,0 77.183518706,28.7631993210001,0 77.1820005530001,28.7632150700001,0 77.1820005530001,28.76101011,0 77.1778144040001,28.76107311,0 77.177796438,28.7599863630001,0 77.17985358,28.759931238,0 77.1798715460001,28.759427235,0 77.17965595,28.7593957350001,0 77.179620018,28.7581987190001,0 77.1770867690001,28.7583798470001,0 77.175487767,28.758994106,0 77.174643351,28.759710737,0 77.1743648730001,28.7607581120001,0 77.175191323,28.7626717090001,0 77.175191323,28.7633095670001,0 77.1750745420001,28.7633331920001,0 77.174436739,28.7657664660001,0 77.1726940070001,28.7661759430001,0 77.1716160290001,28.7669082740001,0 77.1713465340001,28.7678768320001,0 77.1720292540001,28.7697509280001,0 77.17139145,28.7708454470001,0 77.1715800960001,28.7726564970001,0 77.173152148,28.7728533480001,0 77.1736552040001,28.773191931,0 77.1733497770001,28.773924213,0 77.1738887660001,28.774483263,0 77.173053333,28.7757430830001,0 77.1732329960001,28.776176143,0 77.1757123460001,28.778262678,0 77.1749667450001,28.779089406,0 77.17999731,28.778971303,0 77.1819107220001,28.7784358980001,0 77.1829797170001,28.7800893460001,0 77.1843721060001,28.7800814720001,0 77.184426005,28.7811050220001,0 77.1842104090001,28.781112896,0 77.1841295610001,28.7817270210001,0 77.185539916,28.7829237670001,0 77.187129934,28.7838291910001,0 77.1871838320001,28.7843409490001,0 77.1873814620001,28.7843803150001,0 77.1879384170001,28.78491569,0 77.188693002,28.786167511,0 77.1889894460001,28.7863013520001,0 77.189564368,28.7871673820001,0 77.1893128400001,28.7875846490001,0 77.1910376050001,28.788198736,0 77.1924030440001,28.7898205380001,0 77.193364242,28.790536957,0 77.1941457760001,28.7898677750001,0 77.1945590010001,28.789277316,0 77.1944512030001,28.7878680740001,0 77.194684765,28.7862462410001,0 77.19860142,28.783199332,0 77.1993739710001,28.7824277490001,0 77.1998770270001,28.782884401,0 77.1991314260001,28.7844039350001,0 77.2016107760001,28.785214868,0 77.2051231890001,28.7869941770001,0 77.208249326,28.788088515,0 77.2122737780001,28.7901590660001,0 77.213297858,28.788938785,0 77.2152472020001,28.7871673820001,0 77.216855186,28.786025796,0</coordinates></LinearRing></outerBoundaryIs></Polygon>
  </Placemark>
  <Placemark>
	<Style><LineStyle><color>ff0000ff</color></LineStyle><PolyStyle><fill>0</fill></PolyStyle></Style>
	<ExtendedData><SchemaData schemaUrl="#Final_zoning_delhi">
		<SimpleData name="tessellate">-1</SimpleData>
		<SimpleData name="extrude">0</SimpleData>
		<SimpleData name="visibility">-1</SimpleData>
		<SimpleData name="Ward_Name">PATPARGANJ</SimpleData>
		<SimpleData name="Ward_No">220</SimpleData>
		<SimpleData name="internal">0</SimpleData>
		<SimpleData name="Zone_no">229</SimpleData>
		<SimpleData name="ycoord">3166845.325</SimpleData>
	</SchemaData></ExtendedData>
      <Polygon><outerBoundaryIs><LinearRing><coordinates>77.2948648860001,28.618376487,0 77.2903373770001,28.61735923,0 77.2905080560001,28.6163656200001,0 77.2909572140001,28.6153246860001,0 77.292331636,28.6150723370001,0 77.293104188,28.614039276,0 77.2938318230001,28.612257024,0 77.2953499760001,28.611452635,0 77.296580668,28.6099542470001,0 77.2951882790001,28.6095047270001,0 77.2950535320001,28.609299682,0 77.2965627010001,28.605175036,0 77.297065758,28.6042207450001,0 77.295197262,28.603053501,0 77.2949547170001,28.603021954,0 77.2933646990001,28.6013420460001,0 77.2942989470001,28.599914498,0 77.2943079300001,28.599662111,0 77.2913973890001,28.5985027040001,0 77.2864836040001,28.6083769740001,0 77.283016107,28.6135266840001,0 77.2849654510001,28.61549029,0 77.2866902170001,28.6167283680001,0 77.2882712510001,28.617509059,0 77.2943797950001,28.619606645,0 77.2948648860001,28.618376487,0</coordinates></LinearRing></outerBoundaryIs></Polygon>
  </Placemark>
  <Placemark>
	<Style><LineStyle><color>ff0000ff</color></LineStyle><PolyStyle><fill>0</fill></PolyStyle></Style>
	<ExtendedData><SchemaData schemaUrl="#Final_zoning_delhi">
		<SimpleData name="tessellate">-1</SimpleData>
		<SimpleData name="extrude">0</SimpleData>
		<SimpleData name="visibility">-1</SimpleData>
		<SimpleData name="Ward_Name">PANDAV NAGAR</SimpleData>
		<SimpleData name="Ward_No">224</SimpleData>
		<SimpleData name="internal">0</SimpleData>
		<SimpleData name="Zone_no">210</SimpleData>
		<SimpleData name="ycoord">3168154.169</SimpleData>
	</SchemaData></ExtendedData>
      <Polygon><outerBoundaryIs><LinearRing><coordinates>77.2853247770001,28.6205529110001,0 77.2875615820001,28.6171699710001,0 77.2866902170001,28.6167283680001,0 77.2845252770001,28.6150959940001,0 77.280743369,28.6109715760001,0 77.277805878,28.6155691490001,0 77.277527401,28.6153956590001,0 77.276754849,28.6163577340001,0 77.276781799,28.616744139,0 77.2764045070001,28.6167835680001,0 77.2761529780001,28.617753517,0 77.2750480500001,28.6170832280001,0 77.274176685,28.6192202510001,0 77.273440066,28.6188023120001,0 77.2733232850001,28.620190177,0 77.2728381950001,28.62109701,0 77.272011745,28.6233443450001,0 77.2717692,28.6246138710001,0 77.2712212270001,28.6254733550001,0 77.270466642,28.625402389,0 77.269505445,28.6263249470001,0 77.2692269670001,28.6268453610001,0 77.2692179840001,28.6277363670001,0 77.269442563,28.6277442520001,0 77.2694245970001,28.628099075,0 77.272999892,28.62810696,0 77.2740958360001,28.628390817,0 77.2750031350001,28.628848142,0 77.277500451,28.6305591490001,0 77.2786323280001,28.629447392,0 77.2790635200001,28.6298337480001,0 77.2796474250001,28.629210846,0 77.2789647050001,28.6283277380001,0 77.278542497,28.6280202250001,0 77.2840491700001,28.6226031240001,0 77.2853247770001,28.6205529110001,0</coordinates></LinearRing></outerBoundaryIs></Polygon>
  </Placemark>
  <Placemark>
	<Style><LineStyle><color>ff0000ff</color></LineStyle><PolyStyle><fill>0</fill></PolyStyle></Style>
	<ExtendedData><SchemaData schemaUrl="#Final_zoning_delhi">
		<SimpleData name="tessellate">-1</SimpleData>
		<SimpleData name="extrude">0</SimpleData>
		<SimpleData name="visibility">-1</SimpleData>
		<SimpleData name="Ward_Name">KISHAN KUNJ</SimpleData>
		<SimpleData name="Ward_No">221</SimpleData>
		<SimpleData name="internal">0</SimpleData>
		<SimpleData name="Zone_no">193</SimpleData>
		<SimpleData name="ycoord">3169744.685</SimpleData>
	</SchemaData></ExtendedData>
      <Polygon><outerBoundaryIs><LinearRing><coordinates>77.277195024,28.643118821,0 77.2772219730001,28.6404304050001,0 77.2757577200001,28.6404855930001,0 77.2756409390001,28.6379705620001,0 77.2761170460001,28.637939025,0 77.2760541640001,28.6364410150001,0 77.2733951500001,28.6365040900001,0 77.273341251,28.634856255,0 77.27424855,28.6348404870001,0 77.2742754990001,28.634225499,0 77.274859404,28.6342097300001,0 77.2748414380001,28.631923204,0 77.275057034,28.631852242,0 77.2755151740001,28.6319626270001,0 77.2754612750001,28.632151858,0 77.276647052,28.632577628,0 77.2766111190001,28.6327589740001,0 77.2771411250001,28.63264859,0 77.2772219730001,28.632514551,0 77.2773836700001,28.6326012820001,0 77.2772489230001,28.6331058960001,0 77.2777250300001,28.6330901270001,0 77.2777879120001,28.632932435,0 77.2784885980001,28.633247818,0 77.2794048800001,28.63178128,0 77.2750031350001,28.628848142,0 77.273305319,28.628146384,0 77.266028965,28.628130614,0 77.2679603430001,28.6291398820001,0 77.2671608420001,28.6313397370001,0 77.2682028880001,28.6317497410001,0 77.267681865,28.633003396,0 77.268014242,28.633050704,0 77.2680411910001,28.6342649210001,0 77.2683466180001,28.6342176140001,0 77.2678345790001,28.63552643,0 77.2679333930001,28.63789172,0 77.2676369490001,28.637860183,0 77.2674303370001,28.639791797,0 77.266972196,28.639791797,0 77.267008129,28.642220062,0 77.2666937180001,28.6422042940001,0 77.266630836,28.6431897750001,0 77.270592407,28.6435603140001,0 77.270960716,28.6430084470001,0 77.2714278400001,28.6427088620001,0 77.277195024,28.643118821,0</coordinates></LinearRing></outerBoundaryIs></Polygon>
  </Placemark>
  <Placemark>
	<Style><LineStyle><color>ff0000ff</color></LineStyle><PolyStyle><fill>0</fill></PolyStyle></Style>
	<ExtendedData><SchemaData schemaUrl="#Final_zoning_delhi">
		<SimpleData name="tessellate">-1</SimpleData>
		<SimpleData name="extrude">0</SimpleData>
		<SimpleData name="visibility">-1</SimpleData>
		<SimpleData name="Ward_Name">DHARAMPURA</SimpleData>
		<SimpleData name="Ward_No">233</SimpleData>
		<SimpleData name="internal">0</SimpleData>
		<SimpleData name="Zone_no">137</SimpleData>
		<SimpleData name="ycoord">3173339.957</SimpleData>
	</SchemaData></ExtendedData>
      <Polygon><outerBoundaryIs><LinearRing><coordinates>77.2620853610001,28.6706927870001,0 77.2625255350001,28.6703223440001,0 77.2630914740001,28.670093772,0 77.2626962150001,28.668801151,0 77.267008129,28.6696051,0 77.2670889770001,28.66838341,0 77.2669452470001,28.6676109790001,0 77.2671338930001,28.667579452,0 77.2670799940001,28.667067122,0 77.2670260950001,28.666862189,0 77.266666769,28.666972538,0 77.2660469310001,28.665553764,0 77.267008129,28.665404003,0 77.2681669550001,28.666263153,0 77.2687239110001,28.66546706,0 77.269343748,28.6635753300001,0 77.266639819,28.663480743,0 77.266397274,28.661549565,0 77.266091847,28.661029323,0 77.2680411910001,28.6602095430001,0 77.268364585,28.6597208250001,0 77.2679693260001,28.6593109310001,0 77.2642503010001,28.6609268510001,0 77.264645559,28.66159686,0 77.2646904750001,28.6637487400001,0 77.2649599700001,28.6637645050001,0 77.2653911610001,28.6649389560001,0 77.2650228520001,28.664931074,0 77.2650677680001,28.665080835,0 77.2648252230001,28.665151774,0 77.264906071,28.6654907070001,0 77.2646545430001,28.665553764,0 77.2637023280001,28.6653251820001,0 77.2635136820001,28.665648349,0 77.2630914740001,28.665498589,0 77.2631363900001,28.665411885,0 77.260513309,28.6653961210001,0 77.2607917870001,28.6664680870001,0 77.260540259,28.6664050300001,0 77.2601809320001,28.667500632,0 77.258240571,28.666862189,0 77.257962094,28.667366638,0 77.2528776290001,28.6653251820001,0 77.252617118,28.666286799,0 77.252895596,28.6672168800001,0 77.252617118,28.6675558060001,0 77.252859663,28.6680917790001,0 77.251880499,28.668391292,0 77.250721673,28.6691400720001,0 77.247918929,28.672458282,0 77.248763345,28.6737981480001,0 77.260028219,28.671938095,0 77.26131281,28.671402141,0 77.2620853610001,28.6706927870001,0</coordinates></LinearRing></outerBoundaryIs></Polygon>
  </Placemark>
  <Placemark>
	<Style><LineStyle><color>ff0000ff</color></LineStyle><PolyStyle><fill>0</fill></PolyStyle></Style>
	<ExtendedData><SchemaData schemaUrl="#Final_zoning_delhi">
		<SimpleData name="tessellate">-1</SimpleData>
		<SimpleData name="extrude">0</SimpleData>
		<SimpleData name="visibility">-1</SimpleData>
		<SimpleData name="Ward_Name">NEW USMANPUR</SimpleData>
		<SimpleData name="Ward_No">251</SimpleData>
		<SimpleData name="internal">0</SimpleData>
		<SimpleData name="Zone_no">119</SimpleData>
		<SimpleData name="ycoord">3174465.743</SimpleData>
	</SchemaData></ExtendedData>
      <Polygon><outerBoundaryIs><LinearRing><coordinates>77.2688137420001,28.684705589,0 77.265885235,28.6767851970001,0 77.2650947170001,28.676824604,0 77.2645557280001,28.6758473200001,0 77.2637382610001,28.674948842,0 77.261995529,28.6716464730001,0 77.2620853610001,28.6706927870001,0 77.26131281,28.671402141,0 77.260028219,28.671938095,0 77.2480626590001,28.6739006070001,0 77.248359103,28.674405022,0 77.250865403,28.6766118090001,0 77.2510181170001,28.6777545910001,0 77.2507126890001,28.6778491650001,0 77.250865403,28.6784638980001,0 77.250389296,28.678653045,0 77.2508384540001,28.680505098,0 77.2503713300001,28.680576027,0 77.2505150600001,28.6814508140001,0 77.251305577,28.683964802,0 77.252123044,28.6843824810001,0 77.2548808720001,28.684122417,0 77.25533003,28.683925398,0 77.256381059,28.68426427,0 77.2568302160001,28.684216986,0 77.2572075090001,28.6846740670001,0 77.257656667,28.684406123,0 77.2582585380001,28.6837283790001,0 77.258375319,28.6838544720001,0 77.2586627800001,28.683799306,0 77.258815493,28.684027848,0 77.2597138090001,28.6835786450001,0 77.2616002710001,28.683287056,0 77.262336889,28.684027848,0 77.263181306,28.683294937,0 77.262884861,28.6829954660001,0 77.2631902890001,28.682766922,0 77.2633070700001,28.683074274,0 77.2642053850001,28.6825777820001,0 77.265624723,28.6821758580001,0 77.266118797,28.6834131480001,0 77.264906071,28.6837520220001,0 77.265040818,28.684122417,0 77.2637831770001,28.684500691,0 77.2640436880001,28.6852335940001,0 77.2653013300001,28.684847442,0 77.265651673,28.6857537160001,0 77.2663433750001,28.6855567,0 77.266361342,28.6853990880001,0 77.2688137420001,28.684705589,0</coordinates></LinearRing></outerBoundaryIs></Polygon>
  </Placemark>
  <Placemark>
	<Style><LineStyle><color>ff0000ff</color></LineStyle><PolyStyle><fill>0</fill></PolyStyle></Style>
	<ExtendedData><SchemaData schemaUrl="#Final_zoning_delhi">
		<SimpleData name="tessellate">-1</SimpleData>
		<SimpleData name="extrude">0</SimpleData>
		<SimpleData name="visibility">-1</SimpleData>
		<SimpleData name="Ward_Name">BHAJANPURA</SimpleData>
		<SimpleData name="Ward_No">253</SimpleData>
		<SimpleData name="internal">0</SimpleData>
		<SimpleData name="Zone_no">81</SimpleData>
		<SimpleData name="ycoord">3176578.391</SimpleData>
	</SchemaData></ExtendedData>
      <Polygon><outerBoundaryIs><LinearRing><coordinates>77.2622290910001,28.7035860190001,0 77.2612409450001,28.702522312,0 77.2608277190001,28.701758012,0 77.2589592240001,28.7001506010001,0 77.258438201,28.6991892950001,0 77.258510066,28.698897749,0 77.258950241,28.6986456010001,0 77.259354482,28.699134137,0 77.2596419430001,28.6993311270001,0 77.2597766910001,28.6992286930001,0 77.2603605960001,28.6996699490001,0 77.2615733210001,28.698771675,0 77.2615014560001,28.6986140820001,0 77.262336889,28.6981807010001,0 77.2621123100001,28.6979049120001,0 77.2622829900001,28.697810356,0 77.2623907880001,28.6979364310001,0 77.263890975,28.6965811150001,0 77.264672509,28.6972351360001,0 77.2653372620001,28.6963053220001,0 77.2644838630001,28.69532034,0 77.2642053850001,28.6947923860001,0 77.2635406320001,28.6949263450001,0 77.263316053,28.6938073900001,0 77.262911811,28.692909066,0 77.2614655230001,28.6933345890001,0 77.2611690790001,28.692719944,0 77.2605222920001,28.692893306,0 77.260809753,28.693476429,0 77.2603516120001,28.69372859,0 77.2604594100001,28.69395711,0 77.2600911010001,28.6941304700001,0 77.2596868590001,28.693468549,0 77.2599114380001,28.6933503490001,0 77.259228718,28.692105295,0 77.258375319,28.692522941,0 77.2583304030001,28.693058787,0 77.2570008960001,28.693240028,0 77.256273261,28.6936261500001,0 77.255267148,28.692885425,0 77.2545305290001,28.693027267,0 77.2541712030001,28.6903007290001,0 77.253605265,28.6902061660001,0 77.2524284720001,28.690403173,0 77.2517906680001,28.690765664,0 77.252527286,28.6926175030001,0 77.251907449,28.692877545,0 77.2523925390001,28.6947766260001,0 77.252015247,28.6948475450001,0 77.252895596,28.69674659,0 77.2525991510001,28.696864787,0 77.2531111910001,28.6978497540001,0 77.25319204,28.698771675,0 77.252311691,28.698897749,0 77.2539376410001,28.7031368990001,0 77.2544317150001,28.705153981,0 77.259327533,28.7037514830001,0 77.2622290910001,28.7035860190001,0</coordinates></LinearRing></outerBoundaryIs></Polygon>
  </Placemark>
  <Placemark>
	<Style><LineStyle><color>ff0000ff</color></LineStyle><PolyStyle><fill>0</fill></PolyStyle></Style>
	<ExtendedData><SchemaData schemaUrl="#Final_zoning_delhi">
		<SimpleData name="tessellate">-1</SimpleData>
		<SimpleData name="extrude">0</SimpleData>
		<SimpleData name="visibility">-1</SimpleData>
		<SimpleData name="Ward_Name">NEHRU VIHAR</SimpleData>
		<SimpleData name="Ward_No">267</SimpleData>
		<SimpleData name="internal">0</SimpleData>
		<SimpleData name="Zone_no">64</SimpleData>
		<SimpleData name="ycoord">3177786.149</SimpleData>
	</SchemaData></ExtendedData>
      <Polygon><outerBoundaryIs><LinearRing><coordinates>77.266118797,28.706115233,0 77.264124537,28.7057843110001,0 77.262031462,28.708801964,0 77.2621392600001,28.710188637,0 77.2620134960001,28.711543777,0 77.263522665,28.710842573,0 77.264438947,28.7097631820001,0 77.26558879,28.709195907,0 77.265148616,28.708754691,0 77.266028965,28.7077698260001,0 77.2653013300001,28.7071867820001,0 77.266118797,28.706115233,0</coordinates></LinearRing></outerBoundaryIs></Polygon>
  </Placemark>
  <Placemark>
	<Style><LineStyle><color>ff0000ff</color></LineStyle><PolyStyle><fill>0</fill></PolyStyle></Style>
	<ExtendedData><SchemaData schemaUrl="#Final_zoning_delhi">
		<SimpleData name="tessellate">-1</SimpleData>
		<SimpleData name="extrude">0</SimpleData>
		<SimpleData name="visibility">-1</SimpleData>
		<SimpleData name="Ward_Name">SAID UL AJAIB</SimpleData>
		<SimpleData name="Ward_No">177</SimpleData>
		<SimpleData name="internal">0</SimpleData>
		<SimpleData name="Zone_no">293</SimpleData>
		<SimpleData name="ycoord">3151604.600</SimpleData>
	</SchemaData></ExtendedData>
      <Polygon><outerBoundaryIs><LinearRing><coordinates>77.240642575,28.4880165020001,0 77.242268526,28.4850319820001,0 77.2428973460001,28.484289786,0 77.242942262,28.4835633770001,0 77.2440022740001,28.482931713,0 77.2443077010001,28.4823947960001,0 77.244837707,28.4819921060001,0 77.2448646570001,28.481589414,0 77.2444154990001,28.481320952,0 77.2452329660001,28.4800970740001,0 77.2455024610001,28.479994425,0 77.2458348370001,28.4787231540001,0 77.2449814380001,28.4780677730001,0 77.2429871780001,28.477538727,0 77.2426907340001,28.4773255280001,0 77.2415319070001,28.476291115,0 77.2400856200001,28.475398827,0 77.2389267930001,28.4744433600001,0 77.2376422020001,28.472927229,0 77.23658219,28.472074396,0 77.2346957280001,28.471174175,0 77.2340669070001,28.470297637,0 77.2330697770001,28.466570296,0 77.233195541,28.464667091,0 77.2331416420001,28.4637747040001,0 77.232926047,28.463624656,0 77.2335548670001,28.461855654,0 77.233366221,28.461184372,0 77.233707581,28.4604499070001,0 77.2331416420001,28.4598733880001,0 77.2330428280001,28.4578752890001,0 77.2332674070001,28.4571565960001,0 77.233977076,28.456793299,0 77.2331506260001,28.456998641,0 77.2324409570001,28.457401426,0 77.2314887420001,28.4573698350001,0 77.2310485680001,28.4568959700001,0 77.2308689050001,28.456864379,0 77.230554494,28.456880174,0 77.2298178760001,28.457267164,0 77.226898351,28.4572908580001,0 77.2237362810001,28.457843698,0 77.222496606,28.4583965360001,0 77.220502346,28.459699641,0 77.2196309810001,28.460513087,0 77.2190650420001,28.46116068,0 77.218615884,28.4620214990001,0 77.21783435,28.4626532880001,0 77.21715163,28.4635693760001,0 77.214618381,28.4647539600001,0 77.21319006,28.4656779260001,0 77.212615138,28.4667045460001,0 77.2122647950001,28.4669019720001,0 77.21153716,28.468228664,0 77.2108813900001,28.468244457,0 77.2107825750001,28.469286846,0 77.2094800180001,28.469350021,0 77.2095159500001,28.4704239860001,0 77.20541065,28.470471366,0 77.205311835,28.4715769060001,0 77.2055543800001,28.4715927,0 77.20558133,28.4721217750001,0 77.205778959,28.472098085,0 77.2059316720001,28.473243091,0 77.2056531950001,28.4732588840001,0 77.2056981100001,28.4737800550001,0 77.204799795,28.473819538,0 77.204799795,28.4756830970001,0 77.207135415,28.4771123300001,0 77.208186444,28.4779730180001,0 77.208590686,28.4780677730001,0 77.2096866300001,28.477680859,0 77.210243586,28.477988811,0 77.210486131,28.477830887,0 77.210953255,28.478209904,0 77.2116449580001,28.478367828,0 77.212785818,28.477996707,0 77.2134865040001,28.478265177,0 77.2147441450001,28.4783599310001,0 77.215265168,28.4777282360001,0 77.216379079,28.47550148,0 77.21769062,28.475319863,0 77.2192087720001,28.4732746780001,0 77.2278056500001,28.4759831580001,0 77.2251825690001,28.482655359,0 77.2250568050001,28.4838397290001,0 77.228021245,28.485466242,0 77.2290902400001,28.487037462,0 77.2297280440001,28.4873374910001,0 77.229952623,28.487219059,0 77.230186185,28.4867769100001,0 77.2310845,28.486405819,0 77.231875018,28.485750485,0 77.232656552,28.4856794240001,0 77.233132659,28.486216325,0 77.233429103,28.487037462,0 77.2333213050001,28.487313805,0 77.237327792,28.4881033520001,0 77.237669151,28.4880401880001,0 77.2380913600001,28.4881902010001,0 77.2381991570001,28.4884428550001,0 77.2402113840001,28.4890981720001,0 77.240642575,28.4880165020001,0</coordinates></LinearRing></outerBoundaryIs></Polygon>
  </Placemark>
  <Placemark>
	<Style><LineStyle><color>ff0000ff</color></LineStyle><PolyStyle><fill>0</fill></PolyStyle></Style>
	<ExtendedData><SchemaData schemaUrl="#Final_zoning_delhi">
		<SimpleData name="tessellate">-1</SimpleData>
		<SimpleData name="extrude">0</SimpleData>
		<SimpleData name="visibility">-1</SimpleData>
		<SimpleData name="Ward_Name">SANGAM VIHAR</SimpleData>
		<SimpleData name="Ward_No">178</SimpleData>
		<SimpleData name="internal">0</SimpleData>
		<SimpleData name="Zone_no">292</SimpleData>
		<SimpleData name="ycoord">3152831.617</SimpleData>
	</SchemaData></ExtendedData>
      <Polygon><outerBoundaryIs><LinearRing><coordinates>77.2381991570001,28.4884428550001,0 77.2380913600001,28.4881902010001,0 77.237669151,28.4880401880001,0 77.237327792,28.4881033520001,0 77.2333213050001,28.487313805,0 77.233429103,28.487037462,0 77.233132659,28.486216325,0 77.232656552,28.4856794240001,0 77.231875018,28.485750485,0 77.2310845,28.486405819,0 77.230186185,28.4867769100001,0 77.229952623,28.487219059,0 77.2297280440001,28.4873374910001,0 77.2294316,28.4872585360001,0 77.2290902400001,28.487037462,0 77.228021245,28.485466242,0 77.2250568050001,28.4838397290001,0 77.2251825690001,28.482655359,0 77.2278056500001,28.4759831580001,0 77.2192087720001,28.4732746780001,0 77.21769062,28.475319863,0 77.216379079,28.47550148,0 77.215265168,28.4777282360001,0 77.2147441450001,28.4783599310001,0 77.2134865040001,28.478265177,0 77.212785818,28.477996707,0 77.2116449580001,28.478367828,0 77.210953255,28.478209904,0 77.210486131,28.477830887,0 77.210243586,28.477988811,0 77.2096866300001,28.477680859,0 77.208590686,28.4780677730001,0 77.208186444,28.4779730180001,0 77.207135415,28.4771123300001,0 77.207342027,28.478881077,0 77.2084020400001,28.478699466,0 77.2095788330001,28.480768235,0 77.2100998550001,28.480531355,0 77.2109981710001,28.4811156580001,0 77.2112766480001,28.481676269,0 77.2126331040001,28.480712963,0 77.2129025990001,28.480799819,0 77.2131451440001,28.481044594,0 77.214169224,28.481478871,0 77.2144926170001,28.4819131470001,0 77.2150765220001,28.482236878,0 77.2151394040001,28.4836660220001,0 77.2154358480001,28.4840213310001,0 77.2169989170001,28.484273995,0 77.2181128280001,28.4840529140001,0 77.218229609,28.484953025,0 77.221786937,28.4877796380001,0 77.2216971060001,28.488782357,0 77.2241764560001,28.4886560310001,0 77.22415849,28.4898403340001,0 77.2256047770001,28.4897534850001,0 77.2263413960001,28.4905824900001,0 77.227715818,28.490543014,0 77.227706835,28.4901403550001,0 77.228668032,28.4902350990001,0 77.228685999,28.4908351380001,0 77.230320932,28.4908351380001,0 77.2303658480001,28.492114158,0 77.2312821300001,28.492106263,0 77.2312911130001,28.492319432,0 77.2332674070001,28.4922720610001,0 77.2332674070001,28.4926668160001,0 77.233465036,28.492935249,0 77.233878261,28.4929826200001,0 77.2338153790001,28.4944510930001,0 77.2340219910001,28.494569518,0 77.2337255470001,28.4951142680001,0 77.23607015,28.495082688,0 77.2360971,28.495998495,0 77.236887617,28.495998495,0 77.236887617,28.496559027,0 77.2379835620001,28.496590607,0 77.237929663,28.4952484820001,0 77.2385495,28.495287956,0 77.238540517,28.4947511010001,0 77.239600529,28.494735312,0 77.2395466300001,28.4933457930001,0 77.2392771360001,28.4933457930001,0 77.2392591700001,28.492958935,0 77.239429849,28.491372013,0 77.2390705230001,28.4912772700001,0 77.239420866,28.490503538,0 77.2386662810001,28.489532416,0 77.2381991570001,28.4884428550001,0</coordinates></LinearRing></outerBoundaryIs></Polygon>
  </Placemark>
  <Placemark>
	<Style><LineStyle><color>ff0000ff</color></LineStyle><PolyStyle><fill>0</fill></PolyStyle></Style>
	<ExtendedData><SchemaData schemaUrl="#Final_zoning_delhi">
		<SimpleData name="tessellate">-1</SimpleData>
		<SimpleData name="extrude">0</SimpleData>
		<SimpleData name="visibility">-1</SimpleData>
		<SimpleData name="Ward_Name">MEHRAULI</SimpleData>
		<SimpleData name="Ward_No">170</SimpleData>
		<SimpleData name="internal">1</SimpleData>
		<SimpleData name="Zone_no">23</SimpleData>
		<SimpleData name="ycoord">3156414.440</SimpleData>
	</SchemaData></ExtendedData>
      <Polygon><outerBoundaryIs><LinearRing><coordinates>77.201215517,28.520872228,0 77.2002183870001,28.5202171080001,0 77.1998141450001,28.519719846,0 77.1994458360001,28.518748993,0 77.197694121,28.5168861940001,0 77.1971371660001,28.516530996,0 77.1966520760001,28.515789022,0 77.1965532610001,28.5157021950001,0 77.1956818950001,28.5157811290001,0 77.19444222,28.512497437,0 77.192546775,28.5107213590001,0 77.191801173,28.510255627,0 77.191199302,28.510050388,0 77.1906782790001,28.510113539,0 77.18814503,28.511416006,0 77.1876599400001,28.5111634080001,0 77.1854500840001,28.5130973500001,0 77.1841115940001,28.5116607100001,0 77.1815603790001,28.5110686830001,0 77.179817647,28.509497821,0 77.1777335560001,28.5091899610001,0 77.1769340550001,28.5078874660001,0 77.1749397950001,28.5081163900001,0 77.1743828400001,28.50833742,0 77.1735833390001,28.508976826,0 77.17352944,28.511542305,0 77.173691137,28.5129552650001,0 77.175146408,28.5154338200001,0 77.175793195,28.5177702390001,0 77.176844224,28.517778132,0 77.1768621900001,28.51886739,0 77.177553893,28.5189700010001,0 77.1776706740001,28.5193883360001,0 77.178497124,28.5194751600001,0 77.1786318710001,28.5203828620001,0 77.1789642480001,28.5211800540001,0 77.180392569,28.5214563070001,0 77.181210036,28.521874632,0 77.1822071660001,28.522632349,0 77.1826563230001,28.523413739,0 77.1832581950001,28.524037268,0 77.1841654930001,28.524629222,0 77.184704482,28.5245976520001,0 77.184731432,28.524171445,0 77.1851895730001,28.5241793370001,0 77.1852255050001,28.5238715200001,0 77.1867436580001,28.523934662,0 77.1866538260001,28.524573973,0 77.188154013,28.5246607930001,0 77.1884145240001,28.524345085,0 77.1900045420001,28.524037268,0 77.1911364200001,28.524431905,0 77.1920167690001,28.524431905,0 77.193831366,28.5238478420001,0 77.1970922500001,28.5224034560001,0 77.1995446510001,28.5216299520001,0 77.201215517,28.520872228,0</coordinates></LinearRing></outerBoundaryIs></Polygon>
  </Placemark>
  <Placemark>
	<Style><LineStyle><color>ff0000ff</color></LineStyle><PolyStyle><fill>0</fill></PolyStyle></Style>
	<ExtendedData><SchemaData schemaUrl="#Final_zoning_delhi">
		<SimpleData name="tessellate">-1</SimpleData>
		<SimpleData name="extrude">0</SimpleData>
		<SimpleData name="visibility">-1</SimpleData>
		<SimpleData name="Ward_Name">SANGAM VIHAR WEST</SimpleData>
		<SimpleData name="Ward_No">186</SimpleData>
		<SimpleData name="internal">0</SimpleData>
		<SimpleData name="Zone_no">289</SimpleData>
		<SimpleData name="ycoord">3154009.338</SimpleData>
	</SchemaData></ExtendedData>
      <Polygon><outerBoundaryIs><LinearRing><coordinates>77.2426188690001,28.508692646,0 77.2436339650001,28.508590026,0 77.243687864,28.508961039,0 77.246328911,28.5087400100001,0 77.2464456920001,28.5079742990001,0 77.2496257280001,28.507626965,0 77.2493472500001,28.5054087340001,0 77.2483411370001,28.5030325700001,0 77.2482333390001,28.5028746830001,0 77.2476314680001,28.5028667890001,0 77.2460324670001,28.499772165,0 77.2451970340001,28.500174787,0 77.2441729540001,28.498422185,0 77.243723796,28.498611657,0 77.2435980320001,28.4955879620001,0 77.2429332790001,28.4935431690001,0 77.242169711,28.4921852140001,0 77.242259543,28.4919878360001,0 77.242771582,28.491735191,0 77.24256497,28.491348327,0 77.242636835,28.488687613,0 77.252383556,28.487834906,0 77.2610343320001,28.4878585930001,0 77.262130277,28.4852925380001,0 77.2566236040001,28.4838634160001,0 77.2536232310001,28.482639567,0 77.2528686460001,28.482205295,0 77.251745752,28.4818657710001,0 77.2489519910001,28.480523459,0 77.247415872,28.4802313060001,0 77.2458348370001,28.4787231540001,0 77.2455024610001,28.479994425,0 77.2452329660001,28.4800970740001,0 77.2444154990001,28.481320952,0 77.2448646570001,28.481589414,0 77.244837707,28.4819921060001,0 77.2443077010001,28.4823947960001,0 77.2440022740001,28.482931713,0 77.242942262,28.4835633770001,0 77.2428973460001,28.484289786,0 77.242268526,28.4850319820001,0 77.240642575,28.4880165020001,0 77.2402113840001,28.4890981720001,0 77.2381991570001,28.4884428550001,0 77.2386662810001,28.489532416,0 77.239420866,28.490503538,0 77.2390705230001,28.4912772700001,0 77.239429849,28.491372013,0 77.2392591700001,28.492958935,0 77.2392771360001,28.4933457930001,0 77.2395466300001,28.4933457930001,0 77.239600529,28.494735312,0 77.238540517,28.4947511010001,0 77.2385495,28.495287956,0 77.237929663,28.4952484820001,0 77.2379835620001,28.49843008,0 77.2378218650001,28.498556394,0 77.2382530560001,28.499124808,0 77.2381542420001,28.5021878740001,0 77.2374984720001,28.502195768,0 77.237561354,28.504942978,0 77.2369055830001,28.5047219410001,0 77.2368606680001,28.5058429110001,0 77.2374445730001,28.509284687,0 77.2374715220001,28.5093715190001,0 77.2382261070001,28.509245218,0 77.238208141,28.5090320830001,0 77.238944759,28.509016296,0 77.238944759,28.5088821,0 77.242268526,28.508795267,0 77.2426188690001,28.508692646,0</coordinates></LinearRing></outerBoundaryIs></Polygon>
  </Placemark>
  <Placemark>
	<Style><LineStyle><color>ff0000ff</color></LineStyle><PolyStyle><fill>0</fill></PolyStyle></Style>
	<ExtendedData><SchemaData schemaUrl="#Final_zoning_delhi">
		<SimpleData name="tessellate">-1</SimpleData>
		<SimpleData name="extrude">0</SimpleData>
		<SimpleData name="visibility">-1</SimpleData>
		<SimpleData name="Ward_Name">TIGRI</SimpleData>
		<SimpleData name="Ward_No">179</SimpleData>
		<SimpleData name="internal">1</SimpleData>
		<SimpleData name="Zone_no">25</SimpleData>
		<SimpleData name="ycoord">3154421.427</SimpleData>
	</SchemaData></ExtendedData>
      <Polygon><outerBoundaryIs><LinearRing><coordinates>77.238001528,28.511858052,0 77.2368427010001,28.5061586750001,0 77.2369055830001,28.5047219410001,0 77.237561354,28.504942978,0 77.2374984720001,28.502195768,0 77.2381542420001,28.5021878740001,0 77.2382530560001,28.499124808,0 77.2378218650001,28.498556394,0 77.2379835620001,28.49843008,0 77.2379745790001,28.496590607,0 77.236887617,28.496559027,0 77.236887617,28.495998495,0 77.2360971,28.495998495,0 77.23607015,28.495082688,0 77.2337255470001,28.4951142680001,0 77.2340219910001,28.494569518,0 77.2338153790001,28.4944510930001,0 77.233878261,28.4929826200001,0 77.233465036,28.492935249,0 77.2332674070001,28.4926668160001,0 77.2332674070001,28.4922720610001,0 77.2312911130001,28.492319432,0 77.2312821300001,28.492106263,0 77.2303658480001,28.492114158,0 77.230320932,28.4908351380001,0 77.228685999,28.4908351380001,0 77.228668032,28.4902350990001,0 77.227706835,28.4901403550001,0 77.227715818,28.490543014,0 77.2263413960001,28.4905824900001,0 77.2256047770001,28.4897534850001,0 77.22415849,28.4898403340001,0 77.2241764560001,28.4886560310001,0 77.2216971060001,28.488782357,0 77.2216791390001,28.489066591,0 77.2219666,28.489058695,0 77.2219666,28.4903930040001,0 77.2228559320001,28.490385109,0 77.2229008480001,28.494182664,0 77.221517443,28.494206349,0 77.221589308,28.495840598,0 77.2212928640001,28.495872177,0 77.22131083,28.496409026,0 77.221921685,28.4964248160001,0 77.2219486340001,28.497403768,0 77.2202777680001,28.4974274530001,0 77.2202598010001,28.498903759,0 77.221149133,28.4995748,0 77.2215713420001,28.499716903,0 77.2215713420001,28.5007431920001,0 77.22364645,28.500758981,0 77.223655433,28.500980026,0 77.2243740850001,28.5009721320001,0 77.2243740850001,28.5012247550001,0 77.2250657880001,28.501232649,0 77.2250927370001,28.5015800050001,0 77.2260808840001,28.5016747380001,0 77.226188682,28.502329973,0 77.2273295430001,28.5019984090001,0 77.2282727740001,28.5019352530001,0 77.228659049,28.502172085,0 77.229207021,28.5020536690001,0 77.229440583,28.502195768,0 77.229737028,28.5021562960001,0 77.2299256740001,28.5024010220001,0 77.2303748310001,28.502203663,0 77.230752124,28.5027404790001,0 77.2316594220001,28.502219451,0 77.231875018,28.5029694150001,0 77.231632473,28.5030720410001,0 77.2326116360001,28.5035378050001,0 77.2326655350001,28.5048087770001,0 77.2333123220001,28.5047456240001,0 77.2333123220001,28.5045719510001,0 77.2337255470001,28.5045482690001,0 77.2336446990001,28.5037904220001,0 77.235324549,28.5043824900001,0 77.2352437,28.5057323930001,0 77.2351448860001,28.505740287,0 77.2353425150001,28.5067033650001,0 77.2351089530001,28.5067665180001,0 77.2352077680001,28.507255947,0 77.234174705,28.5073980390001,0 77.234210638,28.50777695,0 77.2335458840001,28.507792738,0 77.2335548670001,28.50815586,0 77.2337255470001,28.508147966,0 77.2337794460001,28.508463723,0 77.234318435,28.509197855,0 77.2346687780001,28.5093162630001,0 77.2351179360001,28.510752934,0 77.23607015,28.510516121,0 77.23626778,28.5115344110001,0 77.2366360890001,28.511447581,0 77.236779819,28.512118543,0 77.238001528,28.511858052,0</coordinates></LinearRing></outerBoundaryIs></Polygon>
  </Placemark>
  <Placemark>
	<Style><LineStyle><color>ff0000ff</color></LineStyle><PolyStyle><fill>0</fill></PolyStyle></Style>
	<ExtendedData><SchemaData schemaUrl="#Final_zoning_delhi">
		<SimpleData name="tessellate">-1</SimpleData>
		<SimpleData name="extrude">0</SimpleData>
		<SimpleData name="visibility">-1</SimpleData>
		<SimpleData name="Ward_Name">ZAKIR NAGAR</SimpleData>
		<SimpleData name="Ward_No">205</SimpleData>
		<SimpleData name="internal">0</SimpleData>
		<SimpleData name="Zone_no">261</SimpleData>
		<SimpleData name="ycoord">3162678.591</SimpleData>
	</SchemaData></ExtendedData>
      <Polygon><outerBoundaryIs><LinearRing><coordinates>77.2927897770001,28.5683772950001,0 77.2919902770001,28.5677461390001,0 77.289753472,28.566625828,0 77.2887563420001,28.5657421940001,0 77.2884688810001,28.5648348830001,0 77.2866542840001,28.563454178,0 77.2861781770001,28.563817108,0 77.2861422440001,28.564022241,0 77.2858458,28.5639433440001,0 77.285450541,28.5644640670001,0 77.2844893440001,28.564140588,0 77.2845612090001,28.5639038950001,0 77.2840761190001,28.5636987610001,0 77.283078989,28.564858552,0 77.2827286460001,28.5645903020001,0 77.2825938990001,28.5646928680001,0 77.2818123650001,28.5639591230001,0 77.2787311430001,28.563880226,0 77.2787041940001,28.563525186,0 77.2781562210001,28.563398949,0 77.278003508,28.5663891410001,0 77.277266889,28.5671307580001,0 77.27439228,28.570704651,0 77.2724070030001,28.5722193760001,0 77.2675022020001,28.5697184900001,0 77.266603887,28.570996553,0 77.2654989590001,28.5731345130001,0 77.263289103,28.5756984290001,0 77.26792441,28.5788066010001,0 77.2698288390001,28.578467389,0 77.270322912,28.5787750470001,0 77.2704127440001,28.5793114740001,0 77.2723351380001,28.5783963910001,0 77.272928026,28.578317504,0 77.273601763,28.578467389,0 77.27405092,28.5787277150001,0 77.2743743140001,28.5791379240001,0 77.2745090610001,28.5796506830001,0 77.27439228,28.580202882,0 77.2747426230001,28.5804789810001,0 77.2778957100001,28.5777416290001,0 77.2795755590001,28.5765583140001,0 77.2811296450001,28.5759824290001,0 77.282234573,28.5757773180001,0 77.2842198490001,28.575745763,0 77.2853696930001,28.5759272070001,0 77.2870854750001,28.5766293130001,0 77.288801257,28.57281106,0 77.2898343200001,28.5718643650001,0 77.2927897770001,28.5683772950001,0</coordinates></LinearRing></outerBoundaryIs></Polygon>
  </Placemark>
  <Placemark>
	<Style><LineStyle><color>ff0000ff</color></LineStyle><PolyStyle><fill>0</fill></PolyStyle></Style>
	<ExtendedData><SchemaData schemaUrl="#Final_zoning_delhi">
		<SimpleData name="tessellate">-1</SimpleData>
		<SimpleData name="extrude">0</SimpleData>
		<SimpleData name="visibility">-1</SimpleData>
		<SimpleData name="Ward_Name">NAJAFGARH</SimpleData>
		<SimpleData name="Ward_No">138</SimpleData>
		<SimpleData name="internal">0</SimpleData>
		<SimpleData name="Zone_no">231</SimpleData>
		<SimpleData name="ycoord">3166676.645</SimpleData>
	</SchemaData></ExtendedData>
      <Polygon><outerBoundaryIs><LinearRing><coordinates>76.9864642650001,28.619969381,0 76.985862394,28.6192991070001,0 76.98690444,28.618549972,0 76.986302569,28.617690431,0 76.985889344,28.6178639170001,0 76.9855929,28.6172961440001,0 76.9844969550001,28.6178008310001,0 76.9837423700001,28.6169491700001,0 76.9836884710001,28.615064451,0 76.9849011970001,28.6144335750001,0 76.9858354450001,28.613392622,0 76.9858444280001,28.612769622,0 76.9856018830001,28.6120519840001,0 76.9856827310001,28.6107586480001,0 76.9853773040001,28.609220818,0 76.9855749330001,28.6081009490001,0 76.9847933990001,28.607470031,0 76.984272376,28.606665606,0 76.9836884710001,28.6061450920001,0 76.9834010100001,28.606137205,0 76.9828889710001,28.605324883,0 76.9827632060001,28.6048674560001,0 76.9809306430001,28.6049936430001,0 76.9808767440001,28.604835909,0 76.9799604630001,28.6049068890001,0 76.979969446,28.6059637,0 76.9770499210001,28.6060267930001,0 76.9770499210001,28.6055693690001,0 76.9754958360001,28.607083592,0 76.9754239710001,28.6065551940001,0 76.973303946,28.606602513,0 76.9728547890001,28.6067523580001,0 76.97263021,28.606294937,0 76.9713815520001,28.6065630800001,0 76.971651046,28.6072018900001,0 76.9713546020001,28.607304415,0 76.9720642710001,28.608992114,0 76.971839693,28.6090867500001,0 76.9714624,28.610285472,0 76.9705910340001,28.610048883,0 76.970537135,28.610175064,0 76.9705730680001,28.6109479180001,0 76.9710761250001,28.6121939350001,0 76.969854416,28.6126513300001,0 76.969890348,28.614252197,0 76.9717229120001,28.6142285390001,0 76.9713276530001,28.61627099,0 76.973366829,28.6159476710001,0 76.973411744,28.616996484,0 76.974759217,28.616972827,0 76.9747682,28.6178008310001,0 76.9745975210001,28.6181635730001,0 76.9749748130001,28.618313401,0 76.975432954,28.618754999,0 76.9756844820001,28.6192360220001,0 76.9765378820001,28.6190388810001,0 76.9767444940001,28.619512018,0 76.9771846690001,28.619377963,0 76.9773733150001,28.619504132,0 76.9774092470001,28.620213833,0 76.977741624,28.620245375,0 76.977912304,28.6211364370001,0 76.9789633330001,28.621081239,0 76.9789633330001,28.620813132,0 76.980032328,28.620773705,0 76.980041311,28.620884102,0 76.981182172,28.6202690320001,0 76.980616233,28.619267564,0 76.9819547230001,28.618747113,0 76.9824577790001,28.6201665200001,0 76.9828350720001,28.620079779,0 76.9828979540001,28.620340002,0 76.9843172920001,28.6203005740001,0 76.985287472,28.620182291,0 76.9852784890001,28.6200324660001,0 76.9864642650001,28.619969381,0</coordinates></LinearRing></outerBoundaryIs></Polygon>
  </Placemark>
  <Placemark>
	<Style><LineStyle><color>ff0000ff</color></LineStyle><PolyStyle><fill>0</fill></PolyStyle></Style>
	<ExtendedData><SchemaData schemaUrl="#Final_zoning_delhi">
		<SimpleData name="tessellate">-1</SimpleData>
		<SimpleData name="extrude">0</SimpleData>
		<SimpleData name="visibility">-1</SimpleData>
		<SimpleData name="Ward_Name">JAHANGIR PURI -II</SimpleData>
		<SimpleData name="Ward_No">20</SimpleData>
		<SimpleData name="internal">0</SimpleData>
		<SimpleData name="Zone_no">45</SimpleData>
		<SimpleData name="ycoord">3180376.898</SimpleData>
	</SchemaData></ExtendedData>
      <Polygon><outerBoundaryIs><LinearRing><coordinates>77.1692085440001,28.7383199430001,0 77.173394693,28.7369809040001,0 77.1721640010001,28.7359805510001,0 77.1692175270001,28.734263389,0 77.1690109140001,28.7345784670001,0 77.16740293,28.7336647390001,0 77.1692714260001,28.7311519450001,0 77.169729567,28.7314197690001,0 77.1728646870001,28.727205397,0 77.169729567,28.725409314,0 77.1633694940001,28.7339640640001,0 77.162965252,28.7342555120001,0 77.1627496570001,28.7347517590001,0 77.162803556,28.7352007430001,0 77.163171865,28.7352558810001,0 77.1632167810001,28.735775754,0 77.1634593260001,28.7358151380001,0 77.1634503430001,28.7377449460001,0 77.164294759,28.739383285,0 77.1692085440001,28.7383199430001,0</coordinates></LinearRing></outerBoundaryIs></Polygon>
  </Placemark>
  <Placemark>
	<Style><LineStyle><color>ff0000ff</color></LineStyle><PolyStyle><fill>0</fill></PolyStyle></Style>
	<ExtendedData><SchemaData schemaUrl="#Final_zoning_delhi">
		<SimpleData name="tessellate">-1</SimpleData>
		<SimpleData name="extrude">0</SimpleData>
		<SimpleData name="visibility">-1</SimpleData>
		<SimpleData name="Ward_Name">KUNWAR SINGH NAGAR</SimpleData>
		<SimpleData name="Ward_No">121</SimpleData>
		<SimpleData name="internal">0</SimpleData>
		<SimpleData name="Zone_no">182</SimpleData>
		<SimpleData name="ycoord">3170405.021</SimpleData>
	</SchemaData></ExtendedData>
      <Polygon><outerBoundaryIs><LinearRing><coordinates>77.0523916240001,28.6603198990001,0 77.0523017930001,28.6590902180001,0 77.048232424,28.653446113,0 77.0467861370001,28.6533436330001,0 77.046750204,28.6514359180001,0 77.0485558180001,28.6514516840001,0 77.0521850120001,28.6505135800001,0 77.056155565,28.647123723,0 77.0566765880001,28.646453622,0 77.0572335430001,28.6453183830001,0 77.0574581220001,28.644332922,0 77.0571167630001,28.6404934770001,0 77.0572874420001,28.6398785220001,0 77.057610836,28.6394764340001,0 77.0558950540001,28.6380020990001,0 77.0577904990001,28.6350533660001,0 77.058149825,28.635108557,0 77.0589852580001,28.6336656990001,0 77.0581138920001,28.632664359,0 77.057107779,28.6325460900001,0 77.056658622,28.631931088,0 77.0556704750001,28.6325618590001,0 77.0553560650001,28.632372628,0 77.054727244,28.6327432050001,0 77.0545475810001,28.6325618590001,0 77.0543499510001,28.6326801280001,0 77.0533707880001,28.632065127,0 77.054161305,28.631205697,0 77.0540624910001,28.6309928100001,0 77.0480617440001,28.625197375,0 77.0472083450001,28.6257099090001,0 77.0464986760001,28.625891267,0 77.042114897,28.6263880280001,0 77.0408752220001,28.626774396,0 77.0408752220001,28.626955751,0 77.040282334,28.626955751,0 77.0402284350001,28.627215957,0 77.0395816480001,28.6272790370001,0 77.0395277490001,28.627468277,0 77.0373268770001,28.6283198530001,0 77.0349104090001,28.6290137240001,0 77.035584145,28.630488186,0 77.038180276,28.6305197250001,0 77.0381982430001,28.63127666,0 77.039608598,28.631284544,0 77.0396535130001,28.6339731950001,0 77.040614711,28.6339653100001,0 77.0406416600001,28.6350454820001,0 77.0421687960001,28.6350375970001,0 77.042186762,28.635952187,0 77.044279837,28.635928533,0 77.0442978030001,28.636890421,0 77.0449445900001,28.6368746520001,0 77.0449625570001,28.6377024990001,0 77.04631003,28.637678846,0 77.046345962,28.6403515650001,0 77.047864115,28.640335797,0 77.0478820810001,28.64147109,0 77.0480527610001,28.641463206,0 77.0466244400001,28.642882306,0 77.0468580020001,28.643213427,0 77.0477742840001,28.6431976590001,0 77.0477742840001,28.643631268,0 77.0475047890001,28.643631268,0 77.047522755,28.645815052,0 77.0468310530001,28.645815052,0 77.046840036,28.646642828,0 77.0456812090001,28.6466585950001,0 77.0456901920001,28.6471316070001,0 77.04348932,28.64713949,0 77.042608971,28.64857428,0 77.0415759080001,28.649599118,0 77.041405228,28.649977517,0 77.0407314920001,28.6498356180001,0 77.0397253790001,28.6495439350001,0 77.0396984290001,28.648069741,0 77.0401745360001,28.648069741,0 77.0401745360001,28.647021238,0 77.040417081,28.6468872180001,0 77.0403901320001,28.645893888,0 77.038755198,28.6459254220001,0 77.0387821480001,28.6470370050001,0 77.036383646,28.6470527720001,0 77.0363477130001,28.6482037590001,0 77.0343444700001,28.646839916,0 77.0308590070001,28.64384413,0 77.0289276290001,28.6425748360001,0 77.0251008060001,28.644553666,0 77.0250738560001,28.6444275260001,0 77.024175541,28.64443541,0 77.0240587600001,28.6444511770001,0 77.0240587600001,28.6446482700001,0 77.022684338,28.6446719210001,0 77.0227292530001,28.645617961,0 77.0213458480001,28.645625845,0 77.0213458480001,28.6460830940001,0 77.0273106610001,28.649575468,0 77.030400866,28.6511363560001,0 77.0304188320001,28.6560001870001,0 77.0297720450001,28.6559923040001,0 77.0301762870001,28.658830091,0 77.0307961250001,28.6606982590001,0 77.039905042,28.6605563740001,0 77.0429143980001,28.6621328630001,0 77.048268357,28.6620855690001,0 77.0482593740001,28.661447093,0 77.0485558180001,28.6616205070001,0 77.0485468350001,28.6610372060001,0 77.049624813,28.661013558,0 77.0495439650001,28.6612973270001,0 77.0524095900001,28.661155443,0 77.0523916240001,28.6603198990001,0</coordinates></LinearRing></outerBoundaryIs></Polygon>
  </Placemark>
  <Placemark>
	<Style><LineStyle><color>ff0000ff</color></LineStyle><PolyStyle><fill>0</fill></PolyStyle></Style>
	<ExtendedData><SchemaData schemaUrl="#Final_zoning_delhi">
		<SimpleData name="tessellate">-1</SimpleData>
		<SimpleData name="extrude">0</SimpleData>
		<SimpleData name="visibility">-1</SimpleData>
		<SimpleData name="Ward_Name">VIKAS NAGAR</SimpleData>
		<SimpleData name="Ward_No">124</SimpleData>
		<SimpleData name="internal">0</SimpleData>
		<SimpleData name="Zone_no">195</SimpleData>
		<SimpleData name="ycoord">3169708.803</SimpleData>
	</SchemaData></ExtendedData>
      <Polygon><outerBoundaryIs><LinearRing><coordinates>77.0814251740001,28.638159783,0 77.0806975390001,28.635542199,0 77.0806346570001,28.6348720240001,0 77.0808502520001,28.633642045,0 77.0782451380001,28.63389435,0 77.078460734,28.6359127650001,0 77.0768796990001,28.6360704520001,0 77.076457491,28.632932435,0 77.073789494,28.631442238,0 77.068714013,28.6318128180001,0 77.068740962,28.6326249360001,0 77.0660280500001,28.632782628,0 77.0661268650001,28.6345014550001,0 77.0654171960001,28.635494893,0 77.0644020990001,28.6354712400001,0 77.059434416,28.6336735830001,0 77.0589852580001,28.6336656990001,0 77.058149825,28.635108557,0 77.0577904990001,28.6350533660001,0 77.0558950540001,28.6380020990001,0 77.057610836,28.6394764340001,0 77.058149825,28.638995504,0 77.0585001680001,28.6389639670001,0 77.0623000420001,28.6417233760001,0 77.0707981040001,28.6490472840001,0 77.073421185,28.6466822460001,0 77.073987124,28.64635902,0 77.0738793260001,28.6461382790001,0 77.0738703430001,28.644640386,0 77.0740140730001,28.644640386,0 77.073861359,28.6404304050001,0 77.076223929,28.640343681,0 77.0762418950001,28.6385855280001,0 77.0800238020001,28.6385382230001,0 77.0814251740001,28.638159783,0</coordinates></LinearRing></outerBoundaryIs></Polygon>
  </Placemark>
  <Placemark>
	<Style><LineStyle><color>ff0000ff</color></LineStyle><PolyStyle><fill>0</fill></PolyStyle></Style>
	<ExtendedData><SchemaData schemaUrl="#Final_zoning_delhi">
		<SimpleData name="tessellate">-1</SimpleData>
		<SimpleData name="extrude">0</SimpleData>
		<SimpleData name="visibility">-1</SimpleData>
		<SimpleData name="Ward_Name">VIKAS PURI</SimpleData>
		<SimpleData name="Ward_No">123</SimpleData>
		<SimpleData name="internal">0</SimpleData>
		<SimpleData name="Zone_no">207</SimpleData>
		<SimpleData name="ycoord">3168439.065</SimpleData>
	</SchemaData></ExtendedData>
      <Polygon><outerBoundaryIs><LinearRing><coordinates>77.070205216,28.6266955450001,0 77.0594972980001,28.622571582,0 77.0540624910001,28.6213335740001,0 77.051142966,28.6209393,0 77.051214831,28.6248110010001,0 77.0486905650001,28.6245507890001,0 77.0479449630001,28.6249450490001,0 77.0480437780001,28.625181604,0 77.0498134590001,28.626955751,0 77.0540624910001,28.6309928100001,0 77.054161305,28.631205697,0 77.0533707880001,28.632065127,0 77.0543499510001,28.6326801280001,0 77.0545475810001,28.6325618590001,0 77.054727244,28.6327432050001,0 77.0553560650001,28.632372628,0 77.0556704750001,28.6325618590001,0 77.056658622,28.631931088,0 77.057107779,28.6325460900001,0 77.0581138920001,28.632664359,0 77.0589403430001,28.6336656990001,0 77.059434416,28.6336735830001,0 77.0618868170001,28.6346433750001,0 77.0619496990001,28.634525109,0 77.06240784,28.634730104,0 77.0651477010001,28.629210846,0 77.0657226230001,28.629463161,0 77.06688145,28.6293764280001,0 77.0684984170001,28.629999329,0 77.070205216,28.6266955450001,0</coordinates></LinearRing></outerBoundaryIs></Polygon>
  </Placemark>
  <Placemark>
	<Style><LineStyle><color>ff0000ff</color></LineStyle><PolyStyle><fill>0</fill></PolyStyle></Style>
	<ExtendedData><SchemaData schemaUrl="#Final_zoning_delhi">
		<SimpleData name="tessellate">-1</SimpleData>
		<SimpleData name="extrude">0</SimpleData>
		<SimpleData name="visibility">-1</SimpleData>
		<SimpleData name="Ward_Name">MAHAVIR NAGAR</SimpleData>
		<SimpleData name="Ward_No">113</SimpleData>
		<SimpleData name="internal">0</SimpleData>
		<SimpleData name="Zone_no">199</SimpleData>
		<SimpleData name="ycoord">3169088.257</SimpleData>
	</SchemaData></ExtendedData>
      <Polygon><outerBoundaryIs><LinearRing><coordinates>77.0829433270001,28.6401465800001,0 77.0829163770001,28.640044087,0 77.0841560530001,28.639105881,0 77.086006582,28.6379153730001,0 77.0867611670001,28.6388930100001,0 77.0891686520001,28.6374028980001,0 77.088315252,28.636464668,0 77.0876055830001,28.6361177580001,0 77.0873001560001,28.636338519,0 77.086545571,28.6354081650001,0 77.087354055,28.6353608580001,0 77.0881176230001,28.6337918510001,0 77.070205216,28.6266955450001,0 77.0684984170001,28.629999329,0 77.06688145,28.6293764280001,0 77.0657226230001,28.629463161,0 77.0651477010001,28.629210846,0 77.06240784,28.634730104,0 77.0644020990001,28.6354712400001,0 77.0654171960001,28.635494893,0 77.0661268650001,28.6345014550001,0 77.0660280500001,28.632782628,0 77.068740962,28.6326249360001,0 77.068714013,28.6318128180001,0 77.0738972920001,28.631458008,0 77.076457491,28.632932435,0 77.0768796990001,28.6360704520001,0 77.078460734,28.6359127650001,0 77.0782451380001,28.63389435,0 77.0808502520001,28.633642045,0 77.0806346570001,28.6348720240001,0 77.0810748310001,28.6371348330001,0 77.082287557,28.640343681,0 77.0829433270001,28.6401465800001,0</coordinates></LinearRing></outerBoundaryIs></Polygon>
  </Placemark>
  <Placemark>
	<Style><LineStyle><color>ff0000ff</color></LineStyle><PolyStyle><fill>0</fill></PolyStyle></Style>
	<ExtendedData><SchemaData schemaUrl="#Final_zoning_delhi">
		<SimpleData name="tessellate">-1</SimpleData>
		<SimpleData name="extrude">0</SimpleData>
		<SimpleData name="visibility">-1</SimpleData>
		<SimpleData name="Ward_Name">DARYAGANJ</SimpleData>
		<SimpleData name="Ward_No">153</SimpleData>
		<SimpleData name="internal">0</SimpleData>
		<SimpleData name="Zone_no">197</SimpleData>
		<SimpleData name="ycoord">3169539.422</SimpleData>
	</SchemaData></ExtendedData>
      <Polygon><outerBoundaryIs><LinearRing><coordinates>77.2513504930001,28.6511205900001,0 77.2573422560001,28.641959893,0 77.2575937840001,28.6413134110001,0 77.257423105,28.6402096520001,0 77.2572703910001,28.6340993470001,0 77.255833087,28.632372628,0 77.2550156200001,28.6310716570001,0 77.254350866,28.628824487,0 77.2532728880001,28.6229658500001,0 77.253533399,28.6216805330001,0 77.254413748,28.6203873150001,0 77.254961721,28.618739227,0 77.255940884,28.613763265,0 77.2540544220001,28.613400508,0 77.252419488,28.613258559,0 77.251431342,28.6132901030001,0 77.2502096330001,28.613621317,0 77.2490597890001,28.614252197,0 77.2484848670001,28.6147805570001,0 77.247676384,28.6160186430001,0 77.246059416,28.620789476,0 77.245277882,28.622059033,0 77.243580066,28.6240934460001,0 77.2421876770001,28.625252571,0 77.24088512,28.6260095430001,0 77.2412713960001,28.6265930390001,0 77.241388177,28.6276732870001,0 77.2409210530001,28.633003396,0 77.241109699,28.639113765,0 77.2405347770001,28.64147109,0 77.2401574850001,28.648329894,0 77.2390615400001,28.6498198510001,0 77.2403551140001,28.6502849660001,0 77.2438675270001,28.650316499,0 77.245619242,28.650891976,0 77.2513504930001,28.6511205900001,0</coordinates></LinearRing></outerBoundaryIs></Polygon>
  </Placemark>
  <Placemark>
	<Style><LineStyle><color>ff0000ff</color></LineStyle><PolyStyle><fill>0</fill></PolyStyle></Style>
	<ExtendedData><SchemaData schemaUrl="#Final_zoning_delhi">
		<SimpleData name="tessellate">-1</SimpleData>
		<SimpleData name="extrude">0</SimpleData>
		<SimpleData name="visibility">-1</SimpleData>
		<SimpleData name="Ward_Name">BALJIT NAGAR</SimpleData>
		<SimpleData name="Ward_No">93</SimpleData>
		<SimpleData name="internal">0</SimpleData>
		<SimpleData name="Zone_no">156</SimpleData>
		<SimpleData name="ycoord">3171762.602</SimpleData>
	</SchemaData></ExtendedData>
      <Polygon><outerBoundaryIs><LinearRing><coordinates>77.1571262030001,28.6522872990001,0 77.1544222740001,28.653895445,0 77.1546648190001,28.6542501800001,0 77.157521462,28.6570564830001,0 77.1576112930001,28.6569145930001,0 77.157898754,28.6569145930001,0 77.158806053,28.6573796760001,0 77.158976733,28.657253552,0 77.159407924,28.6572614350001,0 77.160297256,28.6580102940001,0 77.160458953,28.658238892,0 77.159515722,28.6586566730001,0 77.160288273,28.659484348,0 77.1605937,28.659334578,0 77.1611596390001,28.659854829,0 77.1618603250001,28.659271518,0 77.1626059260001,28.6597996510001,0 77.1623993140001,28.6592794,0 77.1628125390001,28.658901035,0 77.163710854,28.658483254,0 77.1635850900001,28.65767922,0 77.164258826,28.657198373,0 77.1620399880001,28.654368424,0 77.1609979420001,28.6538796790001,0 77.159039615,28.653249036,0 77.1581502830001,28.652697221,0 77.1571262030001,28.6522872990001,0</coordinates></LinearRing></outerBoundaryIs></Polygon>
  </Placemark>
  <Placemark>
	<Style><LineStyle><color>ff0000ff</color></LineStyle><PolyStyle><fill>0</fill></PolyStyle></Style>
	<ExtendedData><SchemaData schemaUrl="#Final_zoning_delhi">
		<SimpleData name="tessellate">-1</SimpleData>
		<SimpleData name="extrude">0</SimpleData>
		<SimpleData name="visibility">-1</SimpleData>
		<SimpleData name="Ward_Name">NILOTHI</SimpleData>
		<SimpleData name="Ward_No">32</SimpleData>
		<SimpleData name="internal">0</SimpleData>
		<SimpleData name="Zone_no">140</SimpleData>
		<SimpleData name="ycoord">3173227.816</SimpleData>
	</SchemaData></ExtendedData>
      <Polygon><outerBoundaryIs><LinearRing><coordinates>77.060180018,28.667366638,0 77.060287815,28.6659715160001,0 77.0614825750001,28.6624323940001,0 77.0640337900001,28.658089121,0 77.064473965,28.6576871030001,0 77.0643931160001,28.6555429800001,0 77.059533231,28.655574512,0 77.0595511970001,28.6565519850001,0 77.052939596,28.656646578,0 77.0530923100001,28.657182607,0 77.0543769010001,28.6593976390001,0 77.0523916240001,28.6603198990001,0 77.0524095900001,28.661155443,0 77.0495439650001,28.6612973270001,0 77.049624813,28.661013558,0 77.0485468350001,28.6610372060001,0 77.0485558180001,28.6616205070001,0 77.0482593740001,28.661447093,0 77.048268357,28.6620855690001,0 77.0429143980001,28.6621328630001,0 77.043498303,28.6624796880001,0 77.043561185,28.6636778,0 77.04312101,28.664198029,0 77.0429143980001,28.6656956420001,0 77.0430491450001,28.6670434760001,0 77.0435252520001,28.667839557,0 77.0455374780001,28.6702119990001,0 77.0455105290001,28.671039583,0 77.044989506,28.6708031310001,0 77.044989506,28.6714573130001,0 77.044306787,28.6714336680001,0 77.0443337360001,28.6734434790001,0 77.044414584,28.6741291700001,0 77.0446930620001,28.674121289,0 77.0446930620001,28.675807913,0 77.0458069730001,28.675666049,0 77.0460225690001,28.6791022690001,0 77.0465256250001,28.6790943880001,0 77.0464627430001,28.6821995,0 77.056389127,28.682073406,0 77.0592817020001,28.6821995,0 77.0675192530001,28.682144334,0 77.0662975450001,28.680205619,0 77.062928862,28.6766196900001,0 77.0564160770001,28.6691400720001,0 77.054736227,28.667169588,0 77.0530833270001,28.664820723,0 77.050945337,28.6630393340001,0 77.050945337,28.6617860380001,0 77.0541433390001,28.661336739,0 77.0541792720001,28.6625506290001,0 77.054906907,28.6625348640001,0 77.055302166,28.6628895700001,0 77.0557962390001,28.6625663940001,0 77.056191498,28.6630945100001,0 77.05622743,28.6656010560001,0 77.0585450840001,28.66557741,0 77.0585720330001,28.6673981660001,0 77.060180018,28.667366638,0</coordinates></LinearRing></outerBoundaryIs></Polygon>
  </Placemark>
  <Placemark>
	<Style><LineStyle><color>ff0000ff</color></LineStyle><PolyStyle><fill>0</fill></PolyStyle></Style>
	<ExtendedData><SchemaData schemaUrl="#Final_zoning_delhi">
		<SimpleData name="tessellate">-1</SimpleData>
		<SimpleData name="extrude">0</SimpleData>
		<SimpleData name="visibility">-1</SimpleData>
		<SimpleData name="Ward_Name">PRATAP VIHAR</SimpleData>
		<SimpleData name="Ward_No">36</SimpleData>
		<SimpleData name="internal">0</SimpleData>
		<SimpleData name="Zone_no">106</SimpleData>
		<SimpleData name="ycoord">3175389.877</SimpleData>
	</SchemaData></ExtendedData>
      <Polygon><outerBoundaryIs><LinearRing><coordinates>77.059200854,28.686360521,0 77.0395636820001,28.6880548290001,0 77.0424652400001,28.691514284,0 77.043695932,28.6926569030001,0 77.0429503300001,28.6926726630001,0 77.0430132130001,28.6959743690001,0 77.043327623,28.6965732350001,0 77.0459237540001,28.6954385380001,0 77.0472712270001,28.694595388,0 77.0476664860001,28.69403591,0 77.0502087180001,28.693295189,0 77.0533618050001,28.6916403660001,0 77.0550865700001,28.689938236,0 77.055984885,28.69062382,0 77.0570448970001,28.691695528,0 77.058464235,28.690647461,0 77.0582127070001,28.6903716520001,0 77.0591200060001,28.689583623,0 77.0585450840001,28.6888113480001,0 77.059236787,28.6884252090001,0 77.059200854,28.686360521,0</coordinates></LinearRing></outerBoundaryIs></Polygon>
  </Placemark>
  <Placemark>
	<Style><LineStyle><color>ff0000ff</color></LineStyle><PolyStyle><fill>0</fill></PolyStyle></Style>
	<ExtendedData><SchemaData schemaUrl="#Final_zoning_delhi">
		<SimpleData name="tessellate">-1</SimpleData>
		<SimpleData name="extrude">0</SimpleData>
		<SimpleData name="visibility">-1</SimpleData>
		<SimpleData name="Ward_Name">PREM NAGAR</SimpleData>
		<SimpleData name="Ward_No">33</SimpleData>
		<SimpleData name="internal">0</SimpleData>
		<SimpleData name="Zone_no">73</SimpleData>
		<SimpleData name="ycoord">3177105.439</SimpleData>
	</SchemaData></ExtendedData>
      <Polygon><outerBoundaryIs><LinearRing><coordinates>77.066441275,28.7014113180001,0 77.065740589,28.7006312510001,0 77.0639619250001,28.7017264950001,0 77.0638451440001,28.7015373890001,0 77.062084446,28.7024435180001,0 77.06072799,28.700678528,0 77.05839237,28.7023962420001,0 77.0574940550001,28.70138768,0 77.0566047230001,28.702073188,0 77.0544308,28.7031447790001,0 77.0541163890001,28.703412674,0 77.0538738440001,28.704003619,0 77.053442653,28.7045000100001,0 77.052571287,28.7051382230001,0 77.0517717870001,28.7061231120001,0 77.050675842,28.7076437630001,0 77.050163802,28.708707417,0 77.0511609320001,28.709235301,0 77.0511878820001,28.712150432,0 77.0518436520001,28.712150432,0 77.0518077190001,28.710543181,0 77.0552662330001,28.7103619700001,0 77.0552303,28.708841358,0 77.0580689770001,28.7087940850001,0 77.0580420270001,28.7083449880001,0 77.059371534,28.7081165,0 77.0590211910001,28.707454668,0 77.0634139530001,28.7043030290001,0 77.0628749630001,28.703538743,0 77.066441275,28.7014113180001,0</coordinates></LinearRing></outerBoundaryIs></Polygon>
  </Placemark>
  <Placemark>
	<Style><LineStyle><color>ff0000ff</color></LineStyle><PolyStyle><fill>0</fill></PolyStyle></Style>
	<ExtendedData><SchemaData schemaUrl="#Final_zoning_delhi">
		<SimpleData name="tessellate">-1</SimpleData>
		<SimpleData name="extrude">0</SimpleData>
		<SimpleData name="visibility">-1</SimpleData>
		<SimpleData name="Ward_Name">SHASTRI NAGAR</SimpleData>
		<SimpleData name="Ward_No">73</SimpleData>
		<SimpleData name="internal">0</SimpleData>
		<SimpleData name="Zone_no">131</SimpleData>
		<SimpleData name="ycoord">3173756.126</SimpleData>
	</SchemaData></ExtendedData>
      <Polygon><outerBoundaryIs><LinearRing><coordinates>77.194037978,28.6728838880001,0 77.1919628700001,28.66854893,0 77.187740788,28.6696681550001,0 77.185414151,28.669912491,0 77.181551396,28.6700386,0 77.1734396090001,28.67163071,0 77.171463315,28.672458282,0 77.169729567,28.672820836,0 77.1692085440001,28.6733961900001,0 77.1679329360001,28.6758946080001,0 77.171966372,28.677368411,0 77.1726311250001,28.6775339170001,0 77.1756764140001,28.6776836600001,0 77.180087142,28.6790628640001,0 77.1803566360001,28.678400848,0 77.1799523940001,28.676824604,0 77.181749025,28.6763753700001,0 77.181614278,28.675918252,0 77.1824137780001,28.6757606250001,0 77.184596684,28.6748621460001,0 77.1844529540001,28.674483837,0 77.1853243200001,28.674176459,0 77.1852973700001,28.673837555,0 77.1855938140001,28.673790266,0 77.1861597530001,28.673987304,0 77.1871389170001,28.6738690810001,0 77.1875970580001,28.6733725450001,0 77.1877946870001,28.6721114910001,0 77.1886660530001,28.6717568170001,0 77.1897530140001,28.6742001040001,0 77.1914418470001,28.673608991,0 77.191801173,28.6744917180001,0 77.193705601,28.6738533180001,0 77.194037978,28.673333137,0 77.194037978,28.6728838880001,0</coordinates></LinearRing></outerBoundaryIs></Polygon>
  </Placemark>
  <Placemark>
	<Style><LineStyle><color>ff0000ff</color></LineStyle><PolyStyle><fill>0</fill></PolyStyle></Style>
	<ExtendedData><SchemaData schemaUrl="#Final_zoning_delhi">
		<SimpleData name="tessellate">-1</SimpleData>
		<SimpleData name="extrude">0</SimpleData>
		<SimpleData name="visibility">-1</SimpleData>
		<SimpleData name="Ward_Name">VISHNU GARDEN</SimpleData>
		<SimpleData name="Ward_No">107</SimpleData>
		<SimpleData name="internal">0</SimpleData>
		<SimpleData name="Zone_no">178</SimpleData>
		<SimpleData name="ycoord">3170788.357</SimpleData>
	</SchemaData></ExtendedData>
      <Polygon><outerBoundaryIs><LinearRing><coordinates>77.0998226710001,28.6449557340001,0 77.099472328,28.6450424550001,0 77.099508261,28.6442540840001,0 77.098358417,28.644277736,0 77.0983763840001,28.644632503,0 77.0972534890001,28.6445615490001,0 77.0959509320001,28.6448217110001,0 77.0959329660001,28.644419643,0 77.094666341,28.6444590610001,0 77.092160042,28.6456652630001,0 77.0939117570001,28.6481485750001,0 77.0941093860001,28.6519167910001,0 77.0962653430001,28.652192702,0 77.0982146870001,28.6528075840001,0 77.0981338380001,28.650576646,0 77.099346564,28.650576646,0 77.099202834,28.6493232010001,0 77.0993824970001,28.6493232010001,0 77.0993824970001,28.64892115,0 77.0998945360001,28.6489132660001,0 77.0998226710001,28.6449557340001,0</coordinates></LinearRing></outerBoundaryIs></Polygon>
  </Placemark>
  <Placemark>
	<Style><LineStyle><color>ff0000ff</color></LineStyle><PolyStyle><fill>0</fill></PolyStyle></Style>
	<ExtendedData><SchemaData schemaUrl="#Final_zoning_delhi">
		<SimpleData name="tessellate">-1</SimpleData>
		<SimpleData name="extrude">0</SimpleData>
		<SimpleData name="visibility">-1</SimpleData>
		<SimpleData name="Ward_Name">TUKHMIR PUR</SimpleData>
		<SimpleData name="Ward_No">270</SimpleData>
		<SimpleData name="internal">0</SimpleData>
		<SimpleData name="Zone_no">57</SimpleData>
		<SimpleData name="ycoord">3178462.087</SimpleData>
	</SchemaData></ExtendedData>
      <Polygon><outerBoundaryIs><LinearRing><coordinates>77.258339386,28.718547679,0 77.258581931,28.7178544,0 77.2589951560001,28.7179725730001,0 77.2592826170001,28.7174604890001,0 77.2604594100001,28.717815009,0 77.260683989,28.7167987170001,0 77.261690102,28.7173817070001,0 77.2615733210001,28.7175077590001,0 77.2629926590001,28.7184295060001,0 77.26376521,28.7182561870001,0 77.2650587840001,28.7175629060001,0 77.2652653970001,28.7178701560001,0 77.2656696390001,28.717523515,0 77.2679423770001,28.716341776,0 77.2675740670001,28.7155618200001,0 77.2648162390001,28.717153238,0 77.2632621540001,28.7133716120001,0 77.262884861,28.712867385,0 77.2618428160001,28.7119849810001,0 77.262067395,28.711362567,0 77.2621392600001,28.7104880300001,0 77.262031462,28.7091407550001,0 77.2602977130001,28.709408636,0 77.2592017690001,28.710172879,0 77.2594173640001,28.710944996,0 77.260333646,28.710527423,0 77.26128586,28.710385606,0 77.2611331470001,28.7110946920001,0 77.2598395730001,28.7115595340001,0 77.257225475,28.7121898250001,0 77.258105824,28.718571313,0 77.258339386,28.718547679,0</coordinates></LinearRing></outerBoundaryIs></Polygon>
  </Placemark>
  <Placemark>
	<Style><LineStyle><color>ff0000ff</color></LineStyle><PolyStyle><fill>0</fill></PolyStyle></Style>
	<ExtendedData><SchemaData schemaUrl="#Final_zoning_delhi">
		<SimpleData name="tessellate">-1</SimpleData>
		<SimpleData name="extrude">0</SimpleData>
		<SimpleData name="visibility">-1</SimpleData>
		<SimpleData name="Ward_Name">RAJ NAGAR</SimpleData>
		<SimpleData name="Ward_No">142</SimpleData>
		<SimpleData name="internal">0</SimpleData>
		<SimpleData name="Zone_no">262</SimpleData>
		<SimpleData name="ycoord">3162469.430</SimpleData>
	</SchemaData></ExtendedData>
      <Polygon><outerBoundaryIs><LinearRing><coordinates>77.0811107640001,28.576013984,0 77.0855394580001,28.574799093,0 77.0851352160001,28.573308072,0 77.084344699,28.573426408,0 77.0843896150001,28.5739786400001,0 77.083473333,28.5740259740001,0 77.0834553670001,28.5734027410001,0 77.0858808180001,28.572716391,0 77.0846950420001,28.5703969690001,0 77.082718748,28.570838768,0 77.080284314,28.5717933620001,0 77.0801316,28.573797192,0 77.0811107640001,28.576013984,0</coordinates></LinearRing></outerBoundaryIs></Polygon>
  </Placemark>
  <Placemark>
	<Style><LineStyle><color>ff0000ff</color></LineStyle><PolyStyle><fill>0</fill></PolyStyle></Style>
	<ExtendedData><SchemaData schemaUrl="#Final_zoning_delhi">
		<SimpleData name="tessellate">-1</SimpleData>
		<SimpleData name="extrude">0</SimpleData>
		<SimpleData name="visibility">-1</SimpleData>
		<SimpleData name="Ward_Name">Extra_6</SimpleData>
		<SimpleData name="internal">0</SimpleData>
		<SimpleData name="Zone_no">267</SimpleData>
		<SimpleData name="ycoord">3161310.891</SimpleData>
	</SchemaData></ExtendedData>
      <Polygon><outerBoundaryIs><LinearRing><coordinates>77.2870854750001,28.5766293130001,0 77.2975418650001,28.5802581020001,0 77.299230698,28.5799583370001,0 77.2992396810001,28.5792010330001,0 77.2997876530001,28.5783727250001,0 77.299832569,28.5771184180001,0 77.300075114,28.576140206,0 77.299967316,28.575067317,0 77.2990330690001,28.572235155,0 77.299051035,28.5713752350001,0 77.2999583330001,28.569150456,0 77.3063902710001,28.561828867,0 77.3097589530001,28.557489322,0 77.316720896,28.5509323260001,0 77.3175832790001,28.5496776910001,0 77.3126874610001,28.546268798,0 77.3113938870001,28.545156149,0 77.3102530260001,28.5435305560001,0 77.3091570820001,28.544193422,0 77.307917407,28.5426704020001,0 77.3071718050001,28.542907143,0 77.3066956980001,28.5433569480001,0 77.305321276,28.5429387080001,0 77.3052943260001,28.5424967920001,0 77.304072617,28.5425599230001,0 77.3011351260001,28.54158139,0 77.3008656320001,28.5421258970001,0 77.2999763,28.5418023500001,0 77.2968142300001,28.5474051080001,0 77.2982156020001,28.5479653680001,0 77.2989342540001,28.5480916230001,0 77.29929358,28.548359915,0 77.299769687,28.5481863140001,0 77.2985300120001,28.550285284,0 77.3007308840001,28.5512874080001,0 77.2974161010001,28.5562978890001,0 77.2964728700001,28.5580968690001,0 77.2959877800001,28.5597064570001,0 77.2953589590001,28.5646376400001,0 77.29516133,28.564898,0 77.2935623280001,28.5657421940001,0 77.293400632,28.565994661,0 77.2940384360001,28.5666100490001,0 77.294595391,28.5668940730001,0 77.2939845370001,28.5678329240001,0 77.2927897770001,28.5683772950001,0 77.2898343200001,28.5718643650001,0 77.288801257,28.57281106,0 77.2870854750001,28.5766293130001,0</coordinates></LinearRing></outerBoundaryIs></Polygon>
  </Placemark>
  <Placemark>
	<Style><LineStyle><color>ff0000ff</color></LineStyle><PolyStyle><fill>0</fill></PolyStyle></Style>
	<ExtendedData><SchemaData schemaUrl="#Final_zoning_delhi">
		<SimpleData name="tessellate">-1</SimpleData>
		<SimpleData name="extrude">0</SimpleData>
		<SimpleData name="visibility">-1</SimpleData>
		<SimpleData name="Ward_Name">Extra_2</SimpleData>
		<SimpleData name="internal">0</SimpleData>
		<SimpleData name="Zone_no">95</SimpleData>
		<SimpleData name="ycoord">3175875.177</SimpleData>
	</SchemaData></ExtendedData>
      <Polygon><outerBoundaryIs><LinearRing><coordinates>77.248763345,28.6737981480001,0 77.2432684767858,28.673775341517,0 77.234084873,28.669045489,0 77.232351125,28.672915415,0 77.2319019670001,28.676146811,0 77.2308419550001,28.6812616720001,0 77.2306083930001,28.683555003,0 77.229503466,28.6902928490001,0 77.2292519370001,28.694650547,0 77.2289734600001,28.6956512950001,0 77.2289195610001,28.6965732350001,0 77.2292788870001,28.6993705250001,0 77.2303029660001,28.70345995,0 77.2302400840001,28.704058774,0 77.2296561790001,28.7040981700001,0 77.2298987240001,28.7054376300001,0 77.2300694040001,28.7081558940001,0 77.2314608811477,28.7123280798983,0 77.241109699,28.7090462090001,0 77.2544317150001,28.705153981,0 77.2539376410001,28.7031368990001,0 77.252311691,28.698897749,0 77.25319204,28.698771675,0 77.2531111910001,28.6978497540001,0 77.2525991510001,28.696864787,0 77.252895596,28.69674659,0 77.252015247,28.6948475450001,0 77.2523925390001,28.6947766260001,0 77.251907449,28.692877545,0 77.252527286,28.6926175030001,0 77.2517906680001,28.690765664,0 77.2524284720001,28.690403173,0 77.2519882970001,28.689599383,0 77.2511528640001,28.6890241180001,0 77.2509462510001,28.688307003,0 77.2503084480001,28.687613523,0 77.250964218,28.685903447,0 77.250757605,28.6853912070001,0 77.2501108180001,28.6853281620001,0 77.249949121,28.685154788,0 77.249976071,28.68460314,0 77.249814374,28.6843903610001,0 77.2497964080001,28.684256389,0 77.251305577,28.683964802,0 77.2505150600001,28.6814508140001,0 77.2503713300001,28.680576027,0 77.2508384540001,28.680505098,0 77.250389296,28.678653045,0 77.250865403,28.6784638980001,0 77.2507126890001,28.6778491650001,0 77.2510181170001,28.6777545910001,0 77.250865403,28.6766118090001,0 77.2481794400001,28.674192222,0 77.2480626590001,28.6739006070001,0 77.248763345,28.6737981480001,0</coordinates></LinearRing></outerBoundaryIs></Polygon>
  </Placemark>
  <Placemark>
	<Style><LineStyle><color>ff0000ff</color></LineStyle><PolyStyle><fill>0</fill></PolyStyle></Style>
	<ExtendedData><SchemaData schemaUrl="#Final_zoning_delhi">
		<SimpleData name="tessellate">-1</SimpleData>
		<SimpleData name="extrude">0</SimpleData>
		<SimpleData name="visibility">-1</SimpleData>
		<SimpleData name="Ward_Name">Extra_3</SimpleData>
		<SimpleData name="internal">0</SimpleData>
		<SimpleData name="Zone_no">165</SimpleData>
		<SimpleData name="ycoord">3171465.285</SimpleData>
	</SchemaData></ExtendedData>
      <Polygon><outerBoundaryIs><LinearRing><coordinates>77.266028965,28.628130614,0 77.254350866,28.628824487,0 77.2550156200001,28.6310716570001,0 77.255833087,28.632372628,0 77.2572703910001,28.6340993470001,0 77.257423105,28.6402096520001,0 77.2575937840001,28.6412266880001,0 77.25749497,28.641644537,0 77.2514493080001,28.6509944580001,0 77.251134898,28.651278254,0 77.250766588,28.652232117,0 77.2493292840001,28.6544551370001,0 77.2484848670001,28.656465274,0 77.2482782550001,28.6582940700001,0 77.2475596030001,28.6589246830001,0 77.2446760110001,28.6608953210001,0 77.244128038,28.6609110860001,0 77.244029224,28.661518035,0 77.243858544,28.6616520370001,0 77.2465445060001,28.662731923,0 77.241558857,28.663496508,0 77.2405168110001,28.6639063860001,0 77.2389896750001,28.6649783670001,0 77.235090987,28.6671774700001,0 77.234084873,28.669045489,0 77.2432684767858,28.673775341517,0 77.248763345,28.6737981480001,0 77.2479279120001,28.6724188740001,0 77.250721673,28.6691400720001,0 77.251880499,28.668391292,0 77.252859663,28.6680917790001,0 77.252617118,28.6675558060001,0 77.252895596,28.6672168800001,0 77.252626101,28.666081865,0 77.252796781,28.6654512960001,0 77.253102208,28.665112363,0 77.2523745730001,28.6624954530001,0 77.2545395120001,28.661896391,0 77.25498867,28.6612263850001,0 77.2557252890001,28.6612421500001,0 77.2577105650001,28.660296251,0 77.2586987120001,28.6595237610001,0 77.2607378880001,28.656835765,0 77.2629657100001,28.6532805690001,0 77.264331149,28.650489931,0 77.265687605,28.6484402620001,0 77.2664062570001,28.6459333060001,0 77.2664421900001,28.6450976400001,0 77.2660828640001,28.6431109370001,0 77.266630836,28.6431897750001,0 77.2666937180001,28.6422042940001,0 77.267008129,28.642220062,0 77.266972196,28.639791797,0 77.2674303370001,28.639791797,0 77.2676369490001,28.637860183,0 77.2679333930001,28.63789172,0 77.2678345790001,28.63552643,0 77.2683466180001,28.6342176140001,0 77.2680411910001,28.6342649210001,0 77.268014242,28.633050704,0 77.267681865,28.633003396,0 77.2682028880001,28.6317497410001,0 77.2671608420001,28.6313397370001,0 77.2679603430001,28.6291398820001,0 77.266028965,28.628130614,0</coordinates></LinearRing></outerBoundaryIs></Polygon>
  </Placemark>
  <Placemark>
	<Style><LineStyle><color>ff0000ff</color></LineStyle><PolyStyle><fill>0</fill></PolyStyle></Style>
	<ExtendedData><SchemaData schemaUrl="#Final_zoning_delhi">
		<SimpleData name="tessellate">-1</SimpleData>
		<SimpleData name="extrude">0</SimpleData>
		<SimpleData name="visibility">-1</SimpleData>
		<SimpleData name="Ward_Name">Extra_4</SimpleData>
		<SimpleData name="internal">0</SimpleData>
		<SimpleData name="Zone_no">221</SimpleData>
		<SimpleData name="ycoord">3167462.657</SimpleData>
	</SchemaData></ExtendedData>
      <Polygon><outerBoundaryIs><LinearRing><coordinates>77.2731885380001,28.6040078030001,0 77.262336889,28.600711088,0 77.259929404,28.603203351,0 77.258842443,28.604899002,0 77.2577464980001,28.607154571,0 77.256821233,28.6099069300001,0 77.254961721,28.618739227,0 77.254413748,28.6203873150001,0 77.253533399,28.6216805330001,0 77.2532728880001,28.6229658500001,0 77.254350866,28.628824487,0 77.266028965,28.628130614,0 77.2694245970001,28.628099075,0 77.269442563,28.6277442520001,0 77.2692179840001,28.6277363670001,0 77.2692269670001,28.6268453610001,0 77.269505445,28.6263249470001,0 77.270466642,28.625402389,0 77.2712212270001,28.6254733550001,0 77.2717692,28.6246138710001,0 77.272011745,28.6233443450001,0 77.2728381950001,28.62109701,0 77.2733232850001,28.620190177,0 77.273440066,28.6188023120001,0 77.274176685,28.6192202510001,0 77.2750480500001,28.6170832280001,0 77.2761529780001,28.617753517,0 77.2764045070001,28.6167835680001,0 77.276781799,28.616744139,0 77.276754849,28.6163577340001,0 77.277527401,28.6153956590001,0 77.277805878,28.6155691490001,0 77.280743369,28.6109715760001,0 77.2782999520001,28.608440065,0 77.2765302710001,28.607241322,0 77.2745449940001,28.6062476170001,0 77.2748324550001,28.6055141620001,0 77.2735658300001,28.604662402,0 77.2737993920001,28.604488894,0 77.2731885380001,28.6040078030001,0</coordinates></LinearRing></outerBoundaryIs></Polygon>
  </Placemark>
  <Placemark>
	<Style><LineStyle><color>ff0000ff</color></LineStyle><PolyStyle><fill>0</fill></PolyStyle></Style>
	<ExtendedData><SchemaData schemaUrl="#Final_zoning_delhi">
		<SimpleData name="tessellate">-1</SimpleData>
		<SimpleData name="extrude">0</SimpleData>
		<SimpleData name="visibility">-1</SimpleData>
		<SimpleData name="Ward_Name">Extra 5</SimpleData>
		<SimpleData name="internal">0</SimpleData>
		<SimpleData name="Zone_no">251</SimpleData>
		<SimpleData name="ycoord">3164527.705</SimpleData>
	</SchemaData></ExtendedData>
      <Polygon><outerBoundaryIs><LinearRing><coordinates>77.2975418650001,28.5802581020001,0 77.2870854750001,28.5766293130001,0 77.2853696930001,28.5759272070001,0 77.2842198490001,28.575745763,0 77.282234573,28.5757773180001,0 77.2811296450001,28.5759824290001,0 77.2795755590001,28.5765583140001,0 77.2778957100001,28.5777416290001,0 77.2747426230001,28.5804789810001,0 77.27439228,28.580202882,0 77.2745090610001,28.579595463,0 77.274311432,28.5790353720001,0 77.2739700720001,28.578672494,0 77.2734580320001,28.5784121680001,0 77.2727753130001,28.5783096160001,0 77.2722363240001,28.5784200570001,0 77.2704127440001,28.5793114740001,0 77.270358845,28.5788302670001,0 77.2699635860001,28.578498944,0 77.269469513,28.5784595010001,0 77.2679693260001,28.578822379,0 77.2661816790001,28.5777258520001,0 77.266828466,28.5790984810001,0 77.2668643980001,28.579745346,0 77.2666488030001,28.580518424,0 77.2658672680001,28.5815518140001,0 77.2641065700001,28.582853399,0 77.264340132,28.5831452670001,0 77.2637472440001,28.5835160170001,0 77.263953857,28.5837526660001,0 77.264025722,28.584218073,0 77.2636394460001,28.5847386950001,0 77.263253171,28.585661611,0 77.2619506140001,28.5853539730001,0 77.261420608,28.588375093,0 77.260881618,28.5905205870001,0 77.261007383,28.591222596,0 77.261384675,28.5920508030001,0 77.2617799340001,28.5928080150001,0 77.261995529,28.592910553,0 77.2623279060001,28.593904385,0 77.262579434,28.5940621350001,0 77.2626243500001,28.59433031,0 77.262031462,28.5964914570001,0 77.2622919730001,28.596562443,0 77.261007383,28.600080126,0 77.262336889,28.600711088,0 77.2731885380001,28.6040078030001,0 77.2740868530001,28.6032270110001,0 77.2738712570001,28.6030061800001,0 77.2748055050001,28.6024225530001,0 77.274895337,28.602525083,0 77.2758655170001,28.602249042,0 77.2761619610001,28.602099191,0 77.276081113,28.6019887740001,0 77.2765751860001,28.60174428,0 77.2757936520001,28.600569122,0 77.2794857280001,28.5995359180001,0 77.2792072500001,28.5990626920001,0 77.2798450540001,28.5987393190001,0 77.2797462390001,28.598352848,0 77.2804199760001,28.5982029910001,0 77.280132515,28.5971066660001,0 77.283186787,28.596728076,0 77.2851900300001,28.595868357,0 77.2850013840001,28.595576524,0 77.285657154,28.595245253,0 77.2851900300001,28.594219885,0 77.2864117390001,28.5938412850001,0 77.2872022560001,28.592374196,0 77.2870585260001,28.592145455,0 77.287786161,28.5920192520001,0 77.287516667,28.5903707200001,0 77.2883700660001,28.5901577490001,0 77.2890258360001,28.5902681790001,0 77.2897714380001,28.588509188,0 77.2907056860001,28.588217334,0 77.2918016300001,28.5876651770001,0 77.293068255,28.5867422790001,0 77.2949816670001,28.5844941610001,0 77.295906931,28.582332767,0 77.296212359,28.5821355570001,0 77.296859146,28.582182888,0 77.29729932,28.5812283880001,0 77.2975418650001,28.5802581020001,0</coordinates></LinearRing></outerBoundaryIs></Polygon>
  </Placemark>
  <Placemark>
	<Style><LineStyle><color>ff0000ff</color></LineStyle><PolyStyle><fill>0</fill></PolyStyle></Style>
	<ExtendedData><SchemaData schemaUrl="#Final_zoning_delhi">
		<SimpleData name="Ward_Name">Extra_1</SimpleData>
		<SimpleData name="internal">0</SimpleData>
		<SimpleData name="Zone_no">41</SimpleData>
		<SimpleData name="ycoord">3180701.557</SimpleData>
	</SchemaData></ExtendedData>
      <Polygon><outerBoundaryIs><LinearRing><coordinates>77.2356569250001,28.760907736,0 77.2424122560001,28.7578994630001,0 77.2425290370001,28.7571040670001,0 77.2432566730001,28.7548280990001,0 77.2431578580001,28.752284312,0 77.247137395,28.7409585880001,0 77.2474518050001,28.73928089,0 77.2457000900001,28.729552863,0 77.241109699,28.7090462090001,0 77.2314608811477,28.7123280798983,0 77.232342142,28.7151048740001,0 77.2334470700001,28.7180277200001,0 77.233842328,28.717704714,0 77.2340579240001,28.718011964,0 77.234174705,28.719107025,0 77.2336267330001,28.7209741180001,0 77.233608766,28.7215728410001,0 77.2337255470001,28.7217934220001,0 77.2341387720001,28.72195098,0 77.2349113240001,28.72195098,0 77.2348394580001,28.723959822,0 77.2345070820001,28.7241488870001,0 77.235189801,28.725598377,0 77.235198784,28.726055278,0 77.2346418290001,28.729781304,0 77.2343903010001,28.730049132,0 77.233878261,28.731537926,0 77.2333213050001,28.735547325,0 77.2338872440001,28.7364846670001,0 77.235288616,28.7369966570001,0 77.235665908,28.7368863830001,0 77.2357198070001,28.736973027,0 77.2344442,28.738808294,0 77.23441725,28.739217877,0 77.2333482550001,28.7416753420001,0 77.232899097,28.7422897,0 77.2324589230001,28.744589569,0 77.232342142,28.746605851,0 77.232827232,28.748149541,0 77.232997912,28.748204673,0 77.2331775750001,28.748771736,0 77.232926047,28.749512065,0 77.2329080800001,28.750646175,0 77.233608766,28.7527174690001,0 77.23424657,28.7536625330001,0 77.2342375870001,28.7557573930001,0 77.2339860590001,28.7557022660001,0 77.2348035260001,28.758600351,0 77.2353335320001,28.7597422370001,0 77.2356569250001,28.760907736,0</coordinates></LinearRing></outerBoundaryIs></Polygon>
  </Placemark>
</Folder>
</Document></kml>
